Round,Counsel. Rank,Quota,Category,State,Institute,Course,Fee,Stipend Year 1,Bond Penalty,Bond Years,Beds (Inst.)
1,168,Tel Govt-NS UNR,OPEN-GEN,Telangana,NIMS Hyderabad,RADIO DIAGNOSIS,72000, 99969,5000000,1,1498
1,169,Tel Govt-NS UNR,OPEN-GEN,Telangana,NIMS Hyderabad,GENERAL MEDICINE,72000, 99969,5000000,1,1498
1,194,Tel Govt-NS LOC,OPEN-FEM,Telangana,NIMS Hyderabad,RADIO DIAGNOSIS,72000, 99969,5000000,1,1498
1,282,Tel Govt-NS LOC,OPEN-GEN,Telangana,NIMS Hyderabad,RADIO DIAGNOSIS,72000, 99969,5000000,1,1498
1,291,Tel Govt-NS LOC,BCB-GEN,Telangana,NIMS Hyderabad,RADIO DIAGNOSIS,72000, 99969,5000000,1,1498
1,297,Tel Govt-NS LOC,OPEN-GEN,Telangana,NIMS Hyderabad,GENERAL MEDICINE,72000, 99969,5000000,1,1498
1,436,Tel Govt-NS LOC,OPEN-FEM,Telangana,NIMS Hyderabad,GENERAL MEDICINE,72000, 99969,5000000,1,1498
1,446,Tel Govt-NS LOC,OPEN-GEN,Telangana,Osmania Med Coll Hyderabad,RADIO DIAGNOSIS,10000, 50686,2000000,1,4800
1,469,Tel Govt-NS LOC,OPEN-GEN,Telangana,NIMS Hyderabad,GENERAL MEDICINE,72000, 99969,5000000,1,1498
1,527,Tel Govt-NS LOC,OPEN-FEM,Telangana,Osmania Med Coll Hyderabad,RADIO DIAGNOSIS,10000, 50686,2000000,1,4800
1,633,Tel Govt-NS LOC,OPEN-FEM,Telangana,Gandhi Med Coll Secunderabad,GENERAL MEDICINE,10000, 50686,2000000,1,1200
1,637,Tel Govt-NS LOC,OPEN-GEN,Telangana,Gandhi Med Coll Secunderabad,GENERAL MEDICINE,10000, 50686,2000000,1,1200
1,649,Tel Govt-NS LOC,OPEN-GEN,Telangana,Gandhi Med Coll Secunderabad,GENERAL MEDICINE,10000, 50686,2000000,1,1200
1,685,Tel Govt-NS UNR,OPEN-GEN,Telangana,Osmania Med Coll Hyderabad,DERMATOLOGY,10000, 50686,2000000,1,4800
1,690,Tel Govt-NS LOC,OPEN-GEN,Telangana,Gandhi Med Coll Secunderabad,RADIO DIAGNOSIS,10000, 50686,2000000,1,1200
1,708,Tel Govt-NS LOC,OPEN-FEM,Telangana,Osmania Med Coll Hyderabad,GENERAL MEDICINE,10000, 50686,2000000,1,4800
1,745,Tel Govt-NS LOC,OPEN-GEN,Telangana,Osmania Med Coll Hyderabad,GENERAL MEDICINE,10000, 50686,2000000,1,4800
1,766,Tel Govt-NS LOC,OPEN-GEN,Telangana,Osmania Med Coll Hyderabad,GENERAL MEDICINE,10000, 50686,2000000,1,4800
1,806,Tel Govt-NS UNR,OPEN-GEN,Telangana,Osmania Med Coll Hyderabad,GENERAL SURGERY,10000, 50686,2000000,1,4800
1,833,Tel Govt-NS LOC,BCB-GEN,Telangana,Osmania Med Coll Hyderabad,GENERAL MEDICINE,10000, 50686,2000000,1,4800
1,923,Tel Govt-NS LOC,OPEN-FEM,Telangana,Kakatiya Med Coll Warangal,GENERAL MEDICINE,10000, 50686,2000000,1,1150
1,972,Tel Govt-NS LOC,BCB-FEM,Telangana,Osmania Med Coll Hyderabad,RADIO DIAGNOSIS,10000, 50686,2000000,1,4800
1,995,Tel Govt-NS LOC,BCB-FEM,Telangana,NIMS Hyderabad,GENERAL MEDICINE,72000, 99969,5000000,1,1498
1,1088,Tel Govt-NS LOC,OPEN-GEN,Telangana,Kakatiya Med Coll Warangal,GENERAL MEDICINE,10000, 50686,2000000,1,1150
1,1089,Tel Govt-NS LOC,BCD-GEN,Telangana,NIMS Hyderabad,GENERAL MEDICINE,72000, 99969,5000000,1,1498
1,1179,Tel Govt-NS LOC,OPEN-GEN,Telangana,Kakatiya Med Coll Warangal,RADIO DIAGNOSIS,10000, 50686,2000000,1,1150
1,1199,Tel Govt-NS LOC,OPEN-GEN,Telangana,Osmania Med Coll Hyderabad,DERMATOLOGY,10000, 50686,2000000,1,4800
1,1284,Tel Govt-NS UNR,BCB-FEM,Telangana,Gandhi Med Coll Secunderabad,GENERAL MEDICINE,10000, 50686,2000000,1,1200
1,1323,Tel Govt-NS LOC,OPEN-GEN,Telangana,ESIC Med CollSanath Nagar,DERMATOLOGY, 250000,107800,1000000,2,690
1,1347,Tel Govt-NS UNR,OPEN-FEM,Telangana,Osmania Med Coll Hyderabad,PAEDIATRICS,10000, 50686,2000000,1,4800
1,1364,Tel Govt-NS UNR,OPEN-GEN,Telangana,Gandhi Med Coll Secunderabad,GENERAL SURGERY,10000, 50686,2000000,1,1200
1,1372,Tel Govt-NS LOC,OPEN-FEM,Telangana,Gandhi Med Coll Secunderabad,GENERAL SURGERY,10000, 50686,2000000,1,1200
1,1385,Tel Govt-NS UNR,OPEN-GEN,Telangana,Osmania Med Coll Hyderabad,PAEDIATRICS,10000, 50686,2000000,1,4800
1,1446,Tel Govt-NS LOC,BCD-FEM,Telangana,Osmania Med Coll Hyderabad,GENERAL MEDICINE,10000, 50686,2000000,1,4800
1,1449,Tel Govt-NS UNR,OPEN-GEN,Telangana,Gandhi Med Coll Secunderabad,OBG,10000, 50686,2000000,1,1200
1,1455,Tel Govt-NS LOC,BCD-GEN,Telangana,Kakatiya Med Coll Warangal,RADIO DIAGNOSIS,10000, 50686,2000000,1,1150
1,1492,Tel Govt-NS LOC,BCD-GEN,Telangana,Kakatiya Med Coll Warangal,GENERAL MEDICINE,10000, 50686,2000000,1,1150
1,1551,Tel Govt-NS LOC,OPEN-FEM,Telangana,Gandhi Med Coll Secunderabad,DERMATOLOGY,10000, 50686,2000000,1,1200
1,1656,Tel Govt-NS LOC,BCB-GEN,Telangana,Gandhi Med Coll Secunderabad,RADIO DIAGNOSIS,10000, 50686,2000000,1,1200
1,1744,Tel Govt-NS LOC,BCB-GEN,Telangana,Kakatiya Med Coll Warangal,GENERAL MEDICINE,10000, 50686,2000000,1,1150
1,1763,Tel Govt-NS LOC,SC-GEN,Telangana,NIMS Hyderabad,GENERAL MEDICINE,72000, 99969,5000000,1,1498
1,1792,Tel Govt-NS LOC,OPEN-GEN,Telangana,Gandhi Med Coll Secunderabad,GENERAL SURGERY,10000, 50686,2000000,1,1200
1,1874,Tel Govt-NS LOC,OPEN-GEN,Telangana,Malla Reddy IMS Hyderabad,RADIO DIAGNOSIS,700000,Info not available,2000000,1,940
1,1884,Tel Govt-NS LOC,OPEN-GEN,Telangana,Gandhi Med Coll Secunderabad,GENERAL SURGERY,10000, 50686,2000000,1,1200
1,1964,Tel Govt-NS LOC,OPEN-FEM,Telangana,Osmania Med Coll Hyderabad,PAEDIATRICS,10000, 50686,2000000,1,4800
1,1971,Tel Govt-NS LOC,OPEN-FEM,Telangana,Osmania Med Coll Hyderabad,PAEDIATRICS,10000, 50686,2000000,1,4800
1,1974,Tel Govt-NS LOC,OPEN-GEN,Telangana,Osmania Med Coll Hyderabad,PAEDIATRICS,10000, 50686,2000000,1,4800
1,2014,Tel Govt-NS LOC,OPEN-GEN,Telangana,Malla Reddy IMS Hyderabad,RADIO DIAGNOSIS,700000,Info not available,2000000,1,940
1,2046,Tel Govt-NS UNR,OPEN-GEN,Telangana,NIMS Hyderabad,ANAESTHESIOLOGY,72000, 99969,5000000,1,1498
1,2180,Tel Govt-NS LOC,OPEN-GEN,Telangana,Gandhi Med Coll Secunderabad,GENERAL SURGERY,10000, 50686,2000000,1,1200
1,2248,Tel Govt-NS UNR,ST-GEN,Telangana,Osmania Med Coll Hyderabad,GENERAL MEDICINE,10000, 50686,2000000,1,4800
1,2258,Tel Govt-NS UNR,OPEN-FEM,Telangana,Malla Reddy IMS Hyderabad,RADIO DIAGNOSIS,700000,Info not available,2000000,1,940
1,2289,Tel Govt-NS LOC,OPEN-FEM,Telangana,Gandhi Med Coll Secunderabad,OBG,10000, 50686,2000000,1,1200
1,2386,Tel Govt-NS LOC,OPEN-GEN,Telangana,Govt Med Coll Nizamabad,GENERAL MEDICINE,10000, 50686,2000000,1,500
1,2398,Tel Govt-NS UNR,OPEN-GEN,Telangana,Gandhi Med Coll Secunderabad,PAEDIATRICS,10000, 50686,2000000,1,1200
1,2405,Tel Govt-NS LOC,BCE-GEN,Telangana,Kakatiya Med Coll Warangal,GENERAL MEDICINE,10000, 50686,2000000,1,1150
1,2433,Tel Govt-NS LOC,OPEN-GEN,Telangana,Osmania Med Coll Hyderabad,PAEDIATRICS,10000, 50686,2000000,1,4800
1,2506,Tel Govt-NS LOC,OPEN-GEN,Telangana,Apollo IMSR Hyderabad,ANAESTHESIOLOGY,750000,Info not available,2000000,1,570
1,2565,Tel Govt-NS LOC,OPEN-FEM,Telangana,Osmania Med Coll Hyderabad,DERMATOLOGY,10000, 50686,2000000,1,4800
1,2613,Tel Govt-NS LOC,OPEN-GEN,Telangana,Gandhi Med Coll Secunderabad,DERMATOLOGY,10000, 50686,2000000,1,1200
1,2614,Tel Govt-NS LOC,OPEN-GEN,Telangana,Osmania Med Coll Hyderabad,PAEDIATRICS,10000, 50686,2000000,1,4800
1,2631,Tel Govt-NS LOC,OPEN-GEN,Telangana,Osmania Med Coll Hyderabad,PAEDIATRICS,10000, 50686,2000000,1,4800
1,2724,Tel Govt-NS LOC,OPEN-GEN,Telangana,Rajiv Gandhi IMS Adilabad,GENERAL MEDICINE,10000, 50686,2000000,1,Info Not Availbale
1,2731,Tel Govt-NS LOC,BCB-GEN,Telangana,Govt Med Coll Nizamabad,GENERAL MEDICINE,10000, 50686,2000000,1,500
1,2744,Tel Govt-NS LOC,OPEN-GEN,Telangana,Apollo IMSR Hyderabad,RADIO DIAGNOSIS,750000,Info not available,2000000,1,570
1,2764,Tel Govt-NS LOC,OPEN-FEM,Telangana,Osmania Med Coll Hyderabad,GENERAL SURGERY,10000, 50686,2000000,1,4800
1,2767,Tel Govt-NS UNR,OPEN-FEM,Telangana,Kakatiya Med Coll Warangal,DERMATOLOGY,10000, 50686,2000000,1,1150
1,2793,Tel Govt-NS LOC,OPEN-GEN,Telangana,Osmania Med Coll Hyderabad,PAEDIATRICS,10000, 50686,2000000,1,4800
1,2799,Tel Govt-NS LOC,OPEN-GEN,Telangana,Osmania Med Coll Hyderabad,PAEDIATRICS,10000, 50686,2000000,1,4800
1,2843,Tel Govt-NS LOC,OPEN-GEN,Telangana,Osmania Med Coll Hyderabad,GENERAL SURGERY,10000, 50686,2000000,1,4800
1,2888,Tel Govt-NS LOC,OPEN-FEM,Telangana,SVS Med Coll Mehboobnagar,RADIO DIAGNOSIS,750000,Info not available,2000000,1,760
1,2896,Tel Govt-NS LOC,OPEN-FEM,Telangana,Gandhi Med Coll Secunderabad,PAEDIATRICS,10000, 50686,2000000,1,1200
1,2988,Tel Govt-NS LOC,BCE-GEN,Telangana,Osmania Med Coll Hyderabad,DERMATOLOGY,10000, 50686,2000000,1,4800
1,3020,Tel Govt-NS LOC,BCD-FEM,Telangana,Osmania Med Coll Hyderabad,PAEDIATRICS,10000, 50686,2000000,1,4800
1,3042,Tel Govt-NS LOC,OPEN-GEN,Telangana,Gandhi Med Coll Secunderabad,PAEDIATRICS,10000, 50686,2000000,1,1200
1,3193,Tel Govt-NS LOC,OPEN-FEM,Telangana,Kamineni (KAMSRC) Hyderabad,RADIO DIAGNOSIS,700000,Info not available,2000000,1,650
1,3228,Tel Govt-NS LOC,BCA-FEM,Telangana,Gandhi Med Coll Secunderabad,GENERAL MEDICINE,10000, 50686,2000000,1,1200
1,3242,Tel Govt-NS LOC,OPEN-GEN,Telangana,Kakatiya Med Coll Warangal,PAEDIATRICS,10000, 50686,2000000,1,1150
1,3286,Tel Govt-NS LOC,OPEN-FEM,Telangana,Malla Reddy IMS Hyderabad,GENERAL MEDICINE,700000,Info not available,2000000,1,940
1,3323,Tel Govt-NS LOC,OPEN-FEM,Telangana,Gandhi Med Coll Secunderabad,OBG,10000, 50686,2000000,1,1200
1,3335,Tel Govt-NS LOC,BCA-GEN,Telangana,Osmania Med Coll Hyderabad,PAEDIATRICS,10000, 50686,2000000,1,4800
1,3340,Tel Govt-NS LOC,OPEN-GEN,Telangana,Osmania Med Coll Hyderabad,GENERAL SURGERY,10000, 50686,2000000,1,4800
1,3496,Tel Govt-NS LOC,BCB-FEM,Telangana,Osmania Med Coll Hyderabad,PAEDIATRICS,10000, 50686,2000000,1,4800
1,3557,Tel Govt-NS LOC,OPEN-GEN,Telangana,Malla Reddy IMS Hyderabad,GENERAL MEDICINE,700000,Info not available,2000000,1,940
1,3587,Tel Govt-NS LOC,BCA-FEM,Telangana,Osmania Med Coll Hyderabad,PAEDIATRICS,10000, 50686,2000000,1,4800
1,3596,Tel Govt-NS LOC,OPEN-GEN,Telangana,Gandhi Med Coll Secunderabad,OBG,10000, 50686,2000000,1,1200
1,3602,Tel Govt-NS LOC,BCB-GEN,Telangana,Osmania Med Coll Hyderabad,DERMATOLOGY,10000, 50686,2000000,1,4800
1,3624,Tel Govt-NS LOC,BCB-GEN,Telangana,Osmania Med Coll Hyderabad,PAEDIATRICS,10000, 50686,2000000,1,4800
1,3666,Tel Govt-NS LOC,BCD-FEM,Telangana,Apollo IMSR Hyderabad,RADIO DIAGNOSIS,750000,Info not available,2000000,1,570
1,3674,Tel Govt-NS LOC,BCE-GEN,Telangana,Osmania Med Coll Hyderabad,PAEDIATRICS,10000, 50686,2000000,1,4800
1,3749,Tel Govt-NS LOC,OPEN-GEN,Telangana,Osmania Med Coll Hyderabad,GENERAL SURGERY,10000, 50686,2000000,1,4800
1,3777,Tel Govt-NS LOC,OPEN-GEN,Telangana,Malla Reddy IMS Hyderabad,GENERAL MEDICINE,700000,Info not available,2000000,1,940
1,3824,Tel Govt-NS LOC,OPEN-GEN,Telangana,Gandhi Med Coll Secunderabad,OBG,10000, 50686,2000000,1,1200
1,3844,Tel Govt-NS LOC,BCB-GEN,Telangana,Malla Reddy IMS Hyderabad,RADIO DIAGNOSIS,700000,Info not available,2000000,1,940
1,3875,Tel Govt-NS LOC,BCD-GEN,Telangana,Osmania Med Coll Hyderabad,PAEDIATRICS,10000, 50686,2000000,1,4800
1,3932,Tel Govt-NS LOC,OPEN-GEN,Telangana,Malla Reddy(Women) Hyderabad,RADIO DIAGNOSIS,700000,Info not available,2000000,1,1050
1,3942,Tel Govt-NS UNR,OPEN-GEN,Telangana,Kakatiya Med Coll Warangal,TBRD,10000, 50686,2000000,1,1150
1,4062,Tel Govt-NS LOC,OPEN-GEN,Telangana,Apollo IMSR Hyderabad,GENERAL MEDICINE,750000,Info not available,2000000,1,570
1,4113,Tel Govt-NS LOC,OPEN-GEN,Telangana,Malla Reddy IMS Hyderabad,GENERAL MEDICINE,700000,Info not available,2000000,1,940
1,4146,Tel Govt-NS UNR,OPEN-FEM,Telangana,Kamineni (KAMSRC) Hyderabad,GENERAL MEDICINE,700000,Info not available,2000000,1,650
1,4220,Tel Govt-NS UNR,BCB-GEN,Telangana,Kakatiya Med Coll Warangal,PAEDIATRICS,10000, 50686,2000000,1,1150
1,4229,Tel Govt-NS UNR,OPEN-FEM,Telangana,Osmania Med Coll Hyderabad,OBG,10000, 50686,2000000,1,4800
1,4291,Tel Govt-NS UNR,SC-GEN,Telangana,Mamata Med Coll Khammam,RADIO DIAGNOSIS,750000,Info not available,2000000,1,1080
1,4330,Tel Govt-NS UNR,OPEN-GEN,Telangana,Osmania Med Coll Hyderabad,OBG,10000, 50686,2000000,1,4800
1,4333,Tel Govt-NS LOC,OPEN-GEN,Telangana,ESIC Med CollSanath Nagar,PAEDIATRICS, 250000,107800,1000000,2,690
1,4339,Tel Govt-NS LOC,OPEN-GEN,Telangana,ESIC Med CollSanath Nagar,OBG, 250000,107800,1000000,2,690
1,4341,Tel Govt-NS LOC,OPEN-FEM,Telangana,Osmania Med Coll Hyderabad,OBG,10000, 50686,2000000,1,4800
1,4394,Tel Govt-NS LOC,BCA-GEN,Telangana,Kamineni (KAMSRC) Hyderabad,RADIO DIAGNOSIS,700000,Info not available,2000000,1,650
1,4420,Tel Govt-NS LOC,BCD-GEN,Telangana,Kakatiya Med Coll Warangal,PAEDIATRICS,10000, 50686,2000000,1,1150
1,4502,Tel Govt-NS LOC,OPEN-FEM,Telangana,Osmania Med Coll Hyderabad,GENERAL SURGERY,10000, 50686,2000000,1,4800
1,4504,Tel Govt-NS LOC,OPEN-FEM,Telangana,Osmania Med Coll Hyderabad,OBG,10000, 50686,2000000,1,4800
1,4519,Tel Govt-NS LOC,OPEN-FEM,Telangana,Osmania Med Coll Hyderabad,OBG,10000, 50686,2000000,1,4800
1,4536,Tel Govt-NS LOC,OPEN-GEN,Telangana,Rajiv Gandhi IMS Adilabad,DERMATOLOGY,10000, 50686,2000000,1,Info Not Availbale
1,4574,Tel Govt-NS LOC,OPEN-GEN,Telangana,Osmania Med Coll Hyderabad,OBG,10000, 50686,2000000,1,4800
1,4575,Tel Govt-NS UNR,SC-GEN,Telangana,Osmania Med Coll Hyderabad,PAEDIATRICS,10000, 50686,2000000,1,4800
1,4576,Tel Govt-NS LOC,OPEN-GEN,Telangana,Kamineni (KAMSRC) Hyderabad,GENERAL MEDICINE,700000,Info not available,2000000,1,650
1,4579,Tel Govt-NS LOC,BCB-GEN,Telangana,Gandhi Med Coll Secunderabad,OBG,10000, 50686,2000000,1,1200
1,4619,Tel Govt-NS LOC,BCB-GEN,Telangana,Gandhi Med Coll Secunderabad,PAEDIATRICS,10000, 50686,2000000,1,1200
1,4641,Tel Govt-NS LOC,OPEN-GEN,Telangana,Osmania Med Coll Hyderabad,OBG,10000, 50686,2000000,1,4800
1,4645,Tel Govt-NS LOC,OPEN-GEN,Telangana,Osmania Med Coll Hyderabad,GENERAL SURGERY,10000, 50686,2000000,1,4800
1,4729,Tel Govt-NS UNR,OPEN-FEM,Telangana,Kakatiya Med Coll Warangal,GENERAL SURGERY,10000, 50686,2000000,1,1150
1,4796,Tel Govt-NS LOC,OPEN-GEN,Telangana,Osmania Med Coll Hyderabad,OBG,10000, 50686,2000000,1,4800
1,4851,Tel Govt-NS LOC,OPEN-GEN,Telangana,Osmania Med Coll Hyderabad,OBG,10000, 50686,2000000,1,4800
1,4872,Tel Govt-NS LOC,BCD-GEN,Telangana,Osmania Med Coll Hyderabad,GENERAL SURGERY,10000, 50686,2000000,1,4800
1,4930,Tel Govt-NS LOC,OPEN-GEN,Telangana,Osmania Med Coll Hyderabad,OBG,10000, 50686,2000000,1,4800
1,4980,Tel Govt-NS LOC,SC-GEN,Telangana,Gandhi Med Coll Secunderabad,RADIO DIAGNOSIS,10000, 50686,2000000,1,1200
1,4997,Tel Govt-NS LOC,BCB-GEN,Telangana,Gandhi Med Coll Secunderabad,GENERAL SURGERY,10000, 50686,2000000,1,1200
1,5042,Tel Govt-NS LOC,OPEN-GEN,Telangana,Kamineni (KAMSRC) Hyderabad,PAEDIATRICS,700000,Info not available,2000000,1,650
1,5043,Tel Govt-NS LOC,OPEN-GEN,Telangana,CAIMS Karimnagar,RADIO DIAGNOSIS,775000,Info not available,2000000,1,1000
1,5068,Tel Govt-NS LOC,OPEN-GEN,Telangana,Mamata Med Coll Khammam,RADIO DIAGNOSIS,750000,Info not available,2000000,1,1080
1,5095,Tel Govt-NS LOC,SC-GEN,Telangana,Gandhi Med Coll Secunderabad,GENERAL MEDICINE,10000, 50686,2000000,1,1200
1,5129,Tel Govt-NS LOC,ST-GEN,Telangana,NIMS Hyderabad,RADIO DIAGNOSIS,72000, 99969,5000000,1,1498
1,5246,Tel Govt-NS LOC,OPEN-GEN,Telangana,ESIC Med CollSanath Nagar,GENERAL SURGERY, 250000,107800,1000000,2,690
1,5249,Tel Govt-NS LOC,OPEN-FEM,Telangana,Gandhi Med Coll Secunderabad,TBRD,10000, 50686,2000000,1,1200
1,5330,Tel Govt-NS UNR,OPEN-GEN,Telangana,Kakatiya Med Coll Warangal,OBG,10000, 50686,2000000,1,1150
1,5458,Tel Govt-NS LOC,BCA-GEN,Telangana,Rajiv Gandhi IMS Adilabad,GENERAL MEDICINE,10000, 50686,2000000,1,Info Not Availbale
1,5493,Tel Govt-NS LOC,OPEN-GEN,Telangana,Prathima IMS Karimnagar,GENERAL MEDICINE,750000,Info not available,2000000,1,1060
1,5570,Tel Govt-NS LOC,OPEN-FEM,Telangana,NIMS Hyderabad,ANAESTHESIOLOGY,72000, 99969,5000000,1,1498
1,5633,Tel Govt-NS LOC,OPEN-GEN,Telangana,Osmania Med Coll Hyderabad,OBG,10000, 50686,2000000,1,4800
1,5636,Tel Govt-NS LOC,OPEN-FEM,Telangana,Kakatiya Med Coll Warangal,OBG,10000, 50686,2000000,1,1150
1,5649,Tel Govt-NS LOC,BCD-GEN,Telangana,Gandhi Med Coll Secunderabad,DERMATOLOGY,10000, 50686,2000000,1,1200
1,5665,Tel Govt-NS LOC,BCB-GEN,Telangana,Govt Med Coll Nizamabad,TBRD,10000, 50686,2000000,1,500
1,5679,Tel Govt-NS UNR,OPEN-GEN,Telangana,Osmania Med Coll Hyderabad,ORTHOPAEDICS,10000, 50686,2000000,1,4800
1,5780,Tel Govt-NS LOC,OPEN-GEN,Telangana,Kakatiya Med Coll Warangal,OBG,10000, 50686,2000000,1,1150
1,5789,Tel Govt-NS LOC,BCE-GEN,Telangana,Osmania Med Coll Hyderabad,GENERAL SURGERY,10000, 50686,2000000,1,4800
1,5811,Tel Govt-NS LOC,OPEN-GEN,Telangana,NIMS Hyderabad,ORTHOPAEDICS,72000, 99969,5000000,1,1498
1,5815,Tel Govt-NS LOC,BCB-GEN,Telangana,Malla Reddy IMS Hyderabad,GENERAL MEDICINE,700000,Info not available,2000000,1,940
1,5820,Tel Govt-NS LOC,OPEN-GEN,Telangana,Prathima IMS Karimnagar,RADIO DIAGNOSIS,750000,Info not available,2000000,1,1060
1,5832,Tel Govt-NS LOC,OPEN-GEN,Telangana,Bhaskar Med Coll Yenkapally,RADIO DIAGNOSIS,750000,Info not available,2000000,1,850
1,5883,Tel Govt-NS UNR,OPEN-GEN,Telangana,Malla Reddy IMS Hyderabad,PAEDIATRICS,700000,Info not available,2000000,1,940
1,5921,Tel Govt-NS LOC,OPEN-FEM,Telangana,Osmania Med Coll Hyderabad,TBRD,10000, 50686,2000000,1,4800
1,5988,Tel Govt-NS LOC,OPEN-GEN,Telangana,MNR Med Coll Sangareddy,RADIO DIAGNOSIS,700000,Info not available,2000000,1,760
1,6124,Tel Govt-NS UNR,OPEN-FEM,Telangana,Prathima IMS Karimnagar,GENERAL MEDICINE,750000,Info not available,2000000,1,1060
1,6204,Tel Govt-NS LOC,BCD-FEM,Telangana,Malla Reddy IMS Hyderabad,GENERAL MEDICINE,700000,Info not available,2000000,1,940
1,6229,Tel Govt-NS LOC,OPEN-FEM,Telangana,RVM IMSRC Siddipet,RADIO DIAGNOSIS,700000,Info not available,2000000,1,1110
1,6287,Tel Govt-NS LOC,BCA-FEM,Telangana,ESIC Med CollSanath Nagar,GENERAL MEDICINE, 250000,107800,1000000,2,690
1,6304,Tel Govt-NS LOC,BCC-GEN,Telangana,Osmania Med Coll Hyderabad,PAEDIATRICS,10000, 50686,2000000,1,4800
1,6335,Tel Govt-NS LOC,BCA-FEM,Telangana,Gandhi Med Coll Secunderabad,OBG,10000, 50686,2000000,1,1200
1,6367,Tel Govt-NS LOC,BCE-GEN,Telangana,Osmania Med Coll Hyderabad,OBG,10000, 50686,2000000,1,4800
1,6426,Tel Govt-NS LOC,BCB-GEN,Telangana,Osmania Med Coll Hyderabad,GENERAL SURGERY,10000, 50686,2000000,1,4800
1,6427,Tel Govt-NS LOC,OPEN-GEN,Telangana,NIMS Hyderabad,ANAESTHESIOLOGY,72000, 99969,5000000,1,1498
1,6442,Tel Govt-NS UNR,OPEN-GEN,Telangana,SVS Med Coll Mehboobnagar,GENERAL MEDICINE,750000,Info not available,2000000,1,760
1,6518,Tel Govt-NS LOC,BCB-FEM,Telangana,Osmania Med Coll Hyderabad,OBG,10000, 50686,2000000,1,4800
1,6527,Tel Govt-NS UNR,OPEN-GEN,Telangana,Osmania Med Coll Hyderabad,ENT,10000, 50686,2000000,1,4800
1,6657,Tel Govt-NS LOC,ST-FEM,Telangana,NIMS Hyderabad,GENERAL MEDICINE,72000, 99969,5000000,1,1498
1,6659,Tel Govt-NS LOC,OPEN-GEN,Telangana,Kakatiya Med Coll Warangal,GENERAL SURGERY,10000, 50686,2000000,1,1150
1,6718,Tel Govt-NS LOC,BCD-FEM,Telangana,Osmania Med Coll Hyderabad,OBG,10000, 50686,2000000,1,4800
1,6739,Tel Govt-NS UNR,BCB-GEN,Telangana,Prathima IMS Karimnagar,RADIO DIAGNOSIS,750000,Info not available,2000000,1,1060
1,6763,Tel Govt-NS LOC,OPEN-GEN,Telangana,Osmania Med Coll Hyderabad,TBRD,10000, 50686,2000000,1,4800
1,6777,Tel Govt-NS LOC,BCB-GEN,Telangana,Osmania Med Coll Hyderabad,OBG,10000, 50686,2000000,1,4800
1,6785,Tel Govt-NS LOC,OPEN-GEN,Telangana,Govt Med Coll Nizamabad,OBG,10000, 50686,2000000,1,500
1,6804,Tel Govt-NS LOC,BCE-GEN,Telangana,Malla Reddy IMS Hyderabad,GENERAL MEDICINE,700000,Info not available,2000000,1,940
1,6805,Tel Govt-NS LOC,BCB-GEN,Telangana,Prathima IMS Karimnagar,GENERAL MEDICINE,750000,Info not available,2000000,1,1060
1,6820,Tel Govt-NS LOC,OPEN-GEN,Telangana,Govt Med Coll Mahabubnagar,OBG,10000, 50686,2000000,1,900
1,6821,Tel Govt-NS LOC,OPEN-FEM,Telangana,CAIMS Karimnagar,DERMATOLOGY,775000,Info not available,2000000,1,1000
1,6881,Tel Govt-NS LOC,BCB-GEN,Telangana,Kakatiya Med Coll Warangal,OBG,10000, 50686,2000000,1,1150
1,6891,Tel Govt-NS LOC,BCB-FEM,Telangana,Kakatiya Med Coll Warangal,GENERAL SURGERY,10000, 50686,2000000,1,1150
1,6899,Tel Govt-NS LOC,BCD-GEN,Telangana,Osmania Med Coll Hyderabad,OBG,10000, 50686,2000000,1,4800
1,6952,Tel Govt-NS LOC,OPEN-FEM,Telangana,NIMS Hyderabad,ORTHOPAEDICS,72000, 99969,5000000,1,1498
1,7003,Tel Govt-NS UNR,OPEN-GEN,Telangana,CAIMS Karimnagar,OBG,775000,Info not available,2000000,1,1000
1,7011,Tel Govt-NS LOC,OPEN-FEM,Telangana,NIMS Hyderabad,ANAESTHESIOLOGY,72000, 99969,5000000,1,1498
1,7076,Tel Govt-NS LOC,SC-GEN,Telangana,Osmania Med Coll Hyderabad,GENERAL MEDICINE,10000, 50686,2000000,1,4800
1,7117,Tel Govt-NS LOC,OPEN-FEM,Telangana,Govt Med Coll Siddipet,OBG,10000, 50686,2000000,1,-
1,7124,Tel Govt-NS LOC,OPEN-GEN,Telangana,NIMS Hyderabad,ANAESTHESIOLOGY,72000, 99969,5000000,1,1498
1,7125,Tel Govt-NS UNR,BCB-GEN,Telangana,CAIMS Karimnagar,DERMATOLOGY,775000,Info not available,2000000,1,1000
1,7127,Tel Govt-NS LOC,OPEN-GEN,Telangana,Malla Reddy(Women) Hyderabad,GENERAL MEDICINE,700000,Info not available,2000000,1,1050
1,7183,Tel Govt-NS LOC,OPEN-FEM,Telangana,Malla Reddy IMS Hyderabad,PAEDIATRICS,700000,Info not available,2000000,1,940
1,7195,Tel Govt-NS LOC,OPEN-FEM,Telangana,SVS Med Coll Mehboobnagar,GENERAL MEDICINE,750000,Info not available,2000000,1,760
1,7202,Tel Govt-NS LOC,OPEN-GEN,Telangana,Govt Med Coll Siddipet,OBG,10000, 50686,2000000,1,-
1,7315,Tel Govt-NS LOC,SC-GEN,Telangana,ESIC Med CollSanath Nagar,RADIO DIAGNOSIS, 250000,107800,1000000,2,690
1,7367,Tel Govt-NS LOC,OPEN-GEN,Telangana,NIMS Hyderabad,EMERGENCY MEDICINE,72000, 99969,5000000,1,1498
1,7438,Tel Govt-NS LOC,OPEN-GEN,Telangana,Malla Reddy IMS Hyderabad,PAEDIATRICS,700000,Info not available,2000000,1,940
1,7520,Tel Govt-NS LOC,OPEN-FEM,Telangana,Mediciti IMS Ghanpur,RADIO DIAGNOSIS,700000,Info not available,2000000,1,720
1,7524,Tel Govt-NS LOC,BCB-FEM,Telangana,Govt Med Coll Siddipet,OBG,10000, 50686,2000000,1,-
1,7551,Tel Govt-NS LOC,OPEN-FEM,Telangana,Kakatiya Med Coll Warangal,TBRD,10000, 50686,2000000,1,1150
1,7569,Tel Govt-NS LOC,MIN-FEM-MSM,Telangana,DCMS Hyderabad,GENERAL MEDICINE,775000,Info not available,2000000,1,1400
1,7636,Tel Govt-NS LOC,SC-FEM,Telangana,NIMS Hyderabad,RADIO DIAGNOSIS,72000, 99969,5000000,1,1498
1,7659,Tel Govt-NS LOC,BCA-FEM,Telangana,Osmania Med Coll Hyderabad,OBG,10000, 50686,2000000,1,4800
1,7672,Tel Govt-NS LOC,OPEN-GEN,Telangana,Mediciti IMS Ghanpur,RADIO DIAGNOSIS,700000,Info not available,2000000,1,720
1,7683,Tel Govt-NS LOC,OPEN-GEN,Telangana,RVM IMSRC Siddipet,GENERAL MEDICINE,700000,Info not available,2000000,1,1110
1,7691,Tel Govt-NS LOC,OPEN-GEN,Telangana,SVS Med Coll Mehboobnagar,GENERAL MEDICINE,750000,Info not available,2000000,1,760
1,7692,Tel Govt-NS UNR,OPEN-GEN,Telangana,Osmania Med Coll Hyderabad,OPHTHALMOLOGY,10000, 50686,2000000,1,4800
1,7719,Tel Govt-NS LOC,OPEN-FEM,Telangana,Mamata Med Coll Khammam,DERMATOLOGY,750000,Info not available,2000000,1,1080
1,7748,Tel Govt-NS LOC,OPEN-GEN,Telangana,Bhaskar Med Coll Yenkapally,GENERAL MEDICINE,750000,Info not available,2000000,1,850
1,7783,Tel Govt-NS LOC,BCB-GEN,Telangana,SVS Med Coll Mehboobnagar,GENERAL MEDICINE,750000,Info not available,2000000,1,760
1,7868,Tel Govt-NS LOC,OPEN-GEN,Telangana,ESIC Med CollSanath Nagar,TBRD, 250000,107800,1000000,2,690
1,8010,Tel Govt-NS LOC,BCB-GEN,Telangana,NIMS Hyderabad,ORTHOPAEDICS,72000, 99969,5000000,1,1498
1,8027,Tel Govt-NS LOC,OPEN-GEN,Telangana,Govt Med Coll Siddipet,GENERAL SURGERY,10000, 50686,2000000,1,-
1,8033,Tel Govt-NS LOC,OPEN-GEN,Telangana,Gandhi Med Coll Secunderabad,ORTHOPAEDICS,10000, 50686,2000000,1,1200
1,8045,Tel Govt-NS LOC,BCD-GEN,Telangana,Kakatiya Med Coll Warangal,OBG,10000, 50686,2000000,1,1150
1,8051,Tel Govt-NS LOC,OPEN-FEM,Telangana,Mamata Med Coll Khammam,GENERAL MEDICINE,750000,Info not available,2000000,1,1080
1,8097,Tel Govt-NS LOC,SC-GEN,Telangana,Kakatiya Med Coll Warangal,GENERAL MEDICINE,10000, 50686,2000000,1,1150
1,8322,Tel Govt-NS LOC,OPEN-GEN,Telangana,NIMS Hyderabad,ANAESTHESIOLOGY,72000, 99969,5000000,1,1498
1,8323,Tel Govt-NS LOC,BCD-GEN,Telangana,NIMS Hyderabad,ANAESTHESIOLOGY,72000, 99969,5000000,1,1498
1,8341,Tel Govt-NS LOC,OPEN-GEN,Telangana,Mamata Med Coll Khammam,GENERAL MEDICINE,750000,Info not available,2000000,1,1080
1,8370,Tel Govt-NS LOC,OPEN-GEN,Telangana,Osmania Med Coll Hyderabad,ORTHOPAEDICS,10000, 50686,2000000,1,4800
1,8398,Tel Govt-NS LOC,OPEN-GEN,Telangana,ESIC Med CollSanath Nagar,ANAESTHESIOLOGY, 250000,107800,1000000,2,690
1,8422,Tel Govt-NS LOC,OPEN-GEN,Telangana,Rajiv Gandhi IMS Adilabad,GENERAL SURGERY,10000, 50686,2000000,1,Info Not Availbale
1,8486,Tel Govt-NS LOC,BCA-GEN,Telangana,Osmania Med Coll Hyderabad,GENERAL SURGERY,10000, 50686,2000000,1,4800
1,8616,Tel Govt-NS LOC,BCA-GEN,Telangana,Kakatiya Med Coll Warangal,DERMATOLOGY,10000, 50686,2000000,1,1150
1,8646,Tel Govt-NS LOC,OPEN-FEM,Telangana,Osmania Med Coll Hyderabad,ORTHOPAEDICS,10000, 50686,2000000,1,4800
1,8656,Tel Govt-NS LOC,OPEN-FEM,Telangana,CAIMS Karimnagar,GENERAL MEDICINE,775000,Info not available,2000000,1,1000
1,8738,Tel Govt-NS LOC,OPEN-GEN,Telangana,CAIMS Karimnagar,GENERAL MEDICINE,775000,Info not available,2000000,1,1000
1,8769,Tel Govt-NS UNR,BCE-GEN,Telangana,MNR Med Coll Sangareddy,GENERAL MEDICINE,700000,Info not available,2000000,1,760
1,8789,Tel Govt-NS LOC,OPEN-FEM,Telangana,Mamata Med Coll Khammam,OBG,750000,Info not available,2000000,1,1080
1,8838,Tel Govt-NS LOC,OPEN-FEM,Telangana,Prathima IMS Karimnagar,PAEDIATRICS,750000,Info not available,2000000,1,1060
1,8841,Tel Govt-NS LOC,SC-GEN,Telangana,ESIC Med CollSanath Nagar,GENERAL MEDICINE, 250000,107800,1000000,2,690
1,8918,Tel Govt-NS LOC,OPEN-GEN,Telangana,Kamineni IMS Narketpally,GENERAL MEDICINE,750000,Info not available,2000000,1,1060
1,8931,Tel Govt-NS LOC,OPEN-FEM,Telangana,Gandhi Med Coll Secunderabad,ANAESTHESIOLOGY,10000, 50686,2000000,1,1200
1,8942,Tel Govt-NS LOC,OPEN-GEN,Telangana,Osmania Med Coll Hyderabad,ORTHOPAEDICS,10000, 50686,2000000,1,4800
1,8990,Tel Govt-NS UNR,OPEN-GEN,Telangana,Osmania Med Coll Hyderabad,ANAESTHESIOLOGY,10000, 50686,2000000,1,4800
1,9033,Tel Govt-NS LOC,OPEN-FEM,Telangana,Osmania Med Coll Hyderabad,OPHTHALMOLOGY,10000, 50686,2000000,1,4800
1,9075,Tel Govt-NS LOC,SC-GEN,Telangana,Osmania Med Coll Hyderabad,PAEDIATRICS,10000, 50686,2000000,1,4800
1,9082,Tel Govt-NS LOC,OPEN-GEN,Telangana,Kakatiya Med Coll Warangal,EMERGENCY MEDICINE,10000, 50686,2000000,1,1150
1,9137,Tel Govt-NS LOC,OPEN-GEN,Telangana,Rajiv Gandhi IMS Adilabad,TBRD,10000, 50686,2000000,1,Info Not Availbale
1,9186,Tel Govt-NS LOC,BCD-FEM,Telangana,Kakatiya Med Coll Warangal,GENERAL SURGERY,10000, 50686,2000000,1,1150
1,9203,Tel Govt-NS LOC,OPEN-GEN,Telangana,SVS Med Coll Mehboobnagar,PAEDIATRICS,750000,Info not available,2000000,1,760
1,9316,Tel Govt-NS LOC,SC-GEN,Telangana,Osmania Med Coll Hyderabad,DERMATOLOGY,10000, 50686,2000000,1,4800
1,9325,Tel Govt-NS LOC,BCB-GEN,Telangana,NIMS Hyderabad,ANAESTHESIOLOGY,72000, 99969,5000000,1,1498
1,9395,Tel Govt-NS LOC,BCB-FEM,Telangana,Apollo IMSR Hyderabad,GENERAL MEDICINE,750000,Info not available,2000000,1,570
1,9408,Tel Govt-NS UNR,BCA-GEN,Telangana,Bhaskar Med Coll Yenkapally,RADIO DIAGNOSIS,750000,Info not available,2000000,1,850
1,9436,Tel Govt-NS LOC,SC-FEM,Telangana,Osmania Med Coll Hyderabad,RADIO DIAGNOSIS,10000, 50686,2000000,1,4800
1,9445,Tel Govt-NS LOC,OPEN-GEN,Telangana,Mahavir Inst of MS Vikarabad,RADIO DIAGNOSIS,700000,Info not available,2000000,1,700
1,9508,Tel Govt-NS LOC,OPEN-GEN,Telangana,Mediciti IMS Ghanpur,GENERAL MEDICINE,700000,Info not available,2000000,1,720
1,9521,Tel Govt-NS LOC,BCD-GEN,Telangana,SVS Med Coll Mehboobnagar,GENERAL MEDICINE,750000,Info not available,2000000,1,760
1,9660,Tel Govt-NS LOC,OPEN-GEN,Telangana,Apollo IMSR Hyderabad,DERMATOLOGY,750000,Info not available,2000000,1,570
1,9726,Tel Govt-NS LOC,SC-FEM,Telangana,Gandhi Med Coll Secunderabad,DERMATOLOGY,10000, 50686,2000000,1,1200
1,9789,Tel Govt-NS LOC,BCB-GEN,Telangana,Mamata Med Coll Khammam,GENERAL MEDICINE,750000,Info not available,2000000,1,1080
1,9810,Tel Govt-NS LOC,SC-GEN,Telangana,Malla Reddy IMS Hyderabad,RADIO DIAGNOSIS,700000,Info not available,2000000,1,940
1,9818,Tel Govt-NS LOC,OPEN-FEM,Telangana,Apollo IMSR Hyderabad,PAEDIATRICS,750000,Info not available,2000000,1,570
1,9831,Tel Govt-NS LOC,OPEN-GEN,Telangana,Prathima IMS Karimnagar,PAEDIATRICS,750000,Info not available,2000000,1,1060
1,9937,Tel Govt-NS UNR,BCB-FEM,Telangana,MNR Med Coll Sangareddy,RADIO DIAGNOSIS,700000,Info not available,2000000,1,760
1,9948,Tel Govt-NS LOC,BCA-GEN,Telangana,Osmania Med Coll Hyderabad,OBG,10000, 50686,2000000,1,4800
1,9956,Tel Govt-NS LOC,OPEN-FEM,Telangana,Osmania Med Coll Hyderabad,ANAESTHESIOLOGY,10000, 50686,2000000,1,4800
1,9960,Tel Govt-NS LOC,OPEN-FEM,Telangana,Osmania Med Coll Hyderabad,ENT,10000, 50686,2000000,1,4800
1,9974,Tel Govt-NS LOC,OPEN-GEN,Telangana,Mamata Med Coll Khammam,PAEDIATRICS,750000,Info not available,2000000,1,1080
1,10029,Tel Govt-NS LOC,OPEN-FEM,Telangana,Malla Reddy(Women) Hyderabad,PAEDIATRICS,700000,Info not available,2000000,1,1050
1,10101,Tel Govt-NS LOC,SC-GEN,Telangana,Gandhi Med Coll Secunderabad,OBG,10000, 50686,2000000,1,1200
1,10183,Tel Govt-NS UNR,OPEN-FEM,Telangana,Kamineni (KAMSRC) Hyderabad,OBG,700000,Info not available,2000000,1,650
1,10197,Tel Govt-NS LOC,OPEN-GEN,Telangana,MNR Med Coll Sangareddy,GENERAL MEDICINE,700000,Info not available,2000000,1,760
1,10211,Tel Govt-NS LOC,MIN-FEM-MSM,Telangana,DCMS Hyderabad,RADIO DIAGNOSIS,775000,Info not available,2000000,1,1400
1,10222,Tel Govt-NS LOC,BCB-GEN,Telangana,Govt Med Coll Nizamabad,GENERAL SURGERY,10000, 50686,2000000,1,500
1,10297,Tel Govt-NS LOC,OPEN-GEN,Telangana,Mahavir Inst of MS Vikarabad,GENERAL MEDICINE,700000,Info not available,2000000,1,700
1,10373,Tel Govt-NS UNR,BCD-GEN,Telangana,MNR Med Coll Sangareddy,OBG,700000,Info not available,2000000,1,760
1,10418,Tel Govt-NS LOC,OPEN-FEM,Telangana,Osmania Med Coll Hyderabad,ANAESTHESIOLOGY,10000, 50686,2000000,1,4800
1,10465,Tel Govt-NS LOC,MIN-FEM-MSM,Telangana,Shadan IMSRC Peerancheru,OBG,750000,Info not available,2000000,1,800
1,10484,Tel Govt-NS LOC,OPEN-FEM,Telangana,Mediciti IMS Ghanpur,GENERAL MEDICINE,700000,Info not available,2000000,1,720
1,10502,Tel Govt-NS LOC,BCD-GEN,Telangana,Malla Reddy(Women) Hyderabad,GENERAL MEDICINE,700000,Info not available,2000000,1,1050
1,10595,Tel Govt-NS LOC,BCD-GEN,Telangana,SVS Med Coll Mehboobnagar,RADIO DIAGNOSIS,750000,Info not available,2000000,1,760
1,10674,Tel Govt-NS LOC,OPEN-FEM,Telangana,Osmania Med Coll Hyderabad,OPHTHALMOLOGY,10000, 50686,2000000,1,4800
1,10686,Tel Govt-NS LOC,OPEN-GEN,Telangana,Gandhi Med Coll Secunderabad,ANAESTHESIOLOGY,10000, 50686,2000000,1,1200
1,10758,Tel Govt-NS LOC,BCD-GEN,Telangana,Rajiv Gandhi IMS Adilabad,TBRD,10000, 50686,2000000,1,Info Not Availbale
1,10791,Tel Govt-NS UNR,BCD-GEN,Telangana,Mediciti IMS Ghanpur,GENERAL MEDICINE,700000,Info not available,2000000,1,720
1,10800,Tel Govt-NS UNR,OPEN-GEN,Telangana,Malla Reddy IMS Hyderabad,GENERAL SURGERY,700000,Info not available,2000000,1,940
1,10895,Tel Govt-NS LOC,OPEN-FEM,Telangana,Osmania Med Coll Hyderabad,OPHTHALMOLOGY,10000, 50686,2000000,1,4800
1,10914,Tel Govt-NS LOC,OPEN-FEM,Telangana,MNR Med Coll Sangareddy,GENERAL MEDICINE,700000,Info not available,2000000,1,760
1,10917,Tel Govt-NS LOC,OPEN-GEN,Telangana,Osmania Med Coll Hyderabad,ANAESTHESIOLOGY,10000, 50686,2000000,1,4800
1,10945,Tel Govt-NS UNR,MIN-GEN-MSM,Telangana,Shadan IMSRC Peerancheru,RADIO DIAGNOSIS,750000,Info not available,2000000,1,800
1,10965,Tel Govt-NS LOC,OPEN-GEN,Telangana,Osmania Med Coll Hyderabad,ANAESTHESIOLOGY,10000, 50686,2000000,1,4800
1,10977,Tel Govt-NS LOC,BCA-FEM,Telangana,CAIMS Karimnagar,RADIO DIAGNOSIS,775000,Info not available,2000000,1,1000
1,11009,Tel Govt-NS LOC,OPEN-GEN,Telangana,Kamineni (KAMSRC) Hyderabad,DERMATOLOGY,700000,Info not available,2000000,1,650
1,11012,Tel Govt-NS LOC,OPEN-GEN,Telangana,Osmania Med Coll Hyderabad,OPHTHALMOLOGY,10000, 50686,2000000,1,4800
1,11060,Tel Govt-NS LOC,OPEN-GEN,Telangana,Malla Reddy(Women) Hyderabad,DERMATOLOGY,700000,Info not available,2000000,1,1050
1,11158,Tel Govt-NS LOC,MIN-GEN-MSM,Telangana,DCMS Hyderabad,RADIO DIAGNOSIS,775000,Info not available,2000000,1,1400
1,11172,Tel Govt-NS LOC,OPEN-GEN,Telangana,Osmania Med Coll Hyderabad,ANAESTHESIOLOGY,10000, 50686,2000000,1,4800
1,11295,Tel Govt-NS LOC,BCD-GEN,Telangana,Malla Reddy(Women) Hyderabad,RADIO DIAGNOSIS,700000,Info not available,2000000,1,1050
1,11296,Tel Govt-NS LOC,OPEN-GEN,Telangana,Bhaskar Med Coll Yenkapally,DERMATOLOGY,750000,Info not available,2000000,1,850
1,11299,Tel Govt-NS LOC,OPEN-GEN,Telangana,Kamineni IMS Narketpally,DERMATOLOGY,750000,Info not available,2000000,1,1060
1,11323,Tel Govt-NS LOC,BCB-GEN,Telangana,Kamineni (KAMSRC) Hyderabad,DERMATOLOGY,700000,Info not available,2000000,1,650
1,11418,Tel Govt-NS UNR,BCA-GEN,Telangana,Mediciti IMS Ghanpur,OBG,700000,Info not available,2000000,1,720
1,11433,Tel Govt-NS UNR,SC-GEN,Telangana,Osmania Med Coll Hyderabad,OBG,10000, 50686,2000000,1,4800
1,11483,Tel Govt-NS LOC,OPEN-GEN,Telangana,Osmania Med Coll Hyderabad,OPHTHALMOLOGY,10000, 50686,2000000,1,4800
1,11509,Tel Govt-NS LOC,OPEN-FEM,Telangana,Dr Patnam MRInstofMSChevella,GENERAL MEDICINE,-,-,-,-,-
1,11621,Tel Govt-NS LOC,OPEN-GEN,Telangana,Gandhi Med Coll Secunderabad,ANAESTHESIOLOGY,10000, 50686,2000000,1,1200
1,11773,Tel Govt-NS LOC,OPEN-GEN,Telangana,Gandhi Med Coll Secunderabad,ENT,10000, 50686,2000000,1,1200
1,11780,Tel Govt-NS UNR,OPEN-GEN,Telangana,Kakatiya Med Coll Warangal,ANAESTHESIOLOGY,10000, 50686,2000000,1,1150
1,11838,Tel Govt-NS UNR,OPEN-FEM,Telangana,Prathima IMS Karimnagar,GENERAL SURGERY,750000,Info not available,2000000,1,1060
1,11850,Tel Govt-NS LOC,BCA-FEM,Telangana,Gandhi Med Coll Secunderabad,GENERAL SURGERY,10000, 50686,2000000,1,1200
1,11851,Tel Govt-NS LOC,OPEN-GEN,Telangana,Osmania Med Coll Hyderabad,OPHTHALMOLOGY,10000, 50686,2000000,1,4800
1,11853,Tel Govt-NS UNR,OPEN-FEM,Telangana,Kakatiya Med Coll Warangal,ORTHOPAEDICS,10000, 50686,2000000,1,1150
1,11961,Tel Govt-NS LOC,BCB-FEM,Telangana,CAIMS Karimnagar,GENERAL MEDICINE,775000,Info not available,2000000,1,1000
1,11963,Tel Govt-NS LOC,BCB-FEM,Telangana,Prathima IMS Karimnagar,PAEDIATRICS,750000,Info not available,2000000,1,1060
1,11984,Tel Govt-NS LOC,BCB-GEN,Telangana,Osmania Med Coll Hyderabad,OPHTHALMOLOGY,10000, 50686,2000000,1,4800
1,12000,Tel Govt-NS LOC,BCB-GEN,Telangana,Osmania Med Coll Hyderabad,ENT,10000, 50686,2000000,1,4800
1,12013,Tel Govt-NS UNR,BCB-GEN,Telangana,Kakatiya Med Coll Warangal,OPHTHALMOLOGY,10000, 50686,2000000,1,1150
1,12044,Tel Govt-NS LOC,OPEN-FEM,Telangana,Gandhi Med Coll Secunderabad,ORTHOPAEDICS,10000, 50686,2000000,1,1200
1,12109,Tel Govt-NS UNR,MIN-GEN-MSM,Telangana,Shadan IMSRC Peerancheru,GENERAL MEDICINE,750000,Info not available,2000000,1,800
1,12295,Tel Govt-NS UNR,BCD-FEM,Telangana,SVS Med Coll Mehboobnagar,PAEDIATRICS,750000,Info not available,2000000,1,760
1,12297,Tel Govt-NS LOC,OPEN-FEM,Telangana,Prathima IMS Karimnagar,OBG,750000,Info not available,2000000,1,1060
1,12309,Tel Govt-NS LOC,OPEN-FEM,Telangana,ESIC Med CollSanath Nagar,ENT, 250000,107800,1000000,2,690
1,12320,Tel Govt-NS LOC,BCA-FEM,Telangana,Gandhi Med Coll Secunderabad,TBRD,10000, 50686,2000000,1,1200
1,12339,Tel Govt-NS LOC,OPEN-GEN,Telangana,CAIMS Karimnagar,PAEDIATRICS,775000,Info not available,2000000,1,1000
1,12358,Tel Govt-NS LOC,BCC-GEN,Telangana,Osmania Med Coll Hyderabad,GENERAL SURGERY,10000, 50686,2000000,1,4800
1,12363,Tel Govt-NS LOC,OPEN-GEN,Telangana,Govt Med Coll Nizamabad,ORTHOPAEDICS,10000, 50686,2000000,1,500
1,12552,Tel Govt-NS LOC,OPEN-GEN,Telangana,Kamineni IMS Narketpally,PAEDIATRICS,750000,Info not available,2000000,1,1060
1,12553,Tel Govt-NS LOC,BCA-GEN,Telangana,Mediciti IMS Ghanpur,RADIO DIAGNOSIS,700000,Info not available,2000000,1,720
1,12557,Tel Govt-NS LOC,BCE-GEN,Telangana,Osmania Med Coll Hyderabad,ANAESTHESIOLOGY,10000, 50686,2000000,1,4800
1,12593,Tel Govt-NS LOC,BCB-GEN,Telangana,Osmania Med Coll Hyderabad,ORTHOPAEDICS,10000, 50686,2000000,1,4800
1,12625,Tel Govt-NS UNR,BCB-GEN,Telangana,Gandhi Med Coll Secunderabad,ANAESTHESIOLOGY,10000, 50686,2000000,1,1200
1,12788,Tel Govt-NS LOC,MIN-GEN-MSM,Telangana,DCMS Hyderabad,GENERAL MEDICINE,775000,Info not available,2000000,1,1400
1,12793,Tel Govt-NS LOC,BCD-FEM,Telangana,Rajiv Gandhi IMS Adilabad,GENERAL SURGERY,10000, 50686,2000000,1,Info Not Availbale
1,12860,Tel Govt-NS LOC,OPEN-GEN,Telangana,NIMS Hyderabad,RADIATION ONCOLOGY,72000, 99969,5000000,1,1498
1,13015,Tel Govt-NS LOC,OPEN-FEM,Telangana,ESIC Med CollSanath Nagar,ORTHOPAEDICS, 250000,107800,1000000,2,690
1,13211,Tel Govt-NS LOC,SC-GEN,Telangana,Malla Reddy IMS Hyderabad,GENERAL MEDICINE,700000,Info not available,2000000,1,940
1,13271,Tel Govt-NS LOC,BCB-GEN,Telangana,Osmania Med Coll Hyderabad,ANAESTHESIOLOGY,10000, 50686,2000000,1,4800
1,13283,Tel Govt-NS LOC,OPEN-FEM,Telangana,Kakatiya Med Coll Warangal,ANAESTHESIOLOGY,10000, 50686,2000000,1,1150
1,13337,Tel Govt-NS LOC,BCA-GEN,Telangana,Osmania Med Coll Hyderabad,ANAESTHESIOLOGY,10000, 50686,2000000,1,4800
1,13350,Tel Govt-NS LOC,OPEN-FEM,Telangana,Malla Reddy IMS Hyderabad,GENERAL SURGERY,700000,Info not available,2000000,1,940
1,13394,Tel Govt-NS LOC,OPEN-FEM,Telangana,Gandhi Med Coll Secunderabad,ENT,10000, 50686,2000000,1,1200
1,13424,Tel Govt-NS LOC,MIN-FEM-MSM,Telangana,Shadan IMSRC Peerancheru,GENERAL MEDICINE,750000,Info not available,2000000,1,800
1,13486,Tel Govt-NS LOC,OPEN-FEM,Telangana,Malla Reddy IMS Hyderabad,OBG,700000,Info not available,2000000,1,940
1,13641,Tel Govt-NS LOC,BCA-GEN,Telangana,Prathima IMS Karimnagar,GENERAL MEDICINE,750000,Info not available,2000000,1,1060
1,13918,Tel Govt-NS LOC,BCD-GEN,Telangana,MNR Med Coll Sangareddy,DERMATOLOGY,700000,Info not available,2000000,1,760
1,13942,Tel Govt-NS LOC,OPEN-GEN,Telangana,ESIC Med CollSanath Nagar,OPHTHALMOLOGY, 250000,107800,1000000,2,690
1,13982,Tel Govt-NS LOC,OPEN-FEM,Telangana,Dr Patnam MRInstofMSChevella,PAEDIATRICS,-,-,-,-,-
1,14002,Tel Govt-NS LOC,BCD-GEN,Telangana,Osmania Med Coll Hyderabad,OPHTHALMOLOGY,10000, 50686,2000000,1,4800
1,14022,Tel Govt-NS LOC,BCB-FEM,Telangana,Gandhi Med Coll Secunderabad,ORTHOPAEDICS,10000, 50686,2000000,1,1200
1,14093,Tel Govt-NS LOC,BCD-GEN,Telangana,Gandhi Med Coll Secunderabad,ANAESTHESIOLOGY,10000, 50686,2000000,1,1200
1,14149,Tel Govt-NS LOC,OPEN-GEN,Telangana,Malla Reddy IMS Hyderabad,OBG,700000,Info not available,2000000,1,940
1,14153,Tel Govt-NS LOC,BCE-FEM,Telangana,Mediciti IMS Ghanpur,RADIO DIAGNOSIS,700000,Info not available,2000000,1,720
1,14167,Tel Govt-NS LOC,OPEN-GEN,Telangana,Rajiv Gandhi IMS Adilabad,ORTHOPAEDICS,10000, 50686,2000000,1,Info Not Availbale
1,14192,Tel Govt-NS LOC,BCD-FEM,Telangana,Osmania Med Coll Hyderabad,ANAESTHESIOLOGY,10000, 50686,2000000,1,4800
1,14210,Tel Govt-NS UNR,BCB-GEN,Telangana,Prathima IMS Karimnagar,OBG,750000,Info not available,2000000,1,1060
1,14212,Tel Govt-NS UNR,OPEN-GEN,Telangana,Osmania Med Coll Hyderabad,PSYCHIATRY,10000, 50686,2000000,1,4800
1,14215,Tel Govt-NS LOC,OPEN-FEM,Telangana,Gandhi Med Coll Secunderabad,OPHTHALMOLOGY,10000, 50686,2000000,1,1200
1,14221,Tel Govt-NS LOC,OPEN-GEN,Telangana,Prathima IMS Karimnagar,TBRD,750000,Info not available,2000000,1,1060
1,14241,Tel Govt-NS LOC,SC-GEN,Telangana,Gandhi Med Coll Secunderabad,PAEDIATRICS,10000, 50686,2000000,1,1200
1,14246,Tel Govt-NS LOC,OPEN-GEN,Telangana,Osmania Med Coll Hyderabad,DTBCD,10000, 50686,1000000,1,4800
1,14263,Tel Govt-NS LOC,OPEN-FEM,Telangana,Kakatiya Med Coll Warangal,OPHTHALMOLOGY,10000, 50686,2000000,1,1150
1,14273,Tel Govt-NS UNR,BCA-FEM,Telangana,Gandhi Med Coll Secunderabad,ORTHOPAEDICS,10000, 50686,2000000,1,1200
1,14451,Tel Govt-NS LOC,OPEN-GEN,Telangana,Govt Med Coll Nizamabad,OPHTHALMOLOGY,10000, 50686,2000000,1,500
1,14452,Tel Govt-NS LOC,BCB-FEM,Telangana,Kakatiya Med Coll Warangal,ANAESTHESIOLOGY,10000, 50686,2000000,1,1150
1,14459,Tel Govt-NS LOC,OPEN-GEN,Telangana,Rajiv Gandhi IMS Adilabad,ANAESTHESIOLOGY,10000, 50686,2000000,1,Info Not Availbale
1,14521,Tel Govt-NS LOC,OPEN-GEN,Telangana,ESIC Med CollSanath Nagar,PSYCHIATRY, 250000,107800,1000000,2,690
1,14637,Tel Govt-NS LOC,SC-FEM,Telangana,Govt Med Coll Nizamabad,GENERAL MEDICINE,10000, 50686,2000000,1,500
1,14640,Tel Govt-NS LOC,OPEN-GEN,Telangana,Mamata Med Coll Khammam,TBRD,750000,Info not available,2000000,1,1080
1,14644,Tel Govt-NS LOC,MIN-GEN-MSM,Telangana,DCMS Hyderabad,PAEDIATRICS,775000,Info not available,2000000,1,1400
1,14651,Tel Govt-NS LOC,SC-FEM,Telangana,Osmania Med Coll Hyderabad,OBG,10000, 50686,2000000,1,4800
1,14652,Tel Govt-NS LOC,BCD-GEN,Telangana,Malla Reddy(Women) Hyderabad,PAEDIATRICS,700000,Info not available,2000000,1,1050
1,14657,Tel Govt-NS LOC,OPEN-GEN,Telangana,Malla Reddy IMS Hyderabad,OBG,700000,Info not available,2000000,1,940
1,14658,Tel Govt-NS LOC,BCB-FEM,Telangana,Mahavir Inst of MS Vikarabad,DERMATOLOGY,700000,Info not available,2000000,1,700
1,14670,Tel Govt-NS LOC,BCD-FEM,Telangana,Malla Reddy IMS Hyderabad,DERMATOLOGY,700000,Info not available,2000000,1,940
1,14678,Tel Govt-NS LOC,MIN-GEN-MSM,Telangana,Shadan IMSRC Peerancheru,RADIO DIAGNOSIS,750000,Info not available,2000000,1,800
1,14685,Tel Govt-NS UNR,OPEN-GEN,Telangana,SVS Med Coll Mehboobnagar,ORTHOPAEDICS,750000,Info not available,2000000,1,760
1,14696,Tel Govt-NS UNR,BCB-GEN,Telangana,Malla Reddy IMS Hyderabad,TBRD,700000,Info not available,2000000,1,940
1,14729,Tel Govt-NS LOC,OPEN-FEM,Telangana,Osmania Med Coll Hyderabad,RADIATION ONCOLOGY,10000, 50686,2000000,1,4800
1,14764,Tel Govt-NS LOC,OPEN-GEN,Telangana,SVS Med Coll Mehboobnagar,OBG,750000,Info not available,2000000,1,760
1,14801,Tel Govt-NS LOC,OPEN-GEN,Telangana,Apollo IMSR Hyderabad,GENERAL SURGERY,750000,Info not available,2000000,1,570
1,14804,Tel Govt-NS LOC,SC-GEN,Telangana,Gandhi Med Coll Secunderabad,GENERAL SURGERY,10000, 50686,2000000,1,1200
1,14857,Tel Govt-NS LOC,BCD-GEN,Telangana,Kakatiya Med Coll Warangal,ORTHOPAEDICS,10000, 50686,2000000,1,1150
1,14993,Tel Govt-NS LOC,BCB-GEN,Telangana,Gandhi Med Coll Secunderabad,ENT,10000, 50686,2000000,1,1200
1,15010,Tel Govt-NS LOC,BCA-GEN,Telangana,Osmania Med Coll Hyderabad,OPHTHALMOLOGY,10000, 50686,2000000,1,4800
1,15132,Tel Govt-NS LOC,OPEN-GEN,Telangana,Malla Reddy(Women) Hyderabad,TBRD,700000,Info not available,2000000,1,1050
1,15169,Tel Govt-NS LOC,MIN-GEN-MSM,Telangana,DCMS Hyderabad,PAEDIATRICS,775000,Info not available,2000000,1,1400
1,15184,Tel Govt-NS LOC,OPEN-GEN,Telangana,Kamineni (KAMSRC) Hyderabad,OBG,700000,Info not available,2000000,1,650
1,15199,Tel Govt-NS LOC,MIN-GEN-MSM,Telangana,Shadan IMSRC Peerancheru,GENERAL MEDICINE,750000,Info not available,2000000,1,800
1,15268,Tel Govt-NS LOC,ST-GEN,Telangana,Osmania Med Coll Hyderabad,RADIO DIAGNOSIS,10000, 50686,2000000,1,4800
1,15284,Tel Govt-NS UNR,SC-GEN,Telangana,NIMS Hyderabad,ORTHOPAEDICS,72000, 99969,5000000,1,1498
1,15330,Tel Govt-NS LOC,OPEN-GEN,Telangana,Kakatiya Med Coll Warangal,ENT,10000, 50686,2000000,1,1150
1,15358,Tel Govt-NS LOC,BCB-GEN,Telangana,ESIC Med CollSanath Nagar,OPHTHALMOLOGY, 250000,107800,1000000,2,690
1,15366,Tel Govt-NS LOC,OPEN-GEN,Telangana,Prathima IMS Karimnagar,OBG,750000,Info not available,2000000,1,1060
1,15390,Tel Govt-NS UNR,BCB-GEN,Telangana,CAIMS Karimnagar,ORTHOPAEDICS,775000,Info not available,2000000,1,1000
1,15470,Tel Govt-NS UNR,OPEN-FEM,Telangana,Malla Reddy(Women) Hyderabad,ANAESTHESIOLOGY,700000,Info not available,2000000,1,1050
1,15496,Tel Govt-NS UNR,OPEN-FEM,Telangana,Kamineni IMS Narketpally,ENT,750000,Info not available,2000000,1,1060
1,15594,Tel Govt-NS LOC,OPEN-GEN,Telangana,Malla Reddy IMS Hyderabad,GENERAL SURGERY,700000,Info not available,2000000,1,940
1,15699,Tel Govt-NS UNR,BCD-FEM,Telangana,Kamineni (KAMSRC) Hyderabad,GENERAL SURGERY,700000,Info not available,2000000,1,650
1,15701,Tel Govt-NS UNR,OPEN-FEM,Telangana,Bhaskar Med Coll Yenkapally,OPHTHALMOLOGY,750000,Info not available,2000000,1,850
1,15899,Tel Govt-NS LOC,OPEN-GEN,Telangana,Apollo IMSR Hyderabad,OBG,750000,Info not available,2000000,1,570
1,15960,Tel Govt-NS LOC,BCB-GEN,Telangana,RVM IMSRC Siddipet,PAEDIATRICS,700000,Info not available,2000000,1,1110
1,16044,Tel Govt-NS LOC,OPEN-FEM,Telangana,Surabhi InstituteofMSSiddipet,PAEDIATRICS,775000,Info not available,2000000,1,-
1,16050,Tel Govt-NS LOC,BCB-GEN,Telangana,Dr Patnam MRInstofMSChevella,PAEDIATRICS,-,-,-,-,-
1,16073,Tel Govt-NS LOC,OPEN-GEN,Telangana,Govt Med Coll Siddipet,OPHTHALMOLOGY,10000, 50686,2000000,1,-
1,16116,Tel Govt-NS LOC,MIN-FEM-MSM,Telangana,DCMS Hyderabad,DERMATOLOGY,775000,Info not available,2000000,1,1400
1,16179,Tel Govt-NS UNR,OPEN-GEN,Telangana,Mediciti IMS Ghanpur,OPHTHALMOLOGY,700000,Info not available,2000000,1,720
1,16242,Tel Govt-NS LOC,OPEN-GEN,Telangana,Mamata Med Coll Khammam,OBG,750000,Info not available,2000000,1,1080
1,16272,Tel Govt-NS UNR,BCA-GEN,Telangana,Mamata Med Coll Khammam,GENERAL MEDICINE,750000,Info not available,2000000,1,1080
1,16293,Tel Govt-NS LOC,OPEN-GEN,Telangana,Malla Reddy IMS Hyderabad,GENERAL SURGERY,700000,Info not available,2000000,1,940
1,16317,Tel Govt-NS LOC,OPEN-FEM,Telangana,Kakatiya Med Coll Warangal,ORTHOPAEDICS,10000, 50686,2000000,1,1150
1,16362,Tel Govt-NS UNR,BCB-GEN,Telangana,Prathima IMS Karimnagar,GENERAL SURGERY,750000,Info not available,2000000,1,1060
1,16392,Tel Govt-NS UNR,OPEN-GEN,Telangana,Osmania Med Coll Hyderabad,PATHOLOGY,10000, 50686,2000000,1,4800
1,16444,Tel Govt-NS UNR,OPEN-GEN,Telangana,Osmania Med Coll Hyderabad,BIOCHEMISTRY,10000, 50686,2000000,1,4800
1,16447,Tel Govt-NS LOC,BCA-GEN,Telangana,Bhaskar Med Coll Yenkapally,GENERAL MEDICINE,750000,Info not available,2000000,1,850
1,16451,Tel Govt-NS LOC,BCD-GEN,Telangana,Malla Reddy IMS Hyderabad,OBG,700000,Info not available,2000000,1,940
1,16479,Tel Govt-NS LOC,OPEN-FEM,Telangana,Osmania Med Coll Hyderabad,PSYCHIATRY,10000, 50686,2000000,1,4800
1,16519,Tel Govt-NS LOC,BCD-GEN,Telangana,NIMS Hyderabad,RADIATION ONCOLOGY,72000, 99969,5000000,1,1498
1,16526,Tel Govt-NS LOC,MIN-GEN-MSM,Telangana,Shadan IMSRC Peerancheru,DERMATOLOGY,750000,Info not available,2000000,1,800
1,16528,Tel Govt-NS UNR,SC-GEN,Telangana,Osmania Med Coll Hyderabad,GENERAL SURGERY,10000, 50686,2000000,1,4800
1,16530,Tel Govt-NS LOC,OPEN-GEN,Telangana,Kamineni IMS Narketpally,OBG,750000,Info not available,2000000,1,1060
1,16544,Tel Govt-NS UNR,SC-GEN,Telangana,Rajiv Gandhi IMS Adilabad,DERMATOLOGY,10000, 50686,2000000,1,Info Not Availbale
1,16679,Tel Govt-NS LOC,BCE-GEN,Telangana,Bhaskar Med Coll Yenkapally,RADIO DIAGNOSIS,750000,Info not available,2000000,1,850
1,16786,Tel Govt-NS LOC,BCE-GEN,Telangana,Malla Reddy IMS Hyderabad,OBG,700000,Info not available,2000000,1,940
1,16803,Tel Govt-NS LOC,MIN-GEN-MSM,Telangana,Shadan IMSRC Peerancheru,OBG,750000,Info not available,2000000,1,800
1,16823,Tel Govt-NS LOC,OPEN-GEN,Telangana,Mediciti IMS Ghanpur,OBG,700000,Info not available,2000000,1,720
1,16951,Tel Govt-NS LOC,BCC-FEM,Telangana,Gandhi Med Coll Secunderabad,OBG,10000, 50686,2000000,1,1200
1,17142,Tel Govt-NS LOC,SC-GEN,Telangana,Kakatiya Med Coll Warangal,PAEDIATRICS,10000, 50686,2000000,1,1150
1,17143,Tel Govt-NS LOC,BCB-FEM,Telangana,Govt Med Coll Siddipet,OPHTHALMOLOGY,10000, 50686,2000000,1,-
1,17145,Tel Govt-NS LOC,OPEN-GEN,Telangana,Bhaskar Med Coll Yenkapally,OBG,750000,Info not available,2000000,1,850
1,17236,Tel Govt-NS LOC,MIN-GEN-MSM,Telangana,Shadan IMSRC Peerancheru,PAEDIATRICS,750000,Info not available,2000000,1,800
1,17358,Tel Govt-NS LOC,BCA-GEN,Telangana,Malla Reddy IMS Hyderabad,PAEDIATRICS,700000,Info not available,2000000,1,940
1,17390,Tel Govt-NS LOC,OPEN-GEN,Telangana,Malla Reddy IMS Hyderabad,ANAESTHESIOLOGY,700000,Info not available,2000000,1,940
1,17407,Tel Govt-NS LOC,OPEN-GEN,Telangana,SVS Med Coll Mehboobnagar,GENERAL SURGERY,750000,Info not available,2000000,1,760
1,17459,Tel Govt-NS LOC,OPEN-FEM,Telangana,MNR Med Coll Sangareddy,OBG,700000,Info not available,2000000,1,760
1,17512,Tel Govt-NS LOC,OPEN-GEN,Telangana,Osmania Med Coll Hyderabad,PSYCHIATRY,10000, 50686,2000000,1,4800
1,17527,Tel Govt-NS LOC,SC-GEN,Telangana,Osmania Med Coll Hyderabad,TBRD,10000, 50686,2000000,1,4800
1,17550,Tel Govt-NS LOC,OPEN-GEN,Telangana,Osmania Med Coll Hyderabad,RADIATION ONCOLOGY,10000, 50686,2000000,1,4800
1,17605,Tel Govt-NS LOC,OPEN-FEM,Telangana,Kamineni (KAMSRC) Hyderabad,GENERAL SURGERY,700000,Info not available,2000000,1,650
1,17619,Tel Govt-NS LOC,OPEN-GEN,Telangana,Rajiv Gandhi IMS Adilabad,ENT,10000, 50686,2000000,1,Info Not Availbale
1,17658,Tel Govt-NS LOC,BCB-FEM,Telangana,Kamineni IMS Narketpally,OBG,750000,Info not available,2000000,1,1060
1,17708,Tel Govt-NS LOC,BCE-GEN,Telangana,Prathima IMS Karimnagar,GENERAL MEDICINE,750000,Info not available,2000000,1,1060
1,17744,Tel Govt-NS LOC,BCB-GEN,Telangana,SVS Med Coll Mehboobnagar,GENERAL SURGERY,750000,Info not available,2000000,1,760
1,17818,Tel Govt-NS LOC,OPEN-GEN,Telangana,CAIMS Karimnagar,GENERAL SURGERY,775000,Info not available,2000000,1,1000
1,17966,Tel Govt-NS LOC,BCA-GEN,Telangana,Gandhi Med Coll Secunderabad,ENT,10000, 50686,2000000,1,1200
1,18016,Tel Govt-NS LOC,SC-GEN,Telangana,Kakatiya Med Coll Warangal,GENERAL SURGERY,10000, 50686,2000000,1,1150
1,18090,Tel Govt-NS LOC,SC-FEM,Telangana,Osmania Med Coll Hyderabad,PAEDIATRICS,10000, 50686,2000000,1,4800
1,18392,Tel Govt-NS UNR,BCE-GEN,Telangana,SVS Med Coll Mehboobnagar,OBG,750000,Info not available,2000000,1,760
1,18458,Tel Govt-NS LOC,BCB-GEN,Telangana,Bhaskar Med Coll Yenkapally,OBG,750000,Info not available,2000000,1,850
1,18492,Tel Govt-NS LOC,SC-GEN,Telangana,Osmania Med Coll Hyderabad,OBG,10000, 50686,2000000,1,4800
1,18493,Tel Govt-NS LOC,MIN-GEN-MSM,Telangana,DCMS Hyderabad,TBRD,775000,Info not available,2000000,1,1400
1,18720,Tel Govt-NS LOC,BCA-GEN,Telangana,Prathima IMS Karimnagar,OBG,750000,Info not available,2000000,1,1060
1,18732,Tel Govt-NS UNR,MIN-FEM-MSM,Telangana,DCMS Hyderabad,OBG,775000,Info not available,2000000,1,1400
1,18745,Tel Govt-NS LOC,BCD-GEN,Telangana,Apollo IMSR Hyderabad,OBG,750000,Info not available,2000000,1,570
1,18759,Tel Govt-NS LOC,OPEN-GEN-PHO,Telangana,NIMS Hyderabad,RADIO DIAGNOSIS,72000, 99969,5000000,1,1498
1,18823,Tel Govt-NS LOC,ST-GEN,Telangana,Gandhi Med Coll Secunderabad,GENERAL MEDICINE,10000, 50686,2000000,1,1200
1,18853,Tel Govt-NS LOC,OPEN-GEN,Telangana,Gandhi Med Coll Secunderabad,PATHOLOGY,10000, 50686,2000000,1,1200
1,18963,Tel Govt-NS LOC,BCB-GEN,Telangana,Surabhi InstituteofMSSiddipet,OBG,775000,Info not available,2000000,1,-
1,18991,Tel Govt-NS LOC,OPEN-FEM,Telangana,Prathima IMS Karimnagar,GENERAL SURGERY,750000,Info not available,2000000,1,1060
1,19058,Tel Govt-NS LOC,SC-FEM,Telangana,Kakatiya Med Coll Warangal,OBG,10000, 50686,2000000,1,1150
1,19087,Tel Govt-NS LOC,OPEN-FEM,Telangana,CAIMS Karimnagar,TBRD,775000,Info not available,2000000,1,1000
1,19114,Tel Govt-NS UNR,BCA-FEM,Telangana,MNR Med Coll Sangareddy,PAEDIATRICS,700000,Info not available,2000000,1,760
1,19115,Tel Govt-NS LOC,OPEN-FEM,Telangana,CAIMS Karimnagar,GENERAL SURGERY,775000,Info not available,2000000,1,1000
1,19116,Tel Govt-NS LOC,SC-FEM,Telangana,Kakatiya Med Coll Warangal,ANAESTHESIOLOGY,10000, 50686,2000000,1,1150
1,19118,Tel Govt-NS LOC,OPEN-GEN,Telangana,Osmania Med Coll Hyderabad,RADIATION ONCOLOGY,10000, 50686,2000000,1,4800
1,19132,Tel Govt-NS LOC,SC-FEM,Telangana,NIMS Hyderabad,ANAESTHESIOLOGY,72000, 99969,5000000,1,1498
1,19192,Tel Govt-NS LOC,OPEN-FEM,Telangana,Mediciti IMS Ghanpur,TBRD,700000,Info not available,2000000,1,720
1,19273,Tel Govt-NS LOC,OPEN-FEM,Telangana,Mamata Med Coll Khammam,GENERAL SURGERY,750000,Info not available,2000000,1,1080
1,19520,Tel Govt-NS LOC,OPEN-FEM,Telangana,NIMS Hyderabad,PATHOLOGY,72000, 99969,5000000,1,1498
1,19660,Tel Govt-NS LOC,OPEN-GEN,Telangana,CAIMS Karimnagar,OPHTHALMOLOGY,775000,Info not available,2000000,1,1000
1,19809,Tel Govt-NS LOC,BCE-GEN,Telangana,Gandhi Med Coll Secunderabad,OPHTHALMOLOGY,10000, 50686,2000000,1,1200
1,19818,Tel Govt-NS LOC,OPEN-GEN,Telangana,Kamineni IMS Narketpally,GENERAL SURGERY,750000,Info not available,2000000,1,1060
1,19906,Tel Govt-NS LOC,OPEN-GEN,Telangana,MNR Med Coll Sangareddy,TBRD,700000,Info not available,2000000,1,760
1,19940,Tel Govt-NS UNR,OPEN-FEM,Telangana,Prathima IMS Karimnagar,ANAESTHESIOLOGY,750000,Info not available,2000000,1,1060
1,20017,Tel Govt-NS UNR,BCD-GEN,Telangana,Govt Med Coll Nizamabad,PSYCHIATRY,10000, 50686,2000000,1,500
1,20022,Tel Govt-NS LOC,OPEN-FEM,Telangana,Kamineni IMS Narketpally,GENERAL SURGERY,750000,Info not available,2000000,1,1060
1,20203,Tel Govt-NS LOC,BCD-GEN,Telangana,Govt Med Coll Nizamabad,ENT,10000, 50686,2000000,1,500
1,20242,Tel Govt-NS LOC,SC-GEN,Telangana,Kamineni (KAMSRC) Hyderabad,GENERAL MEDICINE,700000,Info not available,2000000,1,650
1,20251,Tel Govt-NS LOC,OPEN-GEN,Telangana,NIMS Hyderabad,PATHOLOGY,72000, 99969,5000000,1,1498
1,20341,Tel Govt-NS UNR,BCD-GEN,Telangana,Malla Reddy(Women) Hyderabad,EMERGENCY MEDICINE,700000,Info not available,2000000,1,1050
1,20445,Tel Govt-NS LOC,OPEN-GEN,Telangana,Malla Reddy IMS Hyderabad,ANAESTHESIOLOGY,700000,Info not available,2000000,1,940
1,20501,Tel Govt-NS LOC,BCA-GEN,Telangana,Apollo IMSR Hyderabad,PAEDIATRICS,750000,Info not available,2000000,1,570
1,20514,Tel Govt-NS LOC,OPEN-GEN,Telangana,Prathima IMS Karimnagar,OPHTHALMOLOGY,750000,Info not available,2000000,1,1060
1,20552,Tel Govt-NS LOC,SC-FEM,Telangana,Osmania Med Coll Hyderabad,GENERAL SURGERY,10000, 50686,2000000,1,4800
1,20556,Tel Govt-NS LOC,OPEN-GEN,Telangana,Prathima IMS Karimnagar,GENERAL SURGERY,750000,Info not available,2000000,1,1060
1,20578,Tel Govt-NS LOC,BCB-FEM,Telangana,Malla Reddy IMS Hyderabad,GENERAL SURGERY,700000,Info not available,2000000,1,940
1,20632,Tel Govt-NS LOC,OPEN-FEM,Telangana,Osmania Med Coll Hyderabad,PATHOLOGY,10000, 50686,2000000,1,4800
1,20792,Tel Govt-NS LOC,BCD-FEM,Telangana,Mahavir Inst of MS Vikarabad,GENERAL MEDICINE,700000,Info not available,2000000,1,700
1,20850,Tel Govt-NS LOC,BCB-GEN,Telangana,Kamineni IMS Narketpally,GENERAL SURGERY,750000,Info not available,2000000,1,1060
1,20990,Tel Govt-NS LOC,OPEN-GEN,Telangana,Mediciti IMS Ghanpur,GENERAL SURGERY,700000,Info not available,2000000,1,720
1,21080,Tel Govt-NS UNR,BCE-FEM,Telangana,Rajiv Gandhi IMS Adilabad,ANAESTHESIOLOGY,10000, 50686,2000000,1,Info Not Availbale
1,21136,Tel Govt-NS LOC,SC-GEN,Telangana,Govt Med Coll Nizamabad,OBG,10000, 50686,2000000,1,500
1,21162,Tel Govt-NS LOC,OPEN-GEN,Telangana,Malla Reddy IMS Hyderabad,ORTHOPAEDICS,700000,Info not available,2000000,1,940
1,21219,Tel Govt-NS LOC,OPEN-GEN,Telangana,Malla Reddy IMS Hyderabad,OPHTHALMOLOGY,700000,Info not available,2000000,1,940
1,21300,Tel Govt-NS LOC,BCA-GEN,Telangana,Rajiv Gandhi IMS Adilabad,ANAESTHESIOLOGY,10000, 50686,2000000,1,Info Not Availbale
1,21305,Tel Govt-NS LOC,OPEN-GEN,Telangana,Malla Reddy IMS Hyderabad,EMERGENCY MEDICINE,-,-,-,-,940
1,21308,Tel Govt-NS LOC,OPEN-GEN,Telangana,MNR Med Coll Sangareddy,GENERAL SURGERY,700000,Info not available,2000000,1,760
1,21314,Tel Govt-NS LOC,OPEN-GEN,Telangana,Osmania Med Coll Hyderabad,PSYCHIATRY,10000, 50686,2000000,1,4800
1,21377,Tel Govt-NS LOC,OPEN-GEN,Telangana,Bhaskar Med Coll Yenkapally,GENERAL SURGERY,750000,Info not available,2000000,1,850
1,21542,Tel Govt-NS LOC,BCA-GEN,Telangana,Kamineni IMS Narketpally,GENERAL MEDICINE,750000,Info not available,2000000,1,1060
1,21615,Tel Govt-NS LOC,OPEN-FEM,Telangana,Malla Reddy IMS Hyderabad,ENT,700000,Info not available,2000000,1,940
1,21658,Tel Govt-NS LOC,SC-GEN,Telangana,ESIC Med CollSanath Nagar,GENERAL SURGERY, 250000,107800,1000000,2,690
1,21758,Tel Govt-NS LOC,BCB-GEN,Telangana,Rajiv Gandhi IMS Adilabad,ENT,10000, 50686,2000000,1,Info Not Availbale
1,21838,Tel Govt-NS LOC,SC-FEM,Telangana,Govt Med Coll Siddipet,GENERAL SURGERY,10000, 50686,2000000,1,-
1,21892,Tel Govt-NS UNR,BCA-GEN,Telangana,Malla Reddy IMS Hyderabad,GENERAL SURGERY,700000,Info not available,2000000,1,940
1,22120,Tel Govt-NS LOC,OPEN-FEM,Telangana,Apollo IMSR Hyderabad,EMERGENCY MEDICINE,-,-,-,-,570
1,22201,Tel Govt-NS LOC,OPEN-FEM,Telangana,ESIC Med CollSanath Nagar,PATHOLOGY, 250000,107800,1000000,2,690
1,22207,Tel Govt-NS LOC,BCD-FEM,Telangana,Apollo IMSR Hyderabad,TBRD,750000,Info not available,2000000,1,570
1,22267,Tel Govt-NS LOC,ST-GEN,Telangana,Kakatiya Med Coll Warangal,GENERAL MEDICINE,10000, 50686,2000000,1,1150
1,22369,Tel Govt-NS LOC,SC-GEN,Telangana,Kakatiya Med Coll Warangal,TBRD,10000, 50686,2000000,1,1150
1,22434,Tel Govt-NS LOC,OPEN-GEN,Telangana,Gandhi Med Coll Secunderabad,PSYCHIATRY,10000, 50686,2000000,1,1200
1,22448,Tel Govt-NS LOC,MIN-GEN-MSM,Telangana,Shadan IMSRC Peerancheru,TBRD,750000,Info not available,2000000,1,800
1,22540,Tel Govt-NS LOC,MIN-FEM-MSM,Telangana,DCMS Hyderabad,OBG,775000,Info not available,2000000,1,1400
1,22749,Tel Govt-NS LOC,SC-FEM,Telangana,SVS Med Coll Mehboobnagar,GENERAL MEDICINE,750000,Info not available,2000000,1,760
1,22803,Tel Govt-NS LOC,SC-GEN,Telangana,Prathima IMS Karimnagar,RADIO DIAGNOSIS,750000,Info not available,2000000,1,1060
1,22852,Tel Govt-NS LOC,OPEN-GEN,Telangana,Dr Patnam MRInstofMSChevella,GENERAL SURGERY,-,-,-,-,-
1,22853,Tel Govt-NS LOC,OPEN-FEM,Telangana,Osmania Med Coll Hyderabad,PATHOLOGY,10000, 50686,2000000,1,4800
1,22889,Tel Govt-NS LOC,OPEN-GEN,Telangana,SVS Med Coll Mehboobnagar,ANAESTHESIOLOGY,750000,Info not available,2000000,1,760
1,22934,Tel Govt-NS LOC,MIN-FEM-MSM,Telangana,DrVRK Womens MedCollAziznagar,OBG,700000,Info not available,2000000,1,500
1,22952,Tel Govt-NS LOC,SC-GEN,Telangana,MNR Med Coll Sangareddy,RADIO DIAGNOSIS,700000,Info not available,2000000,1,760
1,22955,Tel Govt-NS LOC,BCE-FEM,Telangana,Mamata Med Coll Khammam,GENERAL MEDICINE,750000,Info not available,2000000,1,1080
1,22999,Tel Govt-NS LOC,BCA-FEM,Telangana,Dr Patnam MRInstofMSChevella,GENERAL MEDICINE,-,-,-,-,-
1,23038,Tel Govt-NS LOC,BCE-GEN,Telangana,Rajiv Gandhi IMS Adilabad,ORTHOPAEDICS,10000, 50686,2000000,1,Info Not Availbale
1,23167,Tel Govt-NS LOC,OPEN-GEN,Telangana,Apollo IMSR Hyderabad,ORTHOPAEDICS,750000,Info not available,2000000,1,570
1,23213,Tel Govt-NS LOC,OPEN-FEM,Telangana,Malla Reddy(Women) Hyderabad,OPHTHALMOLOGY,700000,Info not available,2000000,1,1050
1,23214,Tel Govt-NS UNR,MIN-FEM-MSM,Telangana,DrVRK Womens MedCollAziznagar,PAEDIATRICS,700000,Info not available,2000000,1,500
1,23261,Tel Govt-NS LOC,OPEN-FEM,Telangana,CAIMS Karimnagar,ANAESTHESIOLOGY,775000,Info not available,2000000,1,1000
1,23319,Tel Govt-NS LOC,BCB-FEM,Telangana,CAIMS Karimnagar,GENERAL SURGERY,775000,Info not available,2000000,1,1000
1,23362,Tel Govt-NS LOC,OPEN-GEN,Telangana,Osmania Med Coll Hyderabad,PATHOLOGY,10000, 50686,2000000,1,4800
1,23435,Tel Govt-NS LOC,MIN-GEN-MSM,Telangana,DCMS Hyderabad,GENERAL SURGERY,775000,Info not available,2000000,1,1400
1,23452,Tel Govt-NS LOC,SC-GEN,Telangana,CAIMS Karimnagar,GENERAL MEDICINE,775000,Info not available,2000000,1,1000
1,23470,Tel Govt-NS LOC,OPEN-GEN,Telangana,Prathima IMS Karimnagar,ORTHOPAEDICS,750000,Info not available,2000000,1,1060
1,23537,Tel Govt-NS LOC,BCD-GEN,Telangana,Malla Reddy(Women) Hyderabad,GENERAL SURGERY,700000,Info not available,2000000,1,1050
1,23555,Tel Govt-NS UNR,SC-GEN,Telangana,Kamineni IMS Narketpally,GENERAL MEDICINE,750000,Info not available,2000000,1,1060
1,23556,Tel Govt-NS LOC,SC-FEM,Telangana,Osmania Med Coll Hyderabad,OPHTHALMOLOGY,10000, 50686,2000000,1,4800
1,23617,Tel Govt-NS LOC,OPEN-GEN,Telangana,Mamata Med Coll Khammam,ENT,750000,Info not available,2000000,1,1080
1,23669,Tel Govt-NS LOC,SC-GEN,Telangana,NIMS Hyderabad,ANAESTHESIOLOGY,72000, 99969,5000000,1,1498
1,23776,Tel Govt-NS LOC,BCB-FEM,Telangana,MNR Med Coll Sangareddy,TBRD,700000,Info not available,2000000,1,760
1,23841,Tel Govt-NS LOC,OPEN-GEN,Telangana,CAIMS Karimnagar,ANAESTHESIOLOGY,775000,Info not available,2000000,1,1000
1,23855,Tel Govt-NS LOC,ST-GEN,Telangana,Osmania Med Coll Hyderabad,DERMATOLOGY,10000, 50686,2000000,1,4800
1,23860,Tel Govt-NS LOC,BCE-FEM,Telangana,Mamata Med Coll Khammam,PAEDIATRICS,750000,Info not available,2000000,1,1080
1,23876,Tel Govt-NS LOC,OPEN-GEN,Telangana,Mediciti IMS Ghanpur,ANAESTHESIOLOGY,700000,Info not available,2000000,1,720
1,23921,Tel Govt-NS LOC,BCD-FEM,Telangana,Mamata Med Coll Khammam,PSYCHIATRY,750000,Info not available,2000000,1,1080
1,23957,Tel Govt-NS UNR,BCE-GEN,Telangana,MNR Med Coll Sangareddy,GENERAL SURGERY,700000,Info not available,2000000,1,760
1,23979,Tel Govt-NS LOC,OPEN-GEN,Telangana,SVS Med Coll Mehboobnagar,OPHTHALMOLOGY,750000,Info not available,2000000,1,760
1,24159,Tel Govt-NS LOC,MIN-GEN-MSM,Telangana,DCMS Hyderabad,OBG,775000,Info not available,2000000,1,1400
1,24219,Tel Govt-NS LOC,OPEN-GEN,Telangana,Osmania Med Coll Hyderabad,PATHOLOGY,10000, 50686,2000000,1,4800
1,24351,Tel Govt-NS LOC,OPEN-GEN,Telangana,Kamineni (KAMSRC) Hyderabad,ANAESTHESIOLOGY,700000,Info not available,2000000,1,650
1,24610,Tel Govt-NS LOC,ST-FEM,Telangana,Osmania Med Coll Hyderabad,PAEDIATRICS,10000, 50686,2000000,1,4800
1,24920,Tel Govt-NS LOC,OPEN-GEN,Telangana,Mamata Med Coll Khammam,OPHTHALMOLOGY,750000,Info not available,2000000,1,1080
1,24995,Tel Govt-NS LOC,OPEN-GEN,Telangana,Mamata Med Coll Khammam,ORTHOPAEDICS,750000,Info not available,2000000,1,1080
1,25103,Tel Govt-NS LOC,MIN-FEM-MSM,Telangana,DrVRK Womens MedCollAziznagar,PAEDIATRICS,700000,Info not available,2000000,1,500
1,25252,Tel Govt-NS LOC,BCD-GEN,Telangana,MNR Med Coll Sangareddy,OPHTHALMOLOGY,700000,Info not available,2000000,1,760
1,25363,Tel Govt-NS LOC,OPEN-FEM,Telangana,Kamineni (KAMSRC) Hyderabad,ORTHOPAEDICS,700000,Info not available,2000000,1,650
1,25426,Tel Govt-NS LOC,BCB-GEN,Telangana,Mamata Med Coll Khammam,OPHTHALMOLOGY,750000,Info not available,2000000,1,1080
1,25475,Tel Govt-NS LOC,OPEN-GEN,Telangana,Bhaskar Med Coll Yenkapally,ORTHOPAEDICS,750000,Info not available,2000000,1,850
1,25493,Tel Govt-NS LOC,BCA-GEN,Telangana,Malla Reddy(Women) Hyderabad,OBG,700000,Info not available,2000000,1,1050
1,25602,Tel Govt-NS LOC,BCE-FEM,Telangana,Mediciti IMS Ghanpur,OBG,700000,Info not available,2000000,1,720
1,25767,Tel Govt-NS LOC,OPEN-GEN,Telangana,ESIC Med CollSanath Nagar,PMR, 250000,107800,1000000,2,690
1,25782,Tel Govt-NS LOC,OPEN-GEN,Telangana,CAIMS Karimnagar,ORTHOPAEDICS,775000,Info not available,2000000,1,1000
1,25930,Tel Govt-NS LOC,SC-GEN,Telangana,Surabhi InstituteofMSSiddipet,GENERAL MEDICINE,775000,Info not available,2000000,1,-
1,26067,Tel Govt-NS LOC,OPEN-GEN,Telangana,Osmania Med Coll Hyderabad,PATHOLOGY,10000, 50686,2000000,1,4800
1,26081,Tel Govt-NS LOC,OPEN-FEM,Telangana,Malla Reddy IMS Hyderabad,ANAESTHESIOLOGY,700000,Info not available,2000000,1,940
1,26115,Tel Govt-NS UNR,MIN-GEN-MSM,Telangana,DCMS Hyderabad,ANAESTHESIOLOGY,775000,Info not available,2000000,1,1400
1,26352,Tel Govt-NS LOC,OPEN-GEN,Telangana,Kamineni IMS Narketpally,ORTHOPAEDICS,750000,Info not available,2000000,1,1060
1,26480,Tel Govt-NS LOC,SC-GEN,Telangana,Malla Reddy IMS Hyderabad,OBG,700000,Info not available,2000000,1,940
1,26533,Tel Govt-NS LOC,OPEN-GEN,Telangana,Malla Reddy IMS Hyderabad,ANAESTHESIOLOGY,700000,Info not available,2000000,1,940
1,26776,Tel Govt-NS LOC,MIN-GEN-MSM,Telangana,Shadan IMSRC Peerancheru,GENERAL SURGERY,750000,Info not available,2000000,1,800
1,26805,Tel Govt-NS LOC,ST-GEN,Telangana,Osmania Med Coll Hyderabad,PAEDIATRICS,10000, 50686,2000000,1,4800
1,26917,Tel Govt-NS LOC,SC-GEN,Telangana,Osmania Med Coll Hyderabad,OPHTHALMOLOGY,10000, 50686,2000000,1,4800
1,26940,Tel Govt-NS LOC,BCE-GEN,Telangana,SVS Med Coll Mehboobnagar,TBRD,750000,Info not available,2000000,1,760
1,27013,Tel Govt-NS LOC,ST-FEM,Telangana,Gandhi Med Coll Secunderabad,PAEDIATRICS,10000, 50686,2000000,1,1200
1,27190,Tel Govt-NS LOC,BCA-GEN,Telangana,Dr Patnam MRInstofMSChevella,OBG,-,-,-,-,-
1,27243,Tel Govt-NS LOC,SC-GEN,Telangana,RVM IMSRC Siddipet,DERMATOLOGY,700000,Info not available,2000000,1,1110
1,27316,Tel Govt-NS UNR,BCD-GEN,Telangana,Mamata Med Coll Khammam,ANAESTHESIOLOGY,750000,Info not available,2000000,1,1080
1,27371,Tel Govt-NS LOC,BCE-FEM,Telangana,SVS Med Coll Mehboobnagar,OPHTHALMOLOGY,750000,Info not available,2000000,1,760
1,27380,Tel Govt-NS LOC,OPEN-GEN,Telangana,CAIMS Karimnagar,ENT,775000,Info not available,2000000,1,1000
1,27595,Tel Govt-NS UNR,OPEN-GEN,Telangana,NIMS Hyderabad,HOSPITAL ADMINISTRATION,72000, 99969,5000000,1,1498
1,27682,Tel Govt-NS LOC,BCA-GEN,Telangana,Kamineni (KAMSRC) Hyderabad,EMERGENCY MEDICINE,700000,Info not available,2000000,1,650
1,27900,Tel Govt-NS LOC,SC-FEM,Telangana,Kakatiya Med Coll Warangal,OPHTHALMOLOGY,10000, 50686,2000000,1,1150
1,28034,Tel Govt-NS LOC,ST-FEM,Telangana,Osmania Med Coll Hyderabad,OBG,10000, 50686,2000000,1,4800
1,28061,Tel Govt-NS LOC,BCD-GEN,Telangana,MNR Med Coll Sangareddy,GENERAL SURGERY,700000,Info not available,2000000,1,760
1,28119,Tel Govt-NS LOC,BCD-FEM,Telangana,Mamata Med Coll Khammam,ENT,750000,Info not available,2000000,1,1080
1,28137,Tel Govt-NS LOC,MIN-GEN-MSM,Telangana,DCMS Hyderabad,ANAESTHESIOLOGY,775000,Info not available,2000000,1,1400
1,28200,Tel Govt-NS LOC,BCE-GEN,Telangana,Apollo IMSR Hyderabad,ANAESTHESIOLOGY,750000,Info not available,2000000,1,570
1,28203,Tel Govt-NS LOC,OPEN-GEN,Telangana,Mediciti IMS Ghanpur,ORTHOPAEDICS,700000,Info not available,2000000,1,720
1,28241,Tel Govt-NS LOC,SC-FEM,Telangana,Osmania Med Coll Hyderabad,ENT,10000, 50686,2000000,1,4800
1,28290,Tel Govt-NS LOC,BCA-GEN,Telangana,Apollo IMSR Hyderabad,ORTHOPAEDICS,750000,Info not available,2000000,1,570
1,28356,Tel Govt-NS LOC,OPEN-GEN,Telangana,Govt Med Coll Mahabubnagar,PATHOLOGY,10000, 50686,2000000,1,900
1,28370,Tel Govt-NS LOC,BCB-GEN,Telangana,Bhaskar Med Coll Yenkapally,ORTHOPAEDICS,750000,Info not available,2000000,1,850
1,28464,Tel Govt-NS LOC,MIN-GEN-MSM,Telangana,DCMS Hyderabad,ORTHOPAEDICS,775000,Info not available,2000000,1,1400
1,28471,Tel Govt-NS UNR,SC-GEN,Telangana,Rajiv Gandhi IMS Adilabad,OPHTHALMOLOGY,10000, 50686,2000000,1,Info Not Availbale
1,28495,Tel Govt-NS LOC,BCD-GEN,Telangana,Malla Reddy(Women) Hyderabad,ORTHOPAEDICS,700000,Info not available,2000000,1,1050
1,28529,Tel Govt-NS LOC,ST-GEN,Telangana,Osmania Med Coll Hyderabad,OBG,10000, 50686,2000000,1,4800
1,28544,Tel Govt-NS UNR,OPEN-FEM,Telangana,Osmania Med Coll Hyderabad,FORENSIC MEDICINE,10000, 50686,2000000,1,4800
1,28670,Tel Govt-NS LOC,SC-GEN,Telangana,Kamineni (KAMSRC) Hyderabad,OBG,700000,Info not available,2000000,1,650
1,28683,Tel Govt-NS LOC,OPEN-GEN,Telangana,SVS Med Coll Mehboobnagar,ANAESTHESIOLOGY,750000,Info not available,2000000,1,760
1,28734,Tel Govt-NS UNR,SC-GEN,Telangana,Osmania Med Coll Hyderabad,ANAESTHESIOLOGY,10000, 50686,2000000,1,4800
1,28742,Tel Govt-NS LOC,BCB-GEN,Telangana,SVS Med Coll Mehboobnagar,ANAESTHESIOLOGY,750000,Info not available,2000000,1,760
1,28904,Tel Govt-NS LOC,SC-FEM,Telangana,Osmania Med Coll Hyderabad,ANAESTHESIOLOGY,10000, 50686,2000000,1,4800
1,28911,Tel Govt-NS LOC,BCE-FEM,Telangana,Malla Reddy IMS Hyderabad,ANAESTHESIOLOGY,700000,Info not available,2000000,1,940
1,29122,Tel Govt-NS LOC,SC-FEM,Telangana,SVS Med Coll Mehboobnagar,DERMATOLOGY,750000,Info not available,2000000,1,760
1,29137,Tel Govt-NS LOC,BCB-FEM,Telangana,Malla Reddy IMS Hyderabad,ANAESTHESIOLOGY,700000,Info not available,2000000,1,940
1,29141,Tel Govt-NS LOC,SC-GEN,Telangana,Mediciti IMS Ghanpur,OPHTHALMOLOGY,700000,Info not available,2000000,1,720
1,29305,Tel Govt-NS LOC,OPEN-GEN,Telangana,Prathima IMS Karimnagar,ANAESTHESIOLOGY,750000,Info not available,2000000,1,1060
1,29374,Tel Govt-NS LOC,OPEN-FEM,Telangana,Mediciti IMS Ghanpur,ANAESTHESIOLOGY,700000,Info not available,2000000,1,720
1,29397,Tel Govt-NS LOC,OPEN-GEN,Telangana,MNR Med Coll Sangareddy,ORTHOPAEDICS,700000,Info not available,2000000,1,760
1,29441,Tel Govt-NS LOC,OPEN-GEN,Telangana,Prathima IMS Karimnagar,ANAESTHESIOLOGY,750000,Info not available,2000000,1,1060
1,29498,Tel Govt-NS LOC,SC-GEN,Telangana,Gandhi Med Coll Secunderabad,ANAESTHESIOLOGY,10000, 50686,2000000,1,1200
1,29552,Tel Govt-NS LOC,BCD-GEN,Telangana,Bhaskar Med Coll Yenkapally,GENERAL SURGERY,750000,Info not available,2000000,1,850
1,29696,Tel Govt-NS LOC,SC-GEN,Telangana,Osmania Med Coll Hyderabad,ORTHOPAEDICS,10000, 50686,2000000,1,4800
1,29867,Tel Govt-NS LOC,OPEN-GEN,Telangana,Osmania Med Coll Hyderabad,DO,10000, 50686,1000000,1,4800
1,29982,Tel Govt-NS UNR,BCB-FEM,Telangana,SVS Med Coll Mehboobnagar,ENT,750000,Info not available,2000000,1,760
1,30193,Tel Govt-NS LOC,BCC-GEN,Telangana,Malla Reddy IMS Hyderabad,RADIO DIAGNOSIS,700000,Info not available,2000000,1,940
1,30205,Tel Govt-NS LOC,SC-FEM,Telangana,MNR Med Coll Sangareddy,GENERAL MEDICINE,700000,Info not available,2000000,1,760
1,30276,Tel Govt-NS LOC,OPEN-FEM,Telangana,Mediciti IMS Ghanpur,ORTHOPAEDICS,700000,Info not available,2000000,1,720
1,30372,Tel Govt-NS LOC,OPEN-GEN,Telangana,Dr Patnam MRInstofMSChevella,ORTHOPAEDICS,-,-,-,-,-
1,30521,Tel Govt-NS LOC,BCA-FEM,Telangana,RVM IMSRC Siddipet,GENERAL SURGERY,700000,Info not available,2000000,1,1110
1,30630,Tel Govt-NS LOC,BCB-FEM,Telangana,Osmania Med Coll Hyderabad,RADIATION ONCOLOGY,10000, 50686,2000000,1,4800
1,30641,Tel Govt-NS LOC,OPEN-GEN,Telangana,Kakatiya Med Coll Warangal,PATHOLOGY,10000, 50686,2000000,1,1150
1,30668,Tel Govt-NS LOC,OPEN-FEM,Telangana,SVS Med Coll Mehboobnagar,ANAESTHESIOLOGY,750000,Info not available,2000000,1,760
1,30780,Tel Govt-NS LOC,BCA-GEN,Telangana,Kamineni (KAMSRC) Hyderabad,ORTHOPAEDICS,700000,Info not available,2000000,1,650
1,30827,Tel Govt-NS LOC,BCC-FEM,Telangana,Govt Med Coll Nizamabad,ANAESTHESIOLOGY,10000, 50686,2000000,1,500
1,30909,Tel Govt-NS LOC,OPEN-GEN,Telangana,CAIMS Karimnagar,ANAESTHESIOLOGY,775000,Info not available,2000000,1,1000
1,30962,Tel Govt-NS LOC,SC-GEN,Telangana,Govt Med Coll Nizamabad,ANAESTHESIOLOGY,10000, 50686,2000000,1,500
1,30968,Tel Govt-NS LOC,OPEN-GEN,Telangana,Kamineni IMS Narketpally,ANAESTHESIOLOGY,750000,Info not available,2000000,1,1060
1,31024,Tel Govt-NS LOC,OPEN-GEN,Telangana,Bhaskar Med Coll Yenkapally,ANAESTHESIOLOGY,750000,Info not available,2000000,1,850
1,31034,Tel Govt-NS LOC,SC-GEN,Telangana,Kakatiya Med Coll Warangal,ENT,10000, 50686,2000000,1,1150
1,31221,Tel Govt-NS LOC,MIN-FEM-MSM,Telangana,Shadan IMSRC Peerancheru,ENT,750000,Info not available,2000000,1,800
1,31270,Tel Govt-NS LOC,SC-FEM,Telangana,Surabhi InstituteofMSSiddipet,RADIO DIAGNOSIS,775000,Info not available,2000000,1,-
1,31292,Tel Govt-NS LOC,OPEN-GEN,Telangana,MNR Med Coll Sangareddy,ENT,700000,Info not available,2000000,1,760
1,31481,Tel Govt-NS LOC,BCB-GEN,Telangana,Osmania Med Coll Hyderabad,PSYCHIATRY,10000, 50686,2000000,1,4800
1,31695,Tel Govt-NS LOC,SC-GEN,Telangana,Kakatiya Med Coll Warangal,ORTHOPAEDICS,10000, 50686,2000000,1,1150
1,31887,Tel Govt-NS UNR,OPEN-GEN,Telangana,Kamineni (KAMSRC) Hyderabad,IHBT,700000,Info not available,2000000,1,650
1,32001,Tel Govt-NS LOC,OPEN-FEM,Telangana,MNR Med Coll Sangareddy,ANAESTHESIOLOGY,700000,Info not available,2000000,1,760
1,32024,Tel Govt-NS LOC,SC-FEM,Telangana,Malla Reddy IMS Hyderabad,PAEDIATRICS,700000,Info not available,2000000,1,940
1,32070,Tel Govt-NS LOC,BCC-GEN,Telangana,ESIC Med CollSanath Nagar,SPM, 250000,107800,1000000,2,690
1,32200,Tel Govt-NS LOC,OPEN-GEN,Telangana,MNR Med Coll Sangareddy,ANAESTHESIOLOGY,700000,Info not available,2000000,1,760
1,32211,Tel Govt-NS LOC,BCD-GEN,Telangana,Mediciti IMS Ghanpur,ANAESTHESIOLOGY,700000,Info not available,2000000,1,720
1,32302,Tel Govt-Serv LOC,OPEN-GEN,Telangana,Osmania Med Coll Hyderabad,GENERAL MEDICINE,10000, 50686,2000000,1,4800
1,32390,Tel Govt-NS LOC,BCD-GEN,Telangana,Kakatiya Med Coll Warangal,PATHOLOGY,10000, 50686,2000000,1,1150
1,32444,Tel Govt-Serv LOC,OPEN-GEN,Telangana,Osmania Med Coll Hyderabad,RADIO DIAGNOSIS,10000, 50686,2000000,1,4800
1,32470,Tel Govt-NS LOC,SC-FEM,Telangana,Prathima IMS Karimnagar,OBG,750000,Info not available,2000000,1,1060
1,32507,Tel Govt-NS UNR,SC-FEM,Telangana,Malla Reddy IMS Hyderabad,GENERAL MEDICINE,700000,Info not available,2000000,1,940
1,32553,Tel Govt-NS LOC,SC-FEM,Telangana,Prathima IMS Karimnagar,GENERAL MEDICINE,750000,Info not available,2000000,1,1060
1,32748,Tel Govt-NS LOC,BCD-GEN,Telangana,Prathima IMS Karimnagar,ANAESTHESIOLOGY,750000,Info not available,2000000,1,1060
1,32770,Tel Govt-NS LOC,OPEN-GEN,Telangana,Dr Patnam MRInstofMSChevella,ANAESTHESIOLOGY,700000,Info not available,2000000,1,-
1,32809,Tel Govt-NS LOC,BCB-GEN,Telangana,Prathima IMS Karimnagar,ANAESTHESIOLOGY,750000,Info not available,2000000,1,1060
1,32838,Tel Govt-NS LOC,BCB-FEM,Telangana,CAIMS Karimnagar,ANAESTHESIOLOGY,775000,Info not available,2000000,1,1000
1,32841,Tel Govt-NS LOC,BCB-FEM,Telangana,Gandhi Med Coll Secunderabad,PATHOLOGY,10000, 50686,2000000,1,1200
1,32925,Tel Govt-NS UNR,BCA-GEN,Telangana,MNR Med Coll Sangareddy,ANAESTHESIOLOGY,700000,Info not available,2000000,1,760
1,33070,Tel Govt-NS LOC,OPEN-GEN,Telangana,Surabhi InstituteofMSSiddipet,ANAESTHESIOLOGY,775000,Info not available,2000000,1,-
1,33179,Tel Govt-NS LOC,SC-GEN,Telangana,Mamata Med Coll Khammam,PAEDIATRICS,750000,Info not available,2000000,1,1080
1,33208,Tel Govt-NS LOC,BCE-FEM,Telangana,Osmania Med Coll Hyderabad,DO,10000, 50686,1000000,1,4800
1,33269,Tel Govt-NS LOC,SC-FEM,Telangana,Malla Reddy(Women) Hyderabad,GENERAL MEDICINE,700000,Info not available,2000000,1,1050
1,33334,Tel Govt-NS LOC,BCD-FEM,Telangana,Apollo IMSR Hyderabad,OPHTHALMOLOGY,750000,Info not available,2000000,1,570
1,33686,Tel Govt-NS LOC,BCB-GEN,Telangana,Mediciti IMS Ghanpur,ANAESTHESIOLOGY,700000,Info not available,2000000,1,720
1,33755,Tel Govt-NS LOC,BCA-GEN,Telangana,Prathima IMS Karimnagar,GENERAL SURGERY,750000,Info not available,2000000,1,1060
1,33916,Tel Govt-NS LOC,BCB-GEN,Telangana,MNR Med Coll Sangareddy,ANAESTHESIOLOGY,700000,Info not available,2000000,1,760
1,33962,Tel Govt-NS LOC,MIN-GEN-MSM,Telangana,Shadan IMSRC Peerancheru,ANAESTHESIOLOGY,750000,Info not available,2000000,1,800
1,34041,Tel Govt-NS LOC,BCB-GEN,Telangana,Osmania Med Coll Hyderabad,PATHOLOGY,10000, 50686,2000000,1,4800
1,34083,Tel Govt-NS LOC,OPEN-FEM,Telangana,Mahavir Inst of MS Vikarabad,ANAESTHESIOLOGY,700000,Info not available,2000000,1,700
1,34100,Tel Govt-NS LOC,BCB-FEM,Telangana,RVM IMSRC Siddipet,ANAESTHESIOLOGY,700000,Info not available,2000000,1,1110
1,34114,Tel Govt-NS UNR,SC-FEM,Telangana,Prathima IMS Karimnagar,PAEDIATRICS,750000,Info not available,2000000,1,1060
1,34120,Tel Govt-NS LOC,BCA-GEN,Telangana,Kamineni (KAMSRC) Hyderabad,ANAESTHESIOLOGY,700000,Info not available,2000000,1,650
1,34187,Tel Govt-NS LOC,SC-GEN,Telangana,CAIMS Karimnagar,PAEDIATRICS,775000,Info not available,2000000,1,1000
1,34208,Tel Govt-NS LOC,BCA-FEM,Telangana,Mamata Med Coll Khammam,GENERAL SURGERY,750000,Info not available,2000000,1,1080
1,34558,Tel Govt-NS LOC,ST-FEM,Telangana,Kakatiya Med Coll Warangal,OBG,10000, 50686,2000000,1,1150
1,34601,Tel Govt-NS UNR,SC-FEM,Telangana,Mamata Med Coll Khammam,TBRD,750000,Info not available,2000000,1,1080
1,34613,Tel Govt-NS LOC,OPEN-FEM,Telangana,Apollo IMSR Hyderabad,PSYCHIATRY,750000,Info not available,2000000,1,570
1,34623,Tel Govt-NS LOC,BCA-GEN,Telangana,Mahavir Inst of MS Vikarabad,GENERAL SURGERY,700000,Info not available,2000000,1,700
1,34707,Tel Govt-NS UNR,BCC-GEN,Telangana,Prathima IMS Karimnagar,ORTHOPAEDICS,750000,Info not available,2000000,1,1060
1,34798,Tel Govt-NS LOC,SC-GEN,Telangana,SVS Med Coll Mehboobnagar,OBG,750000,Info not available,2000000,1,760
1,34996,Tel Govt-NS LOC,BCA-GEN,Telangana,Prathima IMS Karimnagar,ANAESTHESIOLOGY,750000,Info not available,2000000,1,1060
1,35014,Tel Govt-NS LOC,SC-GEN,Telangana,Kamineni IMS Narketpally,PAEDIATRICS,750000,Info not available,2000000,1,1060
1,35107,Tel Govt-NS LOC,BCC-GEN,Telangana,Kamineni (KAMSRC) Hyderabad,GENERAL MEDICINE,700000,Info not available,2000000,1,650
1,35336,Tel Govt-NS LOC,OPEN-GEN,Telangana,Rajiv Gandhi IMS Adilabad,PATHOLOGY,10000, 50686,2000000,1,Info Not Availbale
1,35429,Tel Govt-NS LOC,OPEN-FEM,Telangana,Prathima IMS Karimnagar,ORTHOPAEDICS,750000,Info not available,2000000,1,1060
1,35497,Tel Govt-NS LOC,BCA-GEN,Telangana,Kamineni IMS Narketpally,ORTHOPAEDICS,750000,Info not available,2000000,1,1060
1,35600,Tel Govt-NS LOC,BCB-FEM,Telangana,CAIMS Karimnagar,PSYCHIATRY,775000,Info not available,2000000,1,1000
1,35769,Tel Govt-NS LOC,OPEN-GEN,Telangana,Osmania Med Coll Hyderabad,FORENSIC MEDICINE,10000, 50686,2000000,1,4800
1,35836,Tel Govt-NS LOC,BCD-FEM,Telangana,SVS Med Coll Mehboobnagar,ANAESTHESIOLOGY,750000,Info not available,2000000,1,760
1,35838,Tel Govt-NS LOC,OPEN-FEM,Telangana,SVS Med Coll Mehboobnagar,ORTHOPAEDICS,750000,Info not available,2000000,1,760
1,35881,Tel Govt-NS LOC,SC-GEN,Telangana,CAIMS Karimnagar,OBG,775000,Info not available,2000000,1,1000
1,35938,Tel Govt-NS LOC,SC-GEN,Telangana,Surabhi InstituteofMSSiddipet,PAEDIATRICS,775000,Info not available,2000000,1,-
1,36185,Tel Govt-NS LOC,ST-GEN,Telangana,Osmania Med Coll Hyderabad,GENERAL SURGERY,10000, 50686,2000000,1,4800
1,36348,Tel Govt-NS LOC,BCD-GEN,Telangana,Surabhi InstituteofMSSiddipet,ANAESTHESIOLOGY,775000,Info not available,2000000,1,-
1,36573,Tel Govt-NS LOC,MIN-FEM-MSM,Telangana,DCMS Hyderabad,GENERAL SURGERY,775000,Info not available,2000000,1,1400
1,36741,Tel Govt-Serv LOC,OPEN-GEN,Telangana,ESIC Med CollSanath Nagar,RADIO DIAGNOSIS, 250000,107800,1000000,2,690
1,36893,Tel Govt-NS UNR,SC-GEN,Telangana,Bhaskar Med Coll Yenkapally,ENT,750000,Info not available,2000000,1,850
1,36949,Tel Govt-NS LOC,BCA-FEM,Telangana,Malla Reddy IMS Hyderabad,ANAESTHESIOLOGY,700000,Info not available,2000000,1,940
1,37020,Tel Govt-NS LOC,MIN-GEN-MSM,Telangana,DCMS Hyderabad,OPHTHALMOLOGY,775000,Info not available,2000000,1,1400
1,37066,Tel Govt-NS LOC,MIN-FEM-MSM,Telangana,DCMS Hyderabad,ANAESTHESIOLOGY,775000,Info not available,2000000,1,1400
1,37221,Tel Govt-NS LOC,BCA-FEM,Telangana,Malla Reddy(Women) Hyderabad,ANAESTHESIOLOGY,700000,Info not available,2000000,1,1050
1,37297,Tel Govt-NS LOC,OPEN-GEN,Telangana,Malla Reddy IMS Hyderabad,PATHOLOGY,430000,Info not available,2000000,1,940
1,37307,Tel Govt-NS LOC,SC-FEM,Telangana,RVM IMSRC Siddipet,OBG,700000,Info not available,2000000,1,1110
1,37348,Tel Govt-Serv UNR,OPEN-FEM,Telangana,Kakatiya Med Coll Warangal,GENERAL MEDICINE,10000, 50686,2000000,1,1150
1,37621,Tel Govt-NS LOC,BCA-GEN,Telangana,Dr Patnam MRInstofMSChevella,ANAESTHESIOLOGY,700000,Info not available,2000000,1,-
1,37752,Tel Govt-NS LOC,SC-GEN,Telangana,Malla Reddy IMS Hyderabad,GENERAL SURGERY,700000,Info not available,2000000,1,940
1,37761,Tel Govt-NS LOC,OPEN-GEN,Telangana,NIMS Hyderabad,MICROBIOLOGY,72000, 99969,5000000,1,1498
1,37824,Tel Govt-NS UNR,SC-FEM,Telangana,Mediciti IMS Ghanpur,ANAESTHESIOLOGY,700000,Info not available,2000000,1,720
1,38024,Tel Govt-NS LOC,MIN-FEM-MSM,Telangana,Shadan IMSRC Peerancheru,ANAESTHESIOLOGY,750000,Info not available,2000000,1,800
1,38044,Tel Govt-NS LOC,SC-GEN,Telangana,Apollo IMSR Hyderabad,GENERAL SURGERY,750000,Info not available,2000000,1,570
1,38158,Tel Govt-NS LOC,BCE-GEN,Telangana,Govt Med Coll Nizamabad,PATHOLOGY,10000, 50686,2000000,1,500
1,38212,Tel Govt-NS LOC,SC-GEN,Telangana,Dr Patnam MRInstofMSChevella,OBG,-,-,-,-,-
1,38284,Tel Govt-Serv UNR,OPEN-GEN,Telangana,Mediciti IMS Ghanpur,GENERAL MEDICINE,700000,Info not available,2000000,1,720
1,38301,Tel Govt-NS LOC,SC-GEN,Telangana,Kamineni IMS Narketpally,GENERAL SURGERY,750000,Info not available,2000000,1,1060
1,38343,Tel Govt-NS LOC,ST-GEN,Telangana,Osmania Med Coll Hyderabad,TBRD,10000, 50686,2000000,1,4800
1,38681,Tel Govt-NS LOC,BCC-GEN,Telangana,Bhaskar Med Coll Yenkapally,ORTHOPAEDICS,750000,Info not available,2000000,1,850
1,38785,Tel Govt-NS LOC,ST-FEM,Telangana,Prathima IMS Karimnagar,DERMATOLOGY,750000,Info not available,2000000,1,1060
1,38972,Tel Govt-NS LOC,MIN-FEM-MSM,Telangana,Shadan IMSRC Peerancheru,OPHTHALMOLOGY,750000,Info not available,2000000,1,800
1,39437,Tel Govt-NS UNR,SC-FEM,Telangana,Mediciti IMS Ghanpur,GENERAL SURGERY,700000,Info not available,2000000,1,720
1,39598,Tel Govt-NS LOC,MIN-GEN-MSM,Telangana,Shadan IMSRC Peerancheru,ORTHOPAEDICS,750000,Info not available,2000000,1,800
1,39763,Tel Govt-NS LOC,ST-GEN,Telangana,NIMS Hyderabad,ANAESTHESIOLOGY,72000, 99969,5000000,1,1498
1,39804,Tel Govt-NS LOC,SC-GEN,Telangana,RVM IMSRC Siddipet,ORTHOPAEDICS,700000,Info not available,2000000,1,1110
1,39901,Tel Govt-NS LOC,OPEN-FEM,Telangana,Gandhi Med Coll Secunderabad,MICROBIOLOGY,10000, 50686,2000000,1,1200
1,39905,Tel Govt-NS LOC,BCA-GEN,Telangana,Malla Reddy IMS Hyderabad,OPHTHALMOLOGY,700000,Info not available,2000000,1,940
1,40002,Tel Govt-NS LOC,BCA-GEN,Telangana,Osmania Med Coll Hyderabad,PSYCHIATRY,10000, 50686,2000000,1,4800
1,40136,Tel Govt-NS LOC,OPEN-GEN,Telangana,Mamata Med Coll Khammam,PATHOLOGY,430000,Info not available,2000000,1,1080
1,40143,Tel Govt-NS LOC,BCE-FEM,Telangana,SVS Med Coll Mehboobnagar,GENERAL SURGERY,750000,Info not available,2000000,1,760
1,40144,Tel Govt-NS LOC,SC-GEN,Telangana,Mamata Med Coll Khammam,ANAESTHESIOLOGY,750000,Info not available,2000000,1,1080
1,40182,Tel Govt-NS LOC,OPEN-GEN,Telangana,CAIMS Karimnagar,PATHOLOGY,430000,Info not available,2000000,1,1000
1,40258,Tel Govt-NS LOC,ST-GEN,Telangana,Osmania Med Coll Hyderabad,ANAESTHESIOLOGY,10000, 50686,2000000,1,4800
1,40328,Tel Govt-NS UNR,ST-FEM,Telangana,Osmania Med Coll Hyderabad,OPHTHALMOLOGY,10000, 50686,2000000,1,4800
1,40361,Tel Govt-NS LOC,SC-GEN,Telangana,Osmania Med Coll Hyderabad,PSYCHIATRY,10000, 50686,2000000,1,4800
1,40463,Tel Govt-NS LOC,MIN-FEM-MSM,Telangana,DrVRK Womens MedCollAziznagar,ORTHOPAEDICS,700000,Info not available,2000000,1,500
1,40786,Tel Govt-NS LOC,ST-GEN,Telangana,Bhaskar Med Coll Yenkapally,RADIO DIAGNOSIS,750000,Info not available,2000000,1,850
1,40802,Tel Govt-NS LOC,SC-GEN,Telangana,RVM IMSRC Siddipet,TBRD,700000,Info not available,2000000,1,1110
1,40881,Tel Govt-NS LOC,OPEN-FEM,Telangana,Osmania Med Coll Hyderabad,MICROBIOLOGY,10000, 50686,2000000,1,4800
1,40921,Tel Govt-NS LOC,BCA-GEN,Telangana,Gandhi Med Coll Secunderabad,PATHOLOGY,10000, 50686,2000000,1,1200
1,40945,Tel Govt-NS LOC,ST-FEM,Telangana,Kamineni (KAMSRC) Hyderabad,RADIO DIAGNOSIS,700000,Info not available,2000000,1,650
1,41024,Tel Govt-NS LOC,OPEN-GEN,Telangana,Osmania Med Coll Hyderabad,MICROBIOLOGY,10000, 50686,2000000,1,4800
1,41101,Tel Govt-NS LOC,ST-FEM,Telangana,Kamineni IMS Narketpally,RADIO DIAGNOSIS,750000,Info not available,2000000,1,1060
1,41398,Tel Govt-NS LOC,MIN-GEN-MSM,Telangana,DCMS Hyderabad,ENT,775000,Info not available,2000000,1,1400
1,41721,Tel Govt-NS LOC,BCE-FEM,Telangana,SVS Med Coll Mehboobnagar,ORTHOPAEDICS,750000,Info not available,2000000,1,760
1,41750,Tel Govt-NS UNR,OPEN-FEM,Telangana,Kakatiya Med Coll Warangal,SPM,10000, 50686,2000000,1,1150
1,41794,Tel Govt-NS UNR,ST-GEN,Telangana,Mediciti IMS Ghanpur,RADIO DIAGNOSIS,700000,Info not available,2000000,1,720
1,41809,Tel Govt-NS UNR,SC-GEN,Telangana,Osmania Med Coll Hyderabad,RADIATION ONCOLOGY,10000, 50686,2000000,1,4800
1,41886,Tel Govt-NS UNR,OPEN-FEM,Telangana,SVS Med Coll Mehboobnagar,PATHOLOGY,460000,Info not available,2000000,1,760
1,41917,Tel Govt-NS LOC,OPEN-FEM,Telangana,Gandhi Med Coll Secunderabad,HOSPITAL ADMINISTRATION,10000, 50686,2000000,1,1200
1,41922,Tel Govt-NS LOC,SC-GEN,Telangana,Prathima IMS Karimnagar,OPHTHALMOLOGY,750000,Info not available,2000000,1,1060
1,42021,Tel Govt-NS LOC,BCC-GEN,Telangana,NIMS Hyderabad,PATHOLOGY,72000, 99969,5000000,1,1498
1,42053,Tel Govt-NS LOC,ST-GEN,Telangana,Osmania Med Coll Hyderabad,ORTHOPAEDICS,10000, 50686,2000000,1,4800
1,42162,Tel Govt-NS LOC,BCE-GEN,Telangana,Malla Reddy IMS Hyderabad,ENT,700000,Info not available,2000000,1,940
1,42381,Tel Govt-NS LOC,OPEN-GEN,Telangana,Rajiv Gandhi IMS Adilabad,SPM,10000, 50686,2000000,1,Info Not Availbale
1,42785,Tel Govt-Serv UNR,OPEN-GEN,Telangana,Osmania Med Coll Hyderabad,PAEDIATRICS,10000, 50686,2000000,1,4800
1,42829,Tel Govt-NS LOC,ST-GEN,Telangana,Kakatiya Med Coll Warangal,EMERGENCY MEDICINE,10000, 50686,2000000,1,1150
1,42845,Tel Govt-NS LOC,BCA-FEM,Telangana,Kamineni IMS Narketpally,OPHTHALMOLOGY,750000,Info not available,2000000,1,1060
1,42928,Tel Govt-NS LOC,OPEN-FEM,Telangana,Kamineni (KAMSRC) Hyderabad,SPM,430000,Info not available,2000000,1,650
1,43002,Tel Govt-NS LOC,OPEN-FEM,Telangana,Kamineni (KAMSRC) Hyderabad,PATHOLOGY,430000,Info not available,2000000,1,650
1,43299,Tel Govt-NS LOC,SC-FEM,Telangana,Govt Med Coll Siddipet,PSYCHIATRY,10000, 50686,2000000,1,-
1,43359,Tel Govt-NS LOC,SC-GEN,Telangana,Osmania Med Coll Hyderabad,PATHOLOGY,10000, 50686,2000000,1,4800
1,43775,Tel Govt-NS LOC,BCD-FEM,Telangana,Mamata Med Coll Khammam,ORTHOPAEDICS,750000,Info not available,2000000,1,1080
1,43806,Tel Govt-NS LOC,SC-GEN,Telangana,Kamineni (KAMSRC) Hyderabad,ANAESTHESIOLOGY,700000,Info not available,2000000,1,650
1,43938,Tel Govt-NS LOC,SC-GEN,Telangana,MNR Med Coll Sangareddy,GENERAL SURGERY,700000,Info not available,2000000,1,760
1,44233,Tel Govt-NS LOC,BCE-GEN,Telangana,ESIC Med CollSanath Nagar,PMR, 250000,107800,1000000,2,690
1,44390,Tel Govt-NS LOC,OPEN-GEN,Telangana,Gandhi Med Coll Secunderabad,MICROBIOLOGY,10000, 50686,2000000,1,1200
1,44559,Tel Govt-NS LOC,SC-FEM,Telangana,Gandhi Med Coll Secunderabad,ORTHOPAEDICS,10000, 50686,2000000,1,1200
1,44621,Tel Govt-NS LOC,SC-GEN,Telangana,Dr Patnam MRInstofMSChevella,ENT,700000,Info not available,2000000,1,-
1,44830,Tel Govt-NS LOC,OPEN-FEM,Telangana,Gandhi Med Coll Secunderabad,FORENSIC MEDICINE,10000, 50686,2000000,1,1200
1,45123,Tel Govt-NS LOC,SC-GEN,Telangana,Dr Patnam MRInstofMSChevella,GENERAL SURGERY,-,-,-,-,-
1,45228,Tel Govt-Serv LOC,OPEN-GEN,Telangana,Gandhi Med Coll Secunderabad,GENERAL MEDICINE,10000, 50686,2000000,1,1200
1,45292,Tel Govt-NS LOC,BCA-FEM,Telangana,Mediciti IMS Ghanpur,ENT,700000,Info not available,2000000,1,720
1,45409,Tel Govt-NS LOC,BCE-GEN,Telangana,Kakatiya Med Coll Warangal,PSYCHIATRY,10000, 50686,2000000,1,1150
1,45735,Tel Govt-NS LOC,ST-GEN,Telangana,Govt Med Coll Siddipet,OBG,10000, 50686,2000000,1,-
1,45773,Tel Govt-NS LOC,MIN-GEN-MSM,Telangana,DCMS Hyderabad,PATHOLOGY,430000,Info not available,2000000,1,1400
1,45846,Tel Govt-NS LOC,SC-GEN,Telangana,Malla Reddy(Women) Hyderabad,ANAESTHESIOLOGY,700000,Info not available,2000000,1,1050
1,46285,Tel Govt-NS LOC,BCE-FEM,Telangana,CAIMS Karimnagar,GENERAL SURGERY,775000,Info not available,2000000,1,1000
1,46498,Tel Govt-NS LOC,SC-GEN,Telangana,SVS Med Coll Mehboobnagar,ANAESTHESIOLOGY,750000,Info not available,2000000,1,760
1,46609,Tel Govt-NS LOC,SC-FEM,Telangana,Prathima IMS Karimnagar,GENERAL SURGERY,750000,Info not available,2000000,1,1060
1,46689,Tel Govt-NS LOC,SC-GEN,Telangana,Prathima IMS Karimnagar,ANAESTHESIOLOGY,750000,Info not available,2000000,1,1060
1,46786,Tel Govt-NS LOC,SC-FEM,Telangana,CAIMS Karimnagar,ANAESTHESIOLOGY,775000,Info not available,2000000,1,1000
1,47111,Tel Govt-NS LOC,SC-GEN,Telangana,MNR Med Coll Sangareddy,ORTHOPAEDICS,700000,Info not available,2000000,1,760
1,47473,Tel Govt-NS LOC,BCB-GEN,Telangana,Gandhi Med Coll Secunderabad,FORENSIC MEDICINE,10000, 50686,2000000,1,1200
1,47765,Tel Govt-NS LOC,BCA-GEN,Telangana,NIMS Hyderabad,MICROBIOLOGY,72000, 99969,5000000,1,1498
1,48006,Tel Govt-NS LOC,SC-GEN,Telangana,MNR Med Coll Sangareddy,ANAESTHESIOLOGY,700000,Info not available,2000000,1,760
1,48506,Tel Govt-NS LOC,SC-GEN,Telangana,Prathima IMS Karimnagar,ORTHOPAEDICS,750000,Info not available,2000000,1,1060
1,48625,Tel Govt-NS LOC,OPEN-GEN,Telangana,SVS Med Coll Mehboobnagar,PATHOLOGY,460000,Info not available,2000000,1,760
1,48656,Tel Govt-NS LOC,OPEN-GEN,Telangana,Gandhi Med Coll Secunderabad,PHARMACOLOGY,10000, 50686,2000000,1,1200
1,48788,Tel Govt-NS LOC,SC-FEM,Telangana,Malla Reddy IMS Hyderabad,ORTHOPAEDICS,700000,Info not available,2000000,1,940
1,49701,Tel Govt-NS LOC,OPEN-GEN,Telangana,ESIC Med CollSanath Nagar,MICROBIOLOGY, 250000,107800,1000000,2,690
1,50337,Tel Govt-NS LOC,OPEN-GEN,Telangana,Osmania Med Coll Hyderabad,DPH,10000, 50686,1000000,1,4800
1,50682,Tel Govt-NS LOC,ST-GEN,Telangana,Govt Med Coll Nizamabad,GENERAL SURGERY,10000, 50686,2000000,1,500
1,50950,Tel Govt-NS LOC,BCA-GEN,Telangana,Malla Reddy(Women) Hyderabad,RADIATION ONCOLOGY,700000,Info not available,2000000,1,1050
1,50958,Tel Govt-NS LOC,SC-GEN,Telangana,Kamineni IMS Narketpally,PSYCHIATRY,750000,Info not available,2000000,1,1060
1,50962,Tel Govt-NS UNR,SC-GEN,Telangana,Rajiv Gandhi IMS Adilabad,PATHOLOGY,10000, 50686,2000000,1,Info Not Availbale
1,51158,Tel Govt-NS LOC,BCA-FEM,Telangana,Malla Reddy IMS Hyderabad,PSYCHIATRY,700000,Info not available,2000000,1,940
1,51467,Tel Govt-NS LOC,ST-GEN,Telangana,SVS Med Coll Mehboobnagar,GENERAL MEDICINE,750000,Info not available,2000000,1,760
1,51709,Tel Govt-NS LOC,ST-GEN,Telangana,CAIMS Karimnagar,GENERAL MEDICINE,775000,Info not available,2000000,1,1000
1,52075,Tel Govt-Serv LOC,OPEN-FEM,Telangana,Gandhi Med Coll Secunderabad,DERMATOLOGY,10000, 50686,2000000,1,1200
1,52579,Tel Govt-NS LOC,BCB-GEN,Telangana,SVS Med Coll Mehboobnagar,PATHOLOGY,460000,Info not available,2000000,1,760
1,53689,Tel Govt-NS LOC,SC-GEN,Telangana,NIMS Hyderabad,HOSPITAL ADMINISTRATION,72000, 99969,5000000,1,1498
1,53789,Tel Govt-NS LOC,SC-FEM,Telangana,SVS Med Coll Mehboobnagar,GENERAL SURGERY,750000,Info not available,2000000,1,760
1,53945,Tel Govt-NS UNR,OPEN-GEN,Telangana,Osmania Med Coll Hyderabad,PHARMACOLOGY,10000, 50686,2000000,1,4800
1,53958,Tel Govt-NS LOC,SC-GEN,Telangana,Gandhi Med Coll Secunderabad,SPM,10000, 50686,2000000,1,1200
1,54152,Tel Govt-NS UNR,SC-GEN,Telangana,Osmania Med Coll Hyderabad,MICROBIOLOGY,10000, 50686,2000000,1,4800
1,54241,Tel Govt-NS LOC,ST-GEN,Telangana,Osmania Med Coll Hyderabad,ENT,10000, 50686,2000000,1,4800
1,54818,Tel Govt-NS LOC,ST-FEM,Telangana,ESIC Med CollSanath Nagar,ANAESTHESIOLOGY, 250000,107800,1000000,2,690
1,54908,Tel Govt-NS LOC,BCB-GEN,Telangana,Govt Med Coll Mahabubnagar,SPM,10000, 50686,2000000,1,900
1,55134,Tel Govt-NS LOC,BCE-GEN,Telangana,ESIC Med CollSanath Nagar,IHBT, 250000,107800,1000000,2,690
1,55596,Tel Govt-NS LOC,SC-FEM,Telangana,MNR Med Coll Sangareddy,ENT,700000,Info not available,2000000,1,760
1,55616,Tel Govt-Serv LOC,OPEN-GEN,Telangana,Osmania Med Coll Hyderabad,DERMATOLOGY,10000, 50686,2000000,1,4800
1,56239,Tel Govt-NS UNR,ST-GEN,Telangana,Bhaskar Med Coll Yenkapally,GENERAL SURGERY,750000,Info not available,2000000,1,850
1,56724,Tel Govt-NS LOC,BCD-GEN,Telangana,Govt Med Coll Siddipet,SPM,10000, 50686,2000000,1,-
1,56779,Tel Govt-NS LOC,SC-GEN,Telangana,Prathima IMS Karimnagar,PSYCHIATRY,750000,Info not available,2000000,1,1060
1,57149,Tel Govt-Serv LOC,OPEN-GEN,Telangana,Osmania Med Coll Hyderabad,PAEDIATRICS,10000, 50686,2000000,1,4800
1,58179,Tel Govt-Serv LOC,BCA-GEN,Telangana,Kakatiya Med Coll Warangal,GENERAL MEDICINE,10000, 50686,2000000,1,1150
1,58370,Tel Govt-NS UNR,BCD-GEN,Telangana,Malla Reddy IMS Hyderabad,PATHOLOGY,430000,Info not available,2000000,1,940
1,58770,Tel Govt-Serv LOC,OPEN-GEN,Telangana,SVS Med Coll Mehboobnagar,GENERAL MEDICINE,750000,Info not available,2000000,1,760
1,58987,Tel Govt-NS LOC,OPEN-GEN,Telangana,Govt Med Coll Suryapet,MICROBIOLOGY,10000, 50686,2000000,1,-
1,59051,Tel Govt-NS LOC,OPEN-FEM,Telangana,Osmania Med Coll Hyderabad,PHARMACOLOGY,10000, 50686,2000000,1,4800
1,59392,Tel Govt-NS LOC,ST-FEM,Telangana,Kakatiya Med Coll Warangal,GENERAL SURGERY,10000, 50686,2000000,1,1150
1,59637,Tel Govt-NS LOC,BCB-GEN,Telangana,NIMS Hyderabad,HOSPITAL ADMINISTRATION,72000, 99969,5000000,1,1498
1,59776,Tel Govt-Serv LOC,OPEN-GEN,Telangana,Malla Reddy IMS Hyderabad,RADIO DIAGNOSIS,700000,Info not available,2000000,1,940
1,60004,Tel Govt-NS LOC,MIN-FEM-MSM,Telangana,DrVRK Womens MedCollAziznagar,PATHOLOGY,430000,Info not available,2000000,1,500
1,60354,Tel Govt-NS LOC,OPEN-GEN,Telangana,ESIC Med CollSanath Nagar,PHARMACOLOGY, 250000,107800,1000000,2,690
1,60721,Tel Govt-Serv LOC,OPEN-GEN,Telangana,Bhaskar Med Coll Yenkapally,DERMATOLOGY,750000,Info not available,2000000,1,850
1,60733,Tel Govt-NS LOC,OPEN-GEN,Telangana,Prathima IMS Karimnagar,SPM,462250,Info not available,2000000,1,1060
1,60788,Tel Govt-NS LOC,OPEN-GEN,Telangana,Kamineni IMS Narketpally,PATHOLOGY,430000,Info not available,2000000,1,1060
1,61546,Tel Govt-NS LOC,ST-GEN,Telangana,Mediciti IMS Ghanpur,GENERAL MEDICINE,700000,Info not available,2000000,1,720
1,61635,Tel Govt-NS LOC,SC-FEM,Telangana,SVS Med Coll Mehboobnagar,PATHOLOGY,460000,Info not available,2000000,1,760
1,62024,Tel Govt-NS LOC,BCA-GEN,Telangana,Govt Med Coll Mahabubnagar,FORENSIC MEDICINE,10000, 50686,2000000,1,900
1,62056,Tel Govt-NS LOC,ST-GEN,Telangana,Mediciti IMS Ghanpur,DERMATOLOGY,700000,Info not available,2000000,1,720
1,62073,Tel Govt-NS LOC,SC-FEM,Telangana,CAIMS Karimnagar,ORTHOPAEDICS,775000,Info not available,2000000,1,1000
1,62418,Tel Govt-NS LOC,BCB-GEN,Telangana,Osmania Med Coll Hyderabad,MICROBIOLOGY,10000, 50686,2000000,1,4800
1,62421,Tel Govt-NS UNR,ST-FEM,Telangana,Apollo IMSR Hyderabad,GENERAL MEDICINE,750000,Info not available,2000000,1,570
1,62459,Tel Govt-NS LOC,ST-FEM,Telangana,Osmania Med Coll Hyderabad,GENERAL SURGERY,10000, 50686,2000000,1,4800
1,62697,Tel Govt-NS LOC,OPEN-GEN,Telangana,Mediciti IMS Ghanpur,SPM,430000,Info not available,2000000,1,720
1,62818,Tel Govt-NS LOC,OPEN-FEM,Telangana,Gandhi Med Coll Secunderabad,PHYSIOLOGY,10000, 50686,2000000,1,1200
1,63562,Tel Govt-NS LOC,OPEN-FEM,Telangana,Kakatiya Med Coll Warangal,PHARMACOLOGY,10000, 50686,2000000,1,1150
1,63782,Tel Govt-NS LOC,ST-GEN,Telangana,Prathima IMS Karimnagar,PAEDIATRICS,750000,Info not available,2000000,1,1060
1,63863,Tel Govt-Serv LOC,OPEN-FEM,Telangana,Osmania Med Coll Hyderabad,OBG,10000, 50686,2000000,1,4800
1,63939,Tel Govt-Serv UNR,OPEN-GEN,Telangana,Kakatiya Med Coll Warangal,EMERGENCY MEDICINE,10000, 50686,2000000,1,1150
1,65072,Tel Govt-NS UNR,ST-GEN,Telangana,Mediciti IMS Ghanpur,PAEDIATRICS,-,-,-,-,720
1,65414,Tel Govt-NS UNR,ST-GEN,Telangana,Mamata Med Coll Khammam,OBG,750000,Info not available,2000000,1,1080
1,65435,Tel Govt-Serv LOC,SC-GEN,Telangana,Osmania Med Coll Hyderabad,DERMATOLOGY,10000, 50686,2000000,1,4800
1,65490,Tel Govt-Serv UNR,BCE-GEN,Telangana,Mamata Med Coll Khammam,RADIO DIAGNOSIS,750000,Info not available,2000000,1,1080
1,65781,Tel Govt-NS LOC,OPEN-FEM,Telangana,NIMS Hyderabad,BIOCHEMISTRY,72000, 99969,5000000,1,1498
1,65811,Tel Govt-Serv UNR,ST-GEN,Telangana,Rajiv Gandhi IMS Adilabad,DERMATOLOGY,10000, 50686,2000000,1,Info Not Availbale
1,66027,Tel Govt-NS LOC,OPEN-GEN,Telangana,NIMS Hyderabad,BIOCHEMISTRY,72000, 99969,5000000,1,1498
1,66462,Tel Govt-NS LOC,ST-FEM,Telangana,Kakatiya Med Coll Warangal,ANAESTHESIOLOGY,10000, 50686,2000000,1,1150
1,66787,Tel Govt-NS UNR,ST-GEN,Telangana,Kamineni IMS Narketpally,ANAESTHESIOLOGY,750000,Info not available,2000000,1,1060
1,66922,Tel Govt-NS LOC,SC-GEN,Telangana,Gandhi Med Coll Secunderabad,FORENSIC MEDICINE,10000, 50686,2000000,1,1200
1,66992,Tel Govt-Serv LOC,OPEN-FEM,Telangana,MNR Med Coll Sangareddy,GENERAL MEDICINE,700000,Info not available,2000000,1,760
1,67071,Tel Govt-NS LOC,OPEN-FEM,Telangana,Osmania Med Coll Hyderabad,BIOCHEMISTRY,10000, 50686,2000000,1,4800
1,67773,Tel Govt-NS LOC,OPEN-GEN,Telangana,Govt Med Coll Nalgonda,PHARMACOLOGY,10000, 50686,2000000,1,-
1,67928,Tel Govt-NS LOC,OPEN-GEN,Telangana,ESIC Med CollSanath Nagar,BIOCHEMISTRY, 250000,107800,1000000,2,690
1,67983,Tel Govt-NS LOC,ST-GEN,Telangana,RVM IMSRC Siddipet,GENERAL MEDICINE,700000,Info not available,2000000,1,1110
1,67993,Tel Govt-Serv LOC,OPEN-GEN,Telangana,Apollo IMSR Hyderabad,RADIO DIAGNOSIS,750000,Info not available,2000000,1,570
1,68536,Tel Govt-NS LOC,BCA-GEN,Telangana,Kamineni (KAMSRC) Hyderabad,PATHOLOGY,430000,Info not available,2000000,1,650
1,69114,Tel Govt-Serv LOC,BCB-GEN,Telangana,Osmania Med Coll Hyderabad,GENERAL MEDICINE,10000, 50686,2000000,1,4800
1,69241,Tel Govt-Serv LOC,OPEN-FEM,Telangana,Kakatiya Med Coll Warangal,PAEDIATRICS,10000, 50686,2000000,1,1150
1,69575,Tel Govt-NS LOC,ST-GEN,Telangana,Malla Reddy IMS Hyderabad,OBG,700000,Info not available,2000000,1,940
1,70276,Tel Govt-NS LOC,ST-FEM,Telangana,Govt Med Coll Siddipet,ENT,10000, 50686,2000000,1,-
1,70662,Tel Govt-NS LOC,OPEN-GEN,Telangana,Osmania Med Coll Hyderabad,BIOCHEMISTRY,10000, 50686,2000000,1,4800
1,70754,Tel Govt-NS LOC,OPEN-GEN,Telangana,Govt Med Coll Siddipet,FORENSIC MEDICINE,10000, 50686,2000000,1,-
1,70830,Tel Govt-NS LOC,SC-GEN,Telangana,Malla Reddy IMS Hyderabad,PATHOLOGY,430000,Info not available,2000000,1,940
1,70936,Tel Govt-NS LOC,ST-GEN,Telangana,Malla Reddy(Women) Hyderabad,ANAESTHESIOLOGY,700000,Info not available,2000000,1,1050
1,71048,Tel Govt-Serv LOC,BCD-GEN,Telangana,Govt Med Coll Nizamabad,GENERAL MEDICINE,10000, 50686,2000000,1,500
1,71201,Tel Govt-NS LOC,SC-GEN,Telangana,Osmania Med Coll Hyderabad,PHARMACOLOGY,10000, 50686,2000000,1,4800
1,71261,Tel Govt-Serv LOC,SC-GEN,Telangana,Osmania Med Coll Hyderabad,RADIO DIAGNOSIS,10000, 50686,2000000,1,4800
1,71920,Tel Govt-NS LOC,ST-FEM,Telangana,Dr Patnam MRInstofMSChevella,GENERAL MEDICINE,-,-,-,-,-
1,71976,Tel Govt-NS LOC,BCD-GEN,Telangana,Kakatiya Med Coll Warangal,PHARMACOLOGY,10000, 50686,2000000,1,1150
1,72035,Tel Govt-NS LOC,ST-GEN,Telangana,Malla Reddy IMS Hyderabad,GENERAL SURGERY,700000,Info not available,2000000,1,940
1,72242,Tel Govt-NS LOC,OPEN-GEN,Telangana,Osmania Med Coll Hyderabad,PHYSIOLOGY,10000, 50686,2000000,1,4800
1,72455,Tel Govt-NS LOC,ST-FEM,Telangana,Mahavir Inst of MS Vikarabad,PAEDIATRICS,700000,Info not available,2000000,1,700
1,72553,Tel Govt-NS LOC,OPEN-GEN,Telangana,Gandhi Med Coll Secunderabad,BIOCHEMISTRY,10000, 50686,2000000,1,1200
1,72765,Tel Govt-Serv LOC,OPEN-GEN,Telangana,Gandhi Med Coll Secunderabad,PAEDIATRICS,10000, 50686,2000000,1,1200
1,73201,Tel Govt-NS LOC,ST-GEN,Telangana,Osmania Med Coll Hyderabad,PSYCHIATRY,10000, 50686,2000000,1,4800
1,73551,Tel Govt-NS UNR,ST-GEN,Telangana,Mediciti IMS Ghanpur,ORTHOPAEDICS,700000,Info not available,2000000,1,720
1,73987,Tel Govt-NS LOC,SC-FEM,Telangana,Dr Patnam MRInstofMSChevella,PATHOLOGY,430000,Info not available,2000000,1,-
1,74399,Tel Govt-NS LOC,OPEN-FEM,Telangana,Govt Med Coll Siddipet,PHARMACOLOGY,10000, 50686,2000000,1,-
1,74448,Tel Govt-NS LOC,ST-GEN,Telangana,Osmania Med Coll Hyderabad,OPHTHALMOLOGY,10000, 50686,2000000,1,4800
1,74605,Tel Govt-NS LOC,BCE-FEM,Telangana,Mamata AcadofMedSciBachupally,PATHOLOGY,430000,Info not available,2000000,1,-
1,74623,Tel Govt-NS LOC,ST-GEN,Telangana,Malla Reddy(Women) Hyderabad,OBG,700000,Info not available,2000000,1,1050
1,74781,Tel Govt-Serv LOC,MIN-GEN-MSM,Telangana,DCMS Hyderabad,RADIO DIAGNOSIS,775000,Info not available,2000000,1,1400
1,74828,Tel Govt-NS LOC,SC-GEN,Telangana,NIMS Hyderabad,BIOCHEMISTRY,72000, 99969,5000000,1,1498
1,75024,Tel Govt-NS LOC,BCD-GEN,Telangana,Gandhi Med Coll Secunderabad,MICROBIOLOGY,10000, 50686,2000000,1,1200
1,75109,Tel Govt-NS LOC,OPEN-GEN,Telangana,ESIC Med CollSanath Nagar,PHYSIOLOGY, 250000,107800,1000000,2,690
1,75175,Tel Govt-NS LOC,OPEN-GEN,Telangana,RVM IMSRC Siddipet,SPM,430000,Info not available,2000000,1,1110
1,75233,Tel Govt-NS LOC,ST-FEM,Telangana,CAIMS Karimnagar,OBG,775000,Info not available,2000000,1,1000
1,75422,Tel Govt-NS LOC,BCB-GEN,Telangana,Gandhi Med Coll Secunderabad,PHARMACOLOGY,10000, 50686,2000000,1,1200
1,76413,Tel Govt-Serv UNR,OPEN-GEN,Telangana,Malla Reddy IMS Hyderabad,OBG,700000,Info not available,2000000,1,940
1,76831,Tel Govt-NS LOC,OPEN-GEN,Telangana,Gandhi Med Coll Secunderabad,ANATOMY,10000, 50686,2000000,1,1200
1,77225,Tel Govt-NS LOC,ST-FEM,Telangana,Mediciti IMS Ghanpur,TBRD,700000,Info not available,2000000,1,720
1,77976,Tel Govt-NS LOC,BCA-GEN,Telangana,Kakatiya Med Coll Warangal,MICROBIOLOGY,10000, 50686,2000000,1,1150
1,78330,Tel Govt-NS LOC,BCD-FEM,Telangana,CAIMS Karimnagar,PATHOLOGY,430000,Info not available,2000000,1,1000
1,78951,Tel Govt-Serv LOC,OPEN-GEN,Telangana,Kamineni (KAMSRC) Hyderabad,GENERAL MEDICINE,700000,Info not available,2000000,1,650
1,79235,Tel Govt-NS UNR,BCE-GEN,Telangana,Osmania Med Coll Hyderabad,PHARMACOLOGY,10000, 50686,2000000,1,4800
1,79254,Tel Govt-NS LOC,OPEN-GEN,Telangana,Kakatiya Med Coll Warangal,BIOCHEMISTRY,10000, 50686,2000000,1,1150
1,79405,Tel Govt-NS LOC,ST-GEN,Telangana,Osmania Med Coll Hyderabad,RADIATION ONCOLOGY,10000, 50686,2000000,1,4800
1,80538,Tel Govt-NS LOC,ST-GEN,Telangana,NIMS Hyderabad,PATHOLOGY,72000, 99969,5000000,1,1498
1,80676,Tel Govt-NS LOC,ST-GEN,Telangana,Mahavir Inst of MS Vikarabad,OBG,700000,Info not available,2000000,1,700
1,81130,Tel Govt-Serv LOC,OPEN-GEN,Telangana,Gandhi Med Coll Secunderabad,OBG,10000, 50686,2000000,1,1200
1,82120,Tel Govt-Serv LOC,ST-GEN,Telangana,Osmania Med Coll Hyderabad,PAEDIATRICS,10000, 50686,2000000,1,4800
1,83794,Tel Govt-Serv UNR,OPEN-GEN,Telangana,Osmania Med Coll Hyderabad,ANAESTHESIOLOGY,10000, 50686,2000000,1,4800
1,83986,Tel Govt-NS LOC,ST-GEN,Telangana,Prathima IMS Karimnagar,GENERAL SURGERY,750000,Info not available,2000000,1,1060
1,84033,Tel Govt-Serv UNR,OPEN-GEN,Telangana,Govt Med Coll Nizamabad,GENERAL SURGERY,10000, 50686,2000000,1,500
1,84284,Tel Govt-Serv LOC,OPEN-GEN,Telangana,Malla Reddy IMS Hyderabad,GENERAL MEDICINE,700000,Info not available,2000000,1,940
1,84404,Tel Govt-NS LOC,OPEN-FEM,Telangana,Mahavir Inst of MS Vikarabad,SPM,-,-,-,-,700
1,84634,Tel Govt-NS LOC,ST-GEN,Telangana,Malla Reddy IMS Hyderabad,OPHTHALMOLOGY,700000,Info not available,2000000,1,940
1,84780,Tel Govt-Serv LOC,ST-GEN,Telangana,Rajiv Gandhi IMS Adilabad,GENERAL MEDICINE,10000, 50686,2000000,1,Info Not Availbale
1,85034,Tel Govt-NS LOC,SC-GEN,Telangana,Osmania Med Coll Hyderabad,BIOCHEMISTRY,10000, 50686,2000000,1,4800
1,85128,Tel Govt-NS LOC,OPEN-GEN,Telangana,Govt Med Coll Siddipet,BIOCHEMISTRY,10000, 50686,2000000,1,-
1,85266,Tel Govt-NS LOC,OPEN-GEN,Telangana,Osmania Med Coll Hyderabad,ANATOMY,10000, 50686,2000000,1,4800
1,85421,Tel Govt-NS LOC,OPEN-FEM,Telangana,Govt Med Coll Siddipet,MICROBIOLOGY,10000, 50686,2000000,1,-
1,86879,Tel Govt-NS LOC,BCB-GEN,Telangana,RVM IMSRC Siddipet,PATHOLOGY,430000,Info not available,2000000,1,1110
1,87179,Tel Govt-NS UNR,ST-FEM,Telangana,Malla Reddy IMS Hyderabad,ANAESTHESIOLOGY,700000,Info not available,2000000,1,940
1,87210,Tel Govt-NS LOC,SC-GEN,Telangana,Mamata AcadofMedSciBachupally,PATHOLOGY,430000,Info not available,2000000,1,-
1,87320,Tel Govt-Serv UNR,SC-GEN,Telangana,Malla Reddy IMS Hyderabad,GENERAL MEDICINE,700000,Info not available,2000000,1,940
1,87523,Tel Govt-NS LOC,OPEN-GEN-PHO,Telangana,Gandhi Med Coll Secunderabad,GENERAL MEDICINE,10000, 50686,2000000,1,1200
1,87705,Tel Govt-NS LOC,ST-GEN,Telangana,Osmania Med Coll Hyderabad,PATHOLOGY,10000, 50686,2000000,1,4800
1,87833,Tel Govt-Serv LOC,OPEN-GEN,Telangana,Prathima IMS Karimnagar,PAEDIATRICS,750000,Info not available,2000000,1,1060
1,88047,Tel Govt-Serv UNR,BCA-GEN,Telangana,Osmania Med Coll Hyderabad,OBG,10000, 50686,2000000,1,4800
1,88433,Tel Govt-NS LOC,SC-FEM,Telangana,Rajiv Gandhi IMS Adilabad,PHARMACOLOGY,10000, 50686,2000000,1,Info Not Availbale
1,89135,Tel Govt-NS LOC,SC-FEM,Telangana,Govt Med Coll Mahabubnagar,MICROBIOLOGY,10000, 50686,2000000,1,900
1,89381,Tel Govt-Serv LOC,BCB-GEN,Telangana,Gandhi Med Coll Secunderabad,RADIO DIAGNOSIS,10000, 50686,2000000,1,1200
1,89483,Tel Govt-NS LOC,OPEN-GEN,Telangana,Govt Med Coll Nalgonda,BIOCHEMISTRY,10000, 50686,2000000,1,-
1,89907,Tel Govt-Serv LOC,OPEN-GEN,Telangana,Osmania Med Coll Hyderabad,TBRD,10000, 50686,2000000,1,4800
1,91157,Tel Govt-Serv LOC,OPEN-GEN,Telangana,Malla Reddy IMS Hyderabad,PAEDIATRICS,700000,Info not available,2000000,1,940
1,91528,Tel Govt-NS LOC,OPEN-FEM,Telangana,Govt Med Coll Suryapet,BIOCHEMISTRY,10000, 50686,2000000,1,-
1,91611,Tel Govt-Serv UNR,SC-GEN,Telangana,Malla Reddy IMS Hyderabad,PAEDIATRICS,700000,Info not available,2000000,1,940
1,91632,Tel Govt-Serv LOC,ST-GEN,Telangana,SVS Med Coll Mehboobnagar,RADIO DIAGNOSIS,750000,Info not available,2000000,1,760
1,91708,Tel Govt-Serv LOC,ST-GEN,Telangana,Surabhi InstituteofMSSiddipet,GENERAL MEDICINE,775000,Info not available,2000000,1,-
1,92491,Tel Govt-Serv LOC,BCB-GEN,Telangana,Kakatiya Med Coll Warangal,TBRD,10000, 50686,2000000,1,1150
1,92673,Tel Govt-Serv UNR,BCD-GEN,Telangana,Osmania Med Coll Hyderabad,GENERAL SURGERY,10000, 50686,2000000,1,4800
1,93124,Tel Govt-NS LOC,ST-FEM,Telangana,Kamineni (KAMSRC) Hyderabad,GENERAL SURGERY,700000,Info not available,2000000,1,650
1,93439,Tel Govt-Serv LOC,OPEN-FEM,Telangana,Bhaskar Med Coll Yenkapally,RADIO DIAGNOSIS,750000,Info not available,2000000,1,850
1,93500,Tel Govt-NS LOC,ST-GEN,Telangana,Prathima IMS Karimnagar,ORTHOPAEDICS,750000,Info not available,2000000,1,1060
1,93546,Tel Govt-Serv UNR,OPEN-FEM,Telangana,Osmania Med Coll Hyderabad,PSYCHIATRY,10000, 50686,2000000,1,4800
1,94288,Tel Govt-Serv UNR,OPEN-FEM,Telangana,SVS Med Coll Mehboobnagar,GENERAL SURGERY,750000,Info not available,2000000,1,760
1,94477,Tel Govt-NS UNR,MIN-FEM-MSM,Telangana,DrVRK Womens MedCollAziznagar,PHARMACOLOGY,430000,Info not available,2000000,1,500
1,95269,Tel Govt-NS LOC,BCA-FEM,Telangana,NIMS Hyderabad,BIOCHEMISTRY,72000, 99969,5000000,1,1498
1,96053,Tel Govt-Serv LOC,SC-GEN,Telangana,Osmania Med Coll Hyderabad,PAEDIATRICS,10000, 50686,2000000,1,4800
1,96054,Tel Govt-Serv LOC,OPEN-GEN,Telangana,Osmania Med Coll Hyderabad,OBG,10000, 50686,2000000,1,4800
1,96370,Tel Govt-NS LOC,BCE-GEN,Telangana,Govt Med Coll Nalgonda,MICROBIOLOGY,10000, 50686,2000000,1,-
1,96479,Tel Govt-Serv LOC,OPEN-GEN,Telangana,Prathima IMS Karimnagar,RADIO DIAGNOSIS,750000,Info not available,2000000,1,1060
1,96486,Tel Govt-NS UNR,ST-FEM,Telangana,Mediciti IMS Ghanpur,PSYCHIATRY,700000,Info not available,2000000,1,720
1,96641,Tel Govt-Serv LOC,BCD-GEN,Telangana,Mediciti IMS Ghanpur,PAEDIATRICS,-,-,-,-,720
1,97015,Tel Govt-Serv LOC,OPEN-GEN,Telangana,Osmania Med Coll Hyderabad,GENERAL SURGERY,10000, 50686,2000000,1,4800
1,97107,Tel Govt-NS LOC,MIN-GEN-MSM,Telangana,Shadan IMSRC Peerancheru,MICROBIOLOGY,430000,Info not available,2000000,1,800
1,97127,Tel Govt-Serv LOC,BCB-GEN,Telangana,SVS Med Coll Mehboobnagar,DERMATOLOGY,750000,Info not available,2000000,1,760
1,98005,Tel Govt-Serv UNR,OPEN-GEN,Telangana,Bhaskar Med Coll Yenkapally,ORTHOPAEDICS,750000,Info not available,2000000,1,850
1,98225,Tel Govt-NS LOC,OPEN-FEM,Telangana,Kakatiya Med Coll Warangal,ANATOMY,10000, 50686,2000000,1,1150
1,98615,Tel Govt-Serv UNR,BCE-GEN,Telangana,Osmania Med Coll Hyderabad,RADIATION ONCOLOGY,10000, 50686,2000000,1,4800
1,99472,Tel Govt-NS UNR,SC-GEN,Telangana,SVS Med Coll Mehboobnagar,ANATOMY,180000,Info not available,2000000,1,760
1,99583,Tel Govt-Serv LOC,OPEN-FEM,Telangana,Kakatiya Med Coll Warangal,GENERAL SURGERY,10000, 50686,2000000,1,1150
1,99585,Tel Govt-Serv LOC,OPEN-GEN,Telangana,Kamineni IMS Narketpally,GENERAL MEDICINE,750000,Info not available,2000000,1,1060
1,99657,Tel Govt-NS LOC,ST-GEN,Telangana,Govt Med Coll Mahabubnagar,PHARMACOLOGY,10000, 50686,2000000,1,900
1,99720,Tel Govt-Serv LOC,OPEN-FEM,Telangana,Mediciti IMS Ghanpur,RADIO DIAGNOSIS,700000,Info not available,2000000,1,720
1,100024,Tel Govt-NS LOC,ST-GEN,Telangana,Dr Patnam MRInstofMSChevella,ORTHOPAEDICS,-,-,-,-,-
1,100216,Tel Govt-NS LOC,SC-GEN,Telangana,ESIC Med CollSanath Nagar,EMERGENCY MEDICINE, 250000,107800,1000000,2,690
1,100278,Tel Govt-NS LOC,MIN-GEN-MSM,Telangana,Shadan IMSRC Peerancheru,PHYSIOLOGY,200000,Info not available,2000000,1,800
1,101202,Tel Govt-NS UNR,BCA-GEN,Telangana,Osmania Med Coll Hyderabad,BIOCHEMISTRY,10000, 50686,2000000,1,4800
1,101893,Tel Govt-Serv LOC,OPEN-GEN,Telangana,Dr Patnam MRInstofMSChevella,DERMATOLOGY,-,-,-,-,-
1,102738,Tel Govt-NS LOC,ST-GEN,Telangana,CAIMS Karimnagar,GENERAL SURGERY,775000,Info not available,2000000,1,1000
1,103181,Tel Govt-NS LOC,MIN-GEN-MSM,Telangana,DCMS Hyderabad,BIOCHEMISTRY,216000,Info not available,2000000,1,1400
1,103182,Tel Govt-NS LOC,OPEN-FEM,Telangana,Kakatiya Med Coll Warangal,BIOCHEMISTRY,10000, 50686,2000000,1,1150
1,103383,Tel Govt-Serv LOC,BCA-GEN,Telangana,CAIMS Karimnagar,RADIO DIAGNOSIS,775000,Info not available,2000000,1,1000
1,103548,Tel Govt-NS LOC,BCA-FEM,Telangana,Kamineni IMS Narketpally,PATHOLOGY,430000,Info not available,2000000,1,1060
1,103636,Tel Govt-NS LOC,OPEN-GEN,Telangana,Govt Med Coll Nalgonda,PHYSIOLOGY,10000, 50686,2000000,1,-
1,104474,Tel Govt-NS LOC,SC-FEM,Telangana,CAIMS Karimnagar,SPM,430000,Info not available,2000000,1,1000
1,105771,Tel Govt-NS UNR,OPEN-GEN,Telangana,MNR Med Coll Sangareddy,PHYSIOLOGY,189000,Info not available,2000000,1,760
1,88047,Tel Govt-Serv UNR,BCA-GEN,Telangana,Osmania Med Coll Hyderabad,OBG,10000, 50686,2000000,1,4800
1,88433,Tel Govt-NS LOC,SC-FEM,Telangana,Rajiv Gandhi IMS Adilabad,PHARMACOLOGY,10000, 50686,2000000,1,Info Not Availbale
1,89135,Tel Govt-NS LOC,SC-FEM,Telangana,Govt Med Coll Mahabubnagar,MICROBIOLOGY,10000, 50686,2000000,1,900
1,89381,Tel Govt-Serv LOC,BCB-GEN,Telangana,Gandhi Med Coll Secunderabad,RADIO DIAGNOSIS,10000, 50686,2000000,1,1200
1,89483,Tel Govt-NS LOC,OPEN-GEN,Telangana,Govt Med Coll Nalgonda,BIOCHEMISTRY,10000, 50686,2000000,1,-
1,89907,Tel Govt-Serv LOC,OPEN-GEN,Telangana,Osmania Med Coll Hyderabad,TBRD,10000, 50686,2000000,1,4800
1,91157,Tel Govt-Serv LOC,OPEN-GEN,Telangana,Malla Reddy IMS Hyderabad,PAEDIATRICS,700000,Info not available,2000000,1,940
1,91528,Tel Govt-NS LOC,OPEN-FEM,Telangana,Govt Med Coll Suryapet,BIOCHEMISTRY,10000, 50686,2000000,1,-
1,91611,Tel Govt-Serv UNR,SC-GEN,Telangana,Malla Reddy IMS Hyderabad,PAEDIATRICS,700000,Info not available,2000000,1,940
1,91632,Tel Govt-Serv LOC,ST-GEN,Telangana,SVS Med Coll Mehboobnagar,RADIO DIAGNOSIS,750000,Info not available,2000000,1,760
1,91708,Tel Govt-Serv LOC,ST-GEN,Telangana,Surabhi InstituteofMSSiddipet,GENERAL MEDICINE,775000,Info not available,2000000,1,-
1,92491,Tel Govt-Serv LOC,BCB-GEN,Telangana,Kakatiya Med Coll Warangal,TBRD,10000, 50686,2000000,1,1150
1,92673,Tel Govt-Serv UNR,BCD-GEN,Telangana,Osmania Med Coll Hyderabad,GENERAL SURGERY,10000, 50686,2000000,1,4800
1,93124,Tel Govt-NS LOC,ST-FEM,Telangana,Kamineni (KAMSRC) Hyderabad,GENERAL SURGERY,700000,Info not available,2000000,1,650
1,93439,Tel Govt-Serv LOC,OPEN-FEM,Telangana,Bhaskar Med Coll Yenkapally,RADIO DIAGNOSIS,750000,Info not available,2000000,1,850
1,93500,Tel Govt-NS LOC,ST-GEN,Telangana,Prathima IMS Karimnagar,ORTHOPAEDICS,750000,Info not available,2000000,1,1060
1,93546,Tel Govt-Serv UNR,OPEN-FEM,Telangana,Osmania Med Coll Hyderabad,PSYCHIATRY,10000, 50686,2000000,1,4800
1,94288,Tel Govt-Serv UNR,OPEN-FEM,Telangana,SVS Med Coll Mehboobnagar,GENERAL SURGERY,750000,Info not available,2000000,1,760
1,94477,Tel Govt-NS UNR,MIN-FEM-MSM,Telangana,DrVRK Womens MedCollAziznagar,PHARMACOLOGY,430000,Info not available,2000000,1,500
1,95269,Tel Govt-NS LOC,BCA-FEM,Telangana,NIMS Hyderabad,BIOCHEMISTRY,72000, 99969,5000000,1,1498
1,96053,Tel Govt-Serv LOC,SC-GEN,Telangana,Osmania Med Coll Hyderabad,PAEDIATRICS,10000, 50686,2000000,1,4800
1,96054,Tel Govt-Serv LOC,OPEN-GEN,Telangana,Osmania Med Coll Hyderabad,OBG,10000, 50686,2000000,1,4800
1,96370,Tel Govt-NS LOC,BCE-GEN,Telangana,Govt Med Coll Nalgonda,MICROBIOLOGY,10000, 50686,2000000,1,-
1,96479,Tel Govt-Serv LOC,OPEN-GEN,Telangana,Prathima IMS Karimnagar,RADIO DIAGNOSIS,750000,Info not available,2000000,1,1060
1,96486,Tel Govt-NS UNR,ST-FEM,Telangana,Mediciti IMS Ghanpur,PSYCHIATRY,700000,Info not available,2000000,1,720
1,96641,Tel Govt-Serv LOC,BCD-GEN,Telangana,Mediciti IMS Ghanpur,PAEDIATRICS,-,-,-,-,720
1,97015,Tel Govt-Serv LOC,OPEN-GEN,Telangana,Osmania Med Coll Hyderabad,GENERAL SURGERY,10000, 50686,2000000,1,4800
1,97107,Tel Govt-NS LOC,MIN-GEN-MSM,Telangana,Shadan IMSRC Peerancheru,MICROBIOLOGY,430000,Info not available,2000000,1,800
1,97127,Tel Govt-Serv LOC,BCB-GEN,Telangana,SVS Med Coll Mehboobnagar,DERMATOLOGY,750000,Info not available,2000000,1,760
1,98005,Tel Govt-Serv UNR,OPEN-GEN,Telangana,Bhaskar Med Coll Yenkapally,ORTHOPAEDICS,750000,Info not available,2000000,1,850
1,98225,Tel Govt-NS LOC,OPEN-FEM,Telangana,Kakatiya Med Coll Warangal,ANATOMY,10000, 50686,2000000,1,1150
1,98615,Tel Govt-Serv UNR,BCE-GEN,Telangana,Osmania Med Coll Hyderabad,RADIATION ONCOLOGY,10000, 50686,2000000,1,4800
1,99472,Tel Govt-NS UNR,SC-GEN,Telangana,SVS Med Coll Mehboobnagar,ANATOMY,180000,Info not available,2000000,1,760
1,99583,Tel Govt-Serv LOC,OPEN-FEM,Telangana,Kakatiya Med Coll Warangal,GENERAL SURGERY,10000, 50686,2000000,1,1150
1,99585,Tel Govt-Serv LOC,OPEN-GEN,Telangana,Kamineni IMS Narketpally,GENERAL MEDICINE,750000,Info not available,2000000,1,1060
1,99657,Tel Govt-NS LOC,ST-GEN,Telangana,Govt Med Coll Mahabubnagar,PHARMACOLOGY,10000, 50686,2000000,1,900
1,99720,Tel Govt-Serv LOC,OPEN-FEM,Telangana,Mediciti IMS Ghanpur,RADIO DIAGNOSIS,700000,Info not available,2000000,1,720
1,100024,Tel Govt-NS LOC,ST-GEN,Telangana,Dr Patnam MRInstofMSChevella,ORTHOPAEDICS,-,-,-,-,-
1,100216,Tel Govt-NS LOC,SC-GEN,Telangana,ESIC Med CollSanath Nagar,EMERGENCY MEDICINE, 250000,107800,1000000,2,690
1,100278,Tel Govt-NS LOC,MIN-GEN-MSM,Telangana,Shadan IMSRC Peerancheru,PHYSIOLOGY,200000,Info not available,2000000,1,800
1,101202,Tel Govt-NS UNR,BCA-GEN,Telangana,Osmania Med Coll Hyderabad,BIOCHEMISTRY,10000, 50686,2000000,1,4800
1,101893,Tel Govt-Serv LOC,OPEN-GEN,Telangana,Dr Patnam MRInstofMSChevella,DERMATOLOGY,-,-,-,-,-
1,102738,Tel Govt-NS LOC,ST-GEN,Telangana,CAIMS Karimnagar,GENERAL SURGERY,775000,Info not available,2000000,1,1000
1,103181,Tel Govt-NS LOC,MIN-GEN-MSM,Telangana,DCMS Hyderabad,BIOCHEMISTRY,216000,Info not available,2000000,1,1400
1,103182,Tel Govt-NS LOC,OPEN-FEM,Telangana,Kakatiya Med Coll Warangal,BIOCHEMISTRY,10000, 50686,2000000,1,1150
1,103383,Tel Govt-Serv LOC,BCA-GEN,Telangana,CAIMS Karimnagar,RADIO DIAGNOSIS,775000,Info not available,2000000,1,1000
1,103548,Tel Govt-NS LOC,BCA-FEM,Telangana,Kamineni IMS Narketpally,PATHOLOGY,430000,Info not available,2000000,1,1060
1,103636,Tel Govt-NS LOC,OPEN-GEN,Telangana,Govt Med Coll Nalgonda,PHYSIOLOGY,10000, 50686,2000000,1,-
1,104474,Tel Govt-NS LOC,SC-FEM,Telangana,CAIMS Karimnagar,SPM,430000,Info not available,2000000,1,1000
1,105771,Tel Govt-NS UNR,OPEN-GEN,Telangana,MNR Med Coll Sangareddy,PHYSIOLOGY,189000,Info not available,2000000,1,760
1,107617,Tel Govt-Serv LOC,BCB-GEN,Telangana,Prathima IMS Karimnagar,GENERAL MEDICINE,750000,Info not available,2000000,1,1060
1,107892,Tel Govt-NS LOC,ST-GEN,Telangana,Bhaskar Med Coll Yenkapally,PSYCHIATRY,750000,Info not available,2000000,1,850
1,108377,Tel Govt-NS LOC,BCA-GEN,Telangana,Apollo IMSR Hyderabad,SPM,430000,Info not available,2000000,1,570
1,109099,Tel Govt-NS LOC,OPEN-GEN,Telangana,Dr Patnam MRInstofMSChevella,MICROBIOLOGY,430000,Info not available,2000000,1,-
1,109163,Tel Govt-Serv LOC,SC-GEN,Telangana,Gandhi Med Coll Secunderabad,ORTHOPAEDICS,10000, 50686,2000000,1,1200
1,109303,Tel Govt-Serv LOC,OPEN-FEM,Telangana,Osmania Med Coll Hyderabad,PAEDIATRICS,10000, 50686,2000000,1,4800
1,109379,Tel Govt-Serv LOC,SC-FEM,Telangana,Gandhi Med Coll Secunderabad,GENERAL MEDICINE,10000, 50686,2000000,1,1200
1,111079,Tel Govt-Serv LOC,BCD-GEN,Telangana,MNR Med Coll Sangareddy,DERMATOLOGY,700000,Info not available,2000000,1,760
1,111113,Tel Govt-NS LOC,ST-FEM,Telangana,Osmania Med Coll Hyderabad,PHARMACOLOGY,10000, 50686,2000000,1,4800
1,111436,Tel Govt-Serv LOC,BCD-GEN,Telangana,MNR Med Coll Sangareddy,RADIO DIAGNOSIS,700000,Info not available,2000000,1,760
1,111483,Tel Govt-Serv LOC,OPEN-GEN,Telangana,Kakatiya Med Coll Warangal,ORTHOPAEDICS,10000, 50686,2000000,1,1150
1,112201,Tel Govt-Serv LOC,SC-GEN,Telangana,Osmania Med Coll Hyderabad,OBG,10000, 50686,2000000,1,4800
1,112475,Tel Govt-NS LOC,SC-GEN,Telangana,Gandhi Med Coll Secunderabad,PHYSIOLOGY,10000, 50686,2000000,1,1200
1,112951,Tel Govt-Serv LOC,OPEN-GEN,Telangana,Gandhi Med Coll Secunderabad,GENERAL SURGERY,10000, 50686,2000000,1,1200
1,113213,Tel Govt-NS LOC,OPEN-FEM,Telangana,Prathima IMS Karimnagar,MICROBIOLOGY,462250,Info not available,2000000,1,1060
1,113551,Tel Govt-Serv LOC,SC-FEM,Telangana,Kakatiya Med Coll Warangal,PAEDIATRICS,10000, 50686,2000000,1,1150
1,113960,Tel Govt-Serv LOC,ST-GEN,Telangana,Osmania Med Coll Hyderabad,GENERAL SURGERY,10000, 50686,2000000,1,4800
1,114060,Tel Govt-NS UNR,MIN-GEN-MSM,Telangana,DCMS Hyderabad,ANATOMY,216000,Info not available,2000000,1,1400
1,114109,Tel Govt-Serv LOC,SC-GEN,Telangana,Dr Patnam MRInstofMSChevella,GENERAL MEDICINE,-,-,-,-,-
1,114149,Tel Govt-Serv LOC,SC-FEM,Telangana,Kamineni (KAMSRC) Hyderabad,RADIO DIAGNOSIS,700000,Info not available,2000000,1,650
1,114174,Tel Govt-NS LOC,OPEN-GEN,Telangana,RVM IMSRC Siddipet,MICROBIOLOGY,430000,Info not available,2000000,1,1110
1,114386,Tel Govt-Serv LOC,OPEN-GEN,Telangana,Osmania Med Coll Hyderabad,OPHTHALMOLOGY,10000, 50686,2000000,1,4800
1,115485,Tel Govt-Serv LOC,SC-GEN,Telangana,Gandhi Med Coll Secunderabad,GENERAL SURGERY,10000, 50686,2000000,1,1200
1,116387,Tel Govt-Serv UNR,MIN-GEN-MSM,Telangana,DCMS Hyderabad,ORTHOPAEDICS,775000,Info not available,2000000,1,1400
1,116743,Tel Govt-Serv LOC,BCA-GEN,Telangana,Kamineni IMS Narketpally,PAEDIATRICS,750000,Info not available,2000000,1,1060
1,117583,Tel Govt-Serv LOC,ST-GEN,Telangana,Osmania Med Coll Hyderabad,ANAESTHESIOLOGY,10000, 50686,2000000,1,4800
1,117618,Tel Govt-NS LOC,ST-GEN,Telangana,Dr Patnam MRInstofMSChevella,TBRD,-,-,-,-,-
1,117648,Tel Govt-Serv LOC,OPEN-GEN,Telangana,Gandhi Med Coll Secunderabad,OPHTHALMOLOGY,10000, 50686,2000000,1,1200
1,118076,Tel Govt-Serv UNR,BCB-GEN,Telangana,MNR Med Coll Sangareddy,OBG,700000,Info not available,2000000,1,760
1,118142,Tel Govt-Serv LOC,BCD-GEN,Telangana,Gandhi Med Coll Secunderabad,OBG,10000, 50686,2000000,1,1200
1,118330,Tel Govt-NS LOC,ST-FEM,Telangana,CAIMS Karimnagar,ANAESTHESIOLOGY,775000,Info not available,2000000,1,1000
1,118929,Tel Govt-Serv UNR,SC-GEN,Telangana,Malla Reddy IMS Hyderabad,ANAESTHESIOLOGY,700000,Info not available,2000000,1,940
1,119526,Tel Govt-NS LOC,ST-GEN,Telangana,NIMS Hyderabad,BIOCHEMISTRY,72000, 99969,5000000,1,1498
1,120106,Tel Govt-Serv LOC,MIN-GEN-MSM,Telangana,DCMS Hyderabad,GENERAL MEDICINE,775000,Info not available,2000000,1,1400
1,120383,Tel Govt-NS LOC,ST-GEN,Telangana,Dr Patnam MRInstofMSChevella,ANAESTHESIOLOGY,700000,Info not available,2000000,1,-
1,120510,Tel Govt-NS LOC,ST-GEN,Telangana,CAIMS Karimnagar,OPHTHALMOLOGY,775000,Info not available,2000000,1,1000
1,3994,TELMgmt-MQ1-CatB-All,MQ1,Telangana,Apollo IMSR Hyderabad,RADIO DIAGNOSIS,2300000,Info not available,2000000,1,570
1,5272,TELMgmt-MQ1-CatB-All,MQ1,Telangana,Malla Reddy IMS Hyderabad,RADIO DIAGNOSIS,2300000,Info not available,2000000,1,940
1,5832,TELMgmt-MQ1-CatB-All,MQ1,Telangana,Malla Reddy IMS Hyderabad,RADIO DIAGNOSIS,2300000,Info not available,2000000,1,940
1,7612,TELMgmt-MQ1-CatB-All,MQ1,Telangana,Malla Reddy IMS Hyderabad,DERMATOLOGY,2300000,Info not available,2000000,1,940
1,7936,TELMgmt-MQ1-CatB-All,MQ1,Telangana,Malla Reddy IMS Hyderabad,RADIO DIAGNOSIS,2300000,Info not available,2000000,1,940
1,8377,TELMgmt-MQ1-CatB-All,MQ1,Telangana,Malla Reddy IMS Hyderabad,RADIO DIAGNOSIS,2300000,Info not available,2000000,1,940
1,8400,TELMgmt-MQ1-CatB-All,MQ1,Telangana,SVS Med Coll Mehboobnagar,RADIO DIAGNOSIS,2400000,Info not available,2000000,1,760
1,8409,TELMgmt-MQ1-CatB-All,MQ1,Telangana,Kamineni (KAMSRC) Hyderabad,RADIO DIAGNOSIS,2300000,Info not available,2000000,1,650
1,8738,TELMgmt-MQ1-CatB-All,MQ1,Telangana,Kamineni (KAMSRC) Hyderabad,RADIO DIAGNOSIS,2300000,Info not available,2000000,1,650
1,9967,TELMgmt-MQ1-CatB-All,MQ1,Telangana,SVS Med Coll Mehboobnagar,RADIO DIAGNOSIS,2400000,Info not available,2000000,1,760
1,10427,TELMgmt-MQ1-CatB-All,MQ1,Telangana,Malla Reddy IMS Hyderabad,GENERAL MEDICINE,2300000,Info not available,2000000,1,940
1,10549,TELMgmt-MQ1-CatB-All,MQ1,Telangana,Malla Reddy(Women) Hyderabad,RADIO DIAGNOSIS,2300000,Info not available,2000000,1,1050
1,10796,TELMgmt-MQ1-CatB-All,MQ1,Telangana,Prathima IMS Karimnagar,RADIO DIAGNOSIS,2300000,Info not available,2000000,1,1060
1,11267,TELMgmt-MQ1-CatB-All,MQ1,Telangana,Apollo IMSR Hyderabad,GENERAL MEDICINE,2300000,Info not available,2000000,1,570
1,11352,TELMgmt-MQ1-CatB-All,MQ1,Telangana,Mamata Med Coll Khammam,GENERAL MEDICINE,2300000,Info not available,2000000,1,1080
1,11470,TELMgmt-MQ1-CatB-All,MQ1,Telangana,Apollo IMSR Hyderabad,GENERAL MEDICINE,2300000,Info not available,2000000,1,570
1,11813,TELMgmt-MQ1-CatB-All,MQ1,Telangana,Prathima IMS Karimnagar,RADIO DIAGNOSIS,2300000,Info not available,2000000,1,1060
1,11899,TELMgmt-MQ1-CatB-All,MQ1,Telangana,Malla Reddy IMS Hyderabad,GENERAL MEDICINE,2300000,Info not available,2000000,1,940
1,11918,TELMgmt-MQ1-CatB-All,MQ1,Telangana,Apollo IMSR Hyderabad,OBG,2300000,Info not available,2000000,1,570
1,11924,TELMgmt-MQ1-CatB-All,MQ1,Telangana,Malla Reddy IMS Hyderabad,GENERAL MEDICINE,2300000,Info not available,2000000,1,940
1,11970,TELMgmt-MQ1-CatB-All,MQ1,Telangana,Kamineni (KAMSRC) Hyderabad,DERMATOLOGY,2300000,Info not available,2000000,1,650
1,12171,TELMgmt-MQ1-CatB-All,MQ1,Telangana,RVM IMSRC Siddipet,RADIO DIAGNOSIS,2300000,Info not available,2000000,1,1110
1,12685,TELMgmt-MQ1-CatB-All,MQ1,Telangana,CAIMS Karimnagar,RADIO DIAGNOSIS,2400000,Info not available,2000000,1,1000
1,12787,TELMgmt-MQ1-CatB-All,MQ1,Telangana,Prathima IMS Karimnagar,GENERAL MEDICINE,2300000,Info not available,2000000,1,1060
1,12788,TELMgmt-MQ1-CatB-All,MQ1,Telangana,Kamineni (KAMSRC) Hyderabad,GENERAL MEDICINE,2300000,Info not available,2000000,1,650
1,13047,TELMgmt-MQ1-CatB-All,MQ1,Telangana,SVS Med Coll Mehboobnagar,DERMATOLOGY,2400000,Info not available,2000000,1,760
1,13271,TELMgmt-MQ1-CatB-All,MQ1,Telangana,Mediciti IMS Ghanpur,RADIO DIAGNOSIS,2300000,Info not available,2000000,1,720
1,13281,TELMgmt-MQ1-CatB-All,MQ1,Telangana,Malla Reddy IMS Hyderabad,GENERAL MEDICINE,2300000,Info not available,2000000,1,940
1,13350,TELMgmt-MQ1-CatB-All,MQ1,Telangana,CAIMS Karimnagar,RADIO DIAGNOSIS,2400000,Info not available,2000000,1,1000
1,13424,TELMgmt-MQ1-CatB-All,MQ1-MSM,Telangana,DCMS Hyderabad,GENERAL MEDICINE,2400000,Info not available,2000000,1,1400
1,13514,TELMgmt-MQ1-CatB-All,MQ1,Telangana,Bhaskar Med Coll Yenkapally,RADIO DIAGNOSIS,2300000,Info not available,2000000,1,850
1,13561,TELMgmt-MQ1-CatB-All,MQ1,Telangana,Malla Reddy IMS Hyderabad,GENERAL MEDICINE,2300000,Info not available,2000000,1,940
1,13639,TELMgmt-MQ1-CatB-All,MQ1,Telangana,Mamata Med Coll Khammam,GENERAL MEDICINE,2300000,Info not available,2000000,1,1080
1,13674,TELMgmt-MQ1-CatB-All,MQ1,Telangana,Malla Reddy IMS Hyderabad,GENERAL MEDICINE,2300000,Info not available,2000000,1,940
1,13880,TELMgmt-MQ1-CatB-All,MQ1,Telangana,Malla Reddy IMS Hyderabad,PAEDIATRICS,2300000,Info not available,2000000,1,940
1,13937,TELMgmt-MQ1-CatB-All,MQ1,Telangana,SVS Med Coll Mehboobnagar,GENERAL MEDICINE,2400000,Info not available,2000000,1,760
1,14221,TELMgmt-MQ1-CatB-All,MQ1,Telangana,CAIMS Karimnagar,RADIO DIAGNOSIS,2400000,Info not available,2000000,1,1000
1,14395,TELMgmt-MQ1-CatB-All,MQ1,Telangana,Mamata Med Coll Khammam,DERMATOLOGY,2300000,Info not available,2000000,1,1080
1,14463,TELMgmt-MQ1-CatB-All,MQ1,Telangana,Malla Reddy IMS Hyderabad,OBG,2300000,Info not available,2000000,1,940
1,14606,TELMgmt-MQ1-CatB-All,MQ1,Telangana,Mamata Med Coll Khammam,RADIO DIAGNOSIS,2300000,Info not available,2000000,1,1080
1,14837,TELMgmt-MQ1-CatB-All,MQ1,Telangana,Mamata Med Coll Khammam,RADIO DIAGNOSIS,2300000,Info not available,2000000,1,1080
1,14872,TELMgmt-MQ1-CatB-All,MQ1,Telangana,Malla Reddy(Women) Hyderabad,DERMATOLOGY,2300000,Info not available,2000000,1,1050
1,14905,TELMgmt-MQ1-CatB-All,MQ1,Telangana,Kamineni IMS Narketpally,RADIO DIAGNOSIS,2300000,Info not available,2000000,1,1060
1,15035,TELMgmt-MQ1-CatB-All,MQ1,Telangana,Kamineni (KAMSRC) Hyderabad,GENERAL MEDICINE,2300000,Info not available,2000000,1,650
1,15132,TELMgmt-MQ1-CatB-All,MQ1,Telangana,Mediciti IMS Ghanpur,RADIO DIAGNOSIS,2300000,Info not available,2000000,1,720
1,15211,TELMgmt-MQ1-CatB-All,MQ1,Telangana,RVM IMSRC Siddipet,GENERAL SURGERY,2300000,Info not available,2000000,1,1110
1,15398,TELMgmt-MQ1-CatB-All,MQ1,Telangana,Mediciti IMS Ghanpur,RADIO DIAGNOSIS,2300000,Info not available,2000000,1,720
1,15491,TELMgmt-MQ1-CatB-All,MQ1,Telangana,Prathima IMS Karimnagar,DERMATOLOGY,2300000,Info not available,2000000,1,1060
1,15546,TELMgmt-MQ1-CatB-All,MQ1,Telangana,Malla Reddy(Women) Hyderabad,GENERAL MEDICINE,2300000,Info not available,2000000,1,1050
1,15580,TELMgmt-MQ1-CatB-All,MQ1,Telangana,Bhaskar Med Coll Yenkapally,RADIO DIAGNOSIS,2300000,Info not available,2000000,1,850
1,15692,TELMgmt-MQ1-CatB-All,MQ1-MSM,Telangana,Shadan IMSRC Peerancheru,RADIO DIAGNOSIS,2400000,Info not available,2000000,1,800
1,15808,TELMgmt-MQ1-CatB-All,MQ1,Telangana,Malla Reddy(Women) Hyderabad,GENERAL MEDICINE,2300000,Info not available,2000000,1,1050
1,16118,TELMgmt-MQ1-CatB-All,MQ1,Telangana,MNR Med Coll Sangareddy,RADIO DIAGNOSIS,2300000,Info not available,2000000,1,760
1,16213,TELMgmt-MQ1-CatB-All,MQ1,Telangana,Kamineni (KAMSRC) Hyderabad,OBG,2300000,Info not available,2000000,1,650
1,16247,TELMgmt-MQ1-CatB-All,MQ1,Telangana,SVS Med Coll Mehboobnagar,GENERAL MEDICINE,2400000,Info not available,2000000,1,760
1,16259,TELMgmt-MQ1-CatB-All,MQ1,Telangana,SVS Med Coll Mehboobnagar,GENERAL MEDICINE,2400000,Info not available,2000000,1,760
1,16362,TELMgmt-MQ1-CatB-All,MQ1,Telangana,SVS Med Coll Mehboobnagar,GENERAL MEDICINE,2400000,Info not available,2000000,1,760
1,16364,TELMgmt-MQ1-CatB-All,MQ1,Telangana,Mamata Med Coll Khammam,GENERAL MEDICINE,2300000,Info not available,2000000,1,1080
1,16378,TELMgmt-MQ1-CatB-All,MQ1,Telangana,CAIMS Karimnagar,DERMATOLOGY,2400000,Info not available,2000000,1,1000
1,16392,TELMgmt-MQ1-CatB-All,MQ1,Telangana,Prathima IMS Karimnagar,GENERAL MEDICINE,2300000,Info not available,2000000,1,1060
1,16444,TELMgmt-MQ1-CatB-All,MQ1,Telangana,CAIMS Karimnagar,GENERAL MEDICINE,2400000,Info not available,2000000,1,1000
1,16569,TELMgmt-MQ1-CatB-All,MQ1,Telangana,Kamineni IMS Narketpally,GENERAL MEDICINE,2300000,Info not available,2000000,1,1060
1,16727,TELMgmt-MQ1-CatB-All,MQ1,Telangana,Mediciti IMS Ghanpur,DERMATOLOGY,2300000,Info not available,2000000,1,720
1,16781,TELMgmt-MQ1-CatB-All,MQ1,Telangana,CAIMS Karimnagar,GENERAL MEDICINE,2400000,Info not available,2000000,1,1000
1,17067,TELMgmt-MQ1-CatB-All,MQ1,Telangana,CAIMS Karimnagar,GENERAL MEDICINE,2400000,Info not available,2000000,1,1000
1,17091,TELMgmt-MQ1-CatB-All,MQ1,Telangana,MNR Med Coll Sangareddy,RADIO DIAGNOSIS,2300000,Info not available,2000000,1,760
1,17197,TELMgmt-MQ1-CatB-All,MQ1,Telangana,CAIMS Karimnagar,GENERAL MEDICINE,2400000,Info not available,2000000,1,1000
1,17343,TELMgmt-MQ1-CatB-All,MQ1,Telangana,Kamineni (KAMSRC) Hyderabad,OBG,2300000,Info not available,2000000,1,650
1,17444,TELMgmt-MQ1-CatB-All,MQ1,Telangana,Mahavir Inst of MS Vikarabad,RADIO DIAGNOSIS,2300000,Info not available,2000000,1,700
1,17605,TELMgmt-MQ1-CatB-All,MQ1,Telangana,Malla Reddy IMS Hyderabad,PAEDIATRICS,2300000,Info not available,2000000,1,940
1,17690,TELMgmt-MQ1-CatB-All,MQ1,Telangana,Bhaskar Med Coll Yenkapally,DERMATOLOGY,2300000,Info not available,2000000,1,850
1,17799,TELMgmt-MQ1-CatB-All,MQ1,Telangana,Kamineni IMS Narketpally,DERMATOLOGY,2300000,Info not available,2000000,1,1060
1,18027,TELMgmt-MQ1-CatB-All,MQ1,Telangana,Prathima IMS Karimnagar,GENERAL MEDICINE,2300000,Info not available,2000000,1,1060
1,18050,TELMgmt-MQ1-CatB-All,MQ1,Telangana,Dr Patnam MRInstofMSChevella,DERMATOLOGY,-,-,-,-,-
1,18206,TELMgmt-MQ1-CatB-All,MQ1,Telangana,MNR Med Coll Sangareddy,DERMATOLOGY,2300000,Info not available,2000000,1,760
1,18426,TELMgmt-MQ1-CatB-All,MQ1,Telangana,Malla Reddy IMS Hyderabad,OBG,2300000,Info not available,2000000,1,940
1,18553,TELMgmt-MQ1-CatB-All,MQ1,Telangana,RVM IMSRC Siddipet,GENERAL MEDICINE,2300000,Info not available,2000000,1,1110
1,18864,TELMgmt-MQ1-CatB-All,MQ1,Telangana,Apollo IMSR Hyderabad,PAEDIATRICS,2300000,Info not available,2000000,1,570
1,18891,TELMgmt-MQ1-CatB-All,MQ1,Telangana,Kamineni IMS Narketpally,GENERAL MEDICINE,2300000,Info not available,2000000,1,1060
1,18987,TELMgmt-MQ1-CatB-All,MQ1,Telangana,Mahavir Inst of MS Vikarabad,DERMATOLOGY,2300000,Info not available,2000000,1,700
1,19092,TELMgmt-MQ1-CatB-All,MQ1,Telangana,Prathima IMS Karimnagar,GENERAL MEDICINE,2300000,Info not available,2000000,1,1060
1,19252,TELMgmt-MQ1-CatB-All,MQ1,Telangana,Malla Reddy IMS Hyderabad,OBG,2300000,Info not available,2000000,1,940
1,19297,TELMgmt-MQ1-CatB-All,MQ1,Telangana,Prathima IMS Karimnagar,GENERAL MEDICINE,2300000,Info not available,2000000,1,1060
1,19469,TELMgmt-MQ1-CatB-All,MQ1,Telangana,Prathima IMS Karimnagar,GENERAL MEDICINE,2300000,Info not available,2000000,1,1060
1,19748,TELMgmt-MQ1-CatB-All,MQ1,Telangana,Malla Reddy IMS Hyderabad,PAEDIATRICS,2300000,Info not available,2000000,1,940
1,19816,TELMgmt-MQ1-CatB-All,MQ1,Telangana,Bhaskar Med Coll Yenkapally,GENERAL MEDICINE,2300000,Info not available,2000000,1,850
1,19917,TELMgmt-MQ1-CatB-All,MQ1,Telangana,SVS Med Coll Mehboobnagar,PAEDIATRICS,2400000,Info not available,2000000,1,760
1,19963,TELMgmt-MQ1-CatB-All,MQ1,Telangana,Mediciti IMS Ghanpur,GENERAL MEDICINE,2300000,Info not available,2000000,1,720
1,20002,TELMgmt-MQ1-CatB-All,MQ1-MSM,Telangana,DCMS Hyderabad,RADIO DIAGNOSIS,2400000,Info not available,2000000,1,1400
1,20022,TELMgmt-MQ1-CatB-All,MQ1,Telangana,Malla Reddy IMS Hyderabad,PAEDIATRICS,2300000,Info not available,2000000,1,940
1,20080,TELMgmt-MQ1-CatB-All,MQ1,Telangana,Mediciti IMS Ghanpur,GENERAL MEDICINE,2300000,Info not available,2000000,1,720
1,20275,TELMgmt-MQ1-CatB-All,MQ1,Telangana,Mamata Med Coll Khammam,PAEDIATRICS,2300000,Info not available,2000000,1,1080
1,20381,TELMgmt-MQ1-CatB-All,MQ1,Telangana,SVS Med Coll Mehboobnagar,PAEDIATRICS,2400000,Info not available,2000000,1,760
1,20439,TELMgmt-MQ2-CatC-NRI,MQ2,Telangana,Malla Reddy IMS Hyderabad,RADIO DIAGNOSIS,6900000,Info not available,2000000,1,940
1,20445,TELMgmt-MQ1-CatB-All,MQ1,Telangana,MNR Med Coll Sangareddy,GENERAL MEDICINE,2300000,Info not available,2000000,1,760
1,20535,TELMgmt-MQ1-CatB-All,MQ1,Telangana,Apollo IMSR Hyderabad,TBRD,2300000,Info not available,2000000,1,570
1,20770,TELMgmt-MQ1-CatB-All,MQ1,Telangana,MNR Med Coll Sangareddy,GENERAL MEDICINE,2300000,Info not available,2000000,1,760
1,20919,TELMgmt-MQ1-CatB-All,MQ1,Telangana,Kamineni (KAMSRC) Hyderabad,PAEDIATRICS,2300000,Info not available,2000000,1,650
1,20974,TELMgmt-MQ1-CatB-All,MQ1,Telangana,Bhaskar Med Coll Yenkapally,GENERAL MEDICINE,2300000,Info not available,2000000,1,850
1,20982,TELMgmt-MQ1-CatB-All,MQ1,Telangana,MNR Med Coll Sangareddy,GENERAL MEDICINE,2300000,Info not available,2000000,1,760
1,21011,TELMgmt-MQ1-CatB-All,MQ1,Telangana,Malla Reddy IMS Hyderabad,OBG,2300000,Info not available,2000000,1,940
1,21073,TELMgmt-MQ1-CatB-All,MQ1,Telangana,Malla Reddy(Women) Hyderabad,PAEDIATRICS,2300000,Info not available,2000000,1,1050
1,21135,TELMgmt-MQ1-CatB-All,MQ1,Telangana,Malla Reddy IMS Hyderabad,OBG,2300000,Info not available,2000000,1,940
1,21162,TELMgmt-MQ1-CatB-All,MQ1,Telangana,Mahavir Inst of MS Vikarabad,GENERAL MEDICINE,2300000,Info not available,2000000,1,700
1,21228,TELMgmt-MQ1-CatB-All,MQ1,Telangana,SVS Med Coll Mehboobnagar,OBG,2400000,Info not available,2000000,1,760
1,21411,TELMgmt-MQ1-CatB-All,MQ1-MSM,Telangana,DCMS Hyderabad,RADIO DIAGNOSIS,2400000,Info not available,2000000,1,1400
1,21426,TELMgmt-MQ1-CatB-All,MQ1,Telangana,Surabhi InstituteofMSSiddipet,GENERAL MEDICINE,2400000,Info not available,2000000,1,-
1,21430,TELMgmt-MQ1-CatB-All,MQ1,Telangana,SVS Med Coll Mehboobnagar,GENERAL SURGERY,2400000,Info not available,2000000,1,760
1,21489,TELMgmt-MQ1-CatB-All,MQ1,Telangana,Kamineni IMS Narketpally,PAEDIATRICS,2300000,Info not available,2000000,1,1060
1,21562,TELMgmt-MQ1-CatB-All,MQ1,Telangana,Dr Patnam MRInstofMSChevella,GENERAL MEDICINE,-,-,-,-,-
1,21587,TELMgmt-MQ1-CatB-All,MQ1,Telangana,Malla Reddy IMS Hyderabad,GENERAL SURGERY,2300000,Info not available,2000000,1,940
1,21611,TELMgmt-MQ1-CatB-All,MQ1,Telangana,Dr Patnam MRInstofMSChevella,GENERAL MEDICINE,-,-,-,-,-
1,21749,TELMgmt-MQ1-CatB-All,MQ1,Telangana,SVS Med Coll Mehboobnagar,OBG,2400000,Info not available,2000000,1,760
1,21767,TELMgmt-MQ1-CatB-All,MQ1,Telangana,Surabhi InstituteofMSSiddipet,GENERAL MEDICINE,2400000,Info not available,2000000,1,-
1,21899,TELMgmt-MQ1-CatB-All,MQ1-MSM,Telangana,Shadan IMSRC Peerancheru,GENERAL MEDICINE,2400000,Info not available,2000000,1,800
1,22345,TELMgmt-MQ1-CatB-All,MQ1,Telangana,Mamata Med Coll Khammam,PAEDIATRICS,2300000,Info not available,2000000,1,1080
1,22349,TELMgmt-MQ1-CatB-All,MQ1,Telangana,Prathima IMS Karimnagar,PAEDIATRICS,2300000,Info not available,2000000,1,1060
1,22434,TELMgmt-MQ1-CatB-All,MQ1,Telangana,Mediciti IMS Ghanpur,PAEDIATRICS,-,-,-,-,720
1,22725,TELMgmt-MQ1-CatB-All,MQ1,Telangana,Prathima IMS Karimnagar,PAEDIATRICS,2300000,Info not available,2000000,1,1060
1,22909,TELMgmt-MQ1-CatB-All,MQ1,Telangana,Prathima IMS Karimnagar,OBG,2300000,Info not available,2000000,1,1060
1,22928,TELMgmt-MQ1-CatB-All,MQ1,Telangana,CAIMS Karimnagar,PAEDIATRICS,2400000,Info not available,2000000,1,1000
1,23285,TELMgmt-MQ1-CatB-All,MQ1,Telangana,SVS Med Coll Mehboobnagar,GENERAL SURGERY,2400000,Info not available,2000000,1,760
1,23528,TELMgmt-MQ1-CatB-All,MQ1,Telangana,MNR Med Coll Sangareddy,PAEDIATRICS,2300000,Info not available,2000000,1,760
1,23541,TELMgmt-MQ1-CatB-All,MQ1,Telangana,Prathima IMS Karimnagar,PAEDIATRICS,2300000,Info not available,2000000,1,1060
1,23632,TELMgmt-MQ1-CatB-All,MQ1,Telangana,Malla Reddy IMS Hyderabad,ORTHOPAEDICS,2300000,Info not available,2000000,1,940
1,23667,TELMgmt-MQ1-CatB-All,MQ1,Telangana,CAIMS Karimnagar,OPHTHALMOLOGY,2400000,Info not available,2000000,1,1000
1,23783,TELMgmt-MQ1-CatB-All,MQ1,Telangana,CAIMS Karimnagar,PAEDIATRICS,2400000,Info not available,2000000,1,1000
1,23910,TELMgmt-MQ1-CatB-All,MQ1,Telangana,Bhaskar Med Coll Yenkapally,PAEDIATRICS,2300000,Info not available,2000000,1,850
1,24064,TELMgmt-MQ1-CatB-All,MQ1,Telangana,Mamata Med Coll Khammam,OBG,2300000,Info not available,2000000,1,1080
1,24082,TELMgmt-MQ2-CatC-NRI,MQ2,Telangana,Mediciti IMS Ghanpur,DERMATOLOGY,6900000,Info not available,2000000,1,720
1,24570,TELMgmt-MQ1-CatB-All,MQ1,Telangana,RVM IMSRC Siddipet,PAEDIATRICS,2300000,Info not available,2000000,1,1110
1,24931,TELMgmt-MQ1-CatB-All,MQ1,Telangana,Surabhi InstituteofMSSiddipet,PAEDIATRICS,2400000,Info not available,2000000,1,-
1,24972,TELMgmt-MQ1-CatB-All,MQ1,Telangana,Malla Reddy IMS Hyderabad,GENERAL SURGERY,2300000,Info not available,2000000,1,940
1,25003,TELMgmt-MQ1-CatB-All,MQ1,Telangana,CAIMS Karimnagar,OBG,2400000,Info not available,2000000,1,1000
1,25075,TELMgmt-MQ1-CatB-All,MQ1,Telangana,Mahavir Inst of MS Vikarabad,PAEDIATRICS,2300000,Info not available,2000000,1,700
1,25213,TELMgmt-MQ1-CatB-All,MQ1,Telangana,Prathima IMS Karimnagar,OBG,2300000,Info not available,2000000,1,1060
1,25343,TELMgmt-MQ1-CatB-All,MQ1,Telangana,Kamineni IMS Narketpally,OBG,2300000,Info not available,2000000,1,1060
1,25421,TELMgmt-MQ1-CatB-All,MQ1,Telangana,Dr Patnam MRInstofMSChevella,PAEDIATRICS,-,-,-,-,-
1,26231,TELMgmt-MQ2-CatC-NRI,MQ2,Telangana,Kamineni (KAMSRC) Hyderabad,DERMATOLOGY,6900000,Info not available,2000000,1,650
1,26377,TELMgmt-MQ1-CatB-All,MQ1,Telangana,Prathima IMS Karimnagar,OBG,2300000,Info not available,2000000,1,1060
1,26776,TELMgmt-MQ1-CatB-All,MQ1-MSM,Telangana,Shadan IMSRC Peerancheru,PAEDIATRICS,2400000,Info not available,2000000,1,800
1,26913,TELMgmt-MQ1-CatB-All,MQ1,Telangana,Mamata Med Coll Khammam,OBG,2300000,Info not available,2000000,1,1080
1,27070,TELMgmt-MQ1-CatB-All,MQ1,Telangana,MNR Med Coll Sangareddy,OBG,2300000,Info not available,2000000,1,760
1,27635,TELMgmt-MQ1-CatB-All,MQ1,Telangana,SVS Med Coll Mehboobnagar,OPHTHALMOLOGY,2400000,Info not available,2000000,1,760
1,27721,TELMgmt-MQ1-CatB-All,MQ1,Telangana,Bhaskar Med Coll Yenkapally,OBG,2300000,Info not available,2000000,1,850
1,27812,TELMgmt-MQ1-CatB-All,MQ1,Telangana,Mediciti IMS Ghanpur,OBG,2300000,Info not available,2000000,1,720
1,27843,TELMgmt-MQ1-CatB-All,MQ1,Telangana,Mamata Med Coll Khammam,GENERAL SURGERY,2300000,Info not available,2000000,1,1080
1,28192,TELMgmt-MQ1-CatB-All,MQ1-MSM,Telangana,DCMS Hyderabad,DERMATOLOGY,2400000,Info not available,2000000,1,1400
1,28355,TELMgmt-MQ1-CatB-All,MQ1,Telangana,Malla Reddy IMS Hyderabad,GENERAL SURGERY,2300000,Info not available,2000000,1,940
1,28536,TELMgmt-MQ1-CatB-All,MQ1,Telangana,MNR Med Coll Sangareddy,OBG,2300000,Info not available,2000000,1,760
1,28600,TELMgmt-MQ1-CatB-All,MQ1,Telangana,Mamata Med Coll Khammam,TBRD,2300000,Info not available,2000000,1,1080
1,28809,TELMgmt-MQ1-CatB-All,MQ1,Telangana,CAIMS Karimnagar,OBG,2400000,Info not available,2000000,1,1000
1,29441,TELMgmt-MQ1-CatB-All,MQ1,Telangana,Prathima IMS Karimnagar,TBRD,2300000,Info not available,2000000,1,1060
1,29464,TELMgmt-MQ1-CatB-All,MQ1,Telangana,RVM IMSRC Siddipet,OBG,2300000,Info not available,2000000,1,1110
1,29521,TELMgmt-MQ1-CatB-All,MQ1,Telangana,Mahavir Inst of MS Vikarabad,OBG,2300000,Info not available,2000000,1,700
1,29552,TELMgmt-MQ1-CatB-All,MQ1,Telangana,Apollo IMSR Hyderabad,GENERAL SURGERY,2300000,Info not available,2000000,1,570
1,29728,TELMgmt-MQ1-CatB-All,MQ1,Telangana,Dr Patnam MRInstofMSChevella,OBG,-,-,-,-,-
1,29758,TELMgmt-MQ1-CatB-All,MQ1-MSM,Telangana,DCMS Hyderabad,GENERAL SURGERY,2400000,Info not available,2000000,1,1400
1,30015,TELMgmt-MQ1-CatB-All,MQ1,Telangana,Malla Reddy(Women) Hyderabad,ORTHOPAEDICS,2300000,Info not available,2000000,1,1050
1,30161,TELMgmt-MQ2-CatC-NRI,MQ2,Telangana,Kamineni (KAMSRC) Hyderabad,RADIO DIAGNOSIS,6900000,Info not available,2000000,1,650
1,30181,TELMgmt-MQ1-CatB-All,MQ1,Telangana,CAIMS Karimnagar,TBRD,2400000,Info not available,2000000,1,1000
1,30237,TELMgmt-MQ1-CatB-All,MQ1,Telangana,Surabhi InstituteofMSSiddipet,OBG,2400000,Info not available,2000000,1,-
1,30286,TELMgmt-MQ1-CatB-All,MQ1,Telangana,Malla Reddy IMS Hyderabad,GENERAL SURGERY,2300000,Info not available,2000000,1,940
1,30342,TELMgmt-MQ1-CatB-All,MQ1,Telangana,SVS Med Coll Mehboobnagar,TBRD,2400000,Info not available,2000000,1,760
1,30433,TELMgmt-MQ1-CatB-All,MQ1,Telangana,Malla Reddy IMS Hyderabad,GENERAL SURGERY,2300000,Info not available,2000000,1,940
1,30668,TELMgmt-MQ1-CatB-All,MQ1,Telangana,Malla Reddy IMS Hyderabad,TBRD,2300000,Info not available,2000000,1,940
1,30969,TELMgmt-MQ1-CatB-All,MQ1,Telangana,SVS Med Coll Mehboobnagar,GENERAL SURGERY,2400000,Info not available,2000000,1,760
1,31234,TELMgmt-MQ1-CatB-All,MQ1-MSM,Telangana,DCMS Hyderabad,PAEDIATRICS,2400000,Info not available,2000000,1,1400
1,31423,TELMgmt-MQ1-CatB-All,MQ1-MSM,Telangana,Shadan IMSRC Peerancheru,OBG,2400000,Info not available,2000000,1,800
1,32016,TELMgmt-MQ1-CatB-All,MQ1,Telangana,Kamineni (KAMSRC) Hyderabad,TBRD,2300000,Info not available,2000000,1,650
1,32166,TELMgmt-MQ1-CatB-All,MQ1,Telangana,Malla Reddy IMS Hyderabad,GENERAL SURGERY,2300000,Info not available,2000000,1,940
1,32172,TELMgmt-MQ1-CatB-All,MQ1,Telangana,Apollo IMSR Hyderabad,EMERGENCY MEDICINE,-,-,-,-,570
1,32211,TELMgmt-MQ1-CatB-All,MQ1,Telangana,Kamineni IMS Narketpally,TBRD,2300000,Info not available,2000000,1,1060
1,32212,TELMgmt-MQ1-CatB-All,MQ1,Telangana,Bhaskar Med Coll Yenkapally,OPHTHALMOLOGY,2300000,Info not available,2000000,1,850
1,32457,TELMgmt-MQ1-CatB-All,MQ1,Telangana,SVS Med Coll Mehboobnagar,GENERAL SURGERY,2400000,Info not available,2000000,1,760
1,32608,TELMgmt-MQ2-CatC-NRI,MQ2,Telangana,CAIMS Karimnagar,OBG,7200000,Info not available,2000000,1,1000
1,32746,TELMgmt-MQ1-CatB-All,MQ1,Telangana,Malla Reddy IMS Hyderabad,OPHTHALMOLOGY,2300000,Info not available,2000000,1,940
1,33048,TELMgmt-MQ1-CatB-All,MQ1,Telangana,Malla Reddy(Women) Hyderabad,TBRD,2300000,Info not available,2000000,1,1050
1,33115,TELMgmt-MQ1-CatB-All,MQ1,Telangana,Malla Reddy(Women) Hyderabad,OPHTHALMOLOGY,2300000,Info not available,2000000,1,1050
1,33377,TELMgmt-MQ1-CatB-All,MQ1,Telangana,Kamineni (KAMSRC) Hyderabad,GENERAL SURGERY,2300000,Info not available,2000000,1,650
1,33406,TELMgmt-MQ1-CatB-All,MQ1-MSM,Telangana,DrVRK Womens MedCollAziznagar,PAEDIATRICS,2300000,Info not available,2000000,1,500
1,33456,TELMgmt-MQ1-CatB-All,MQ1,Telangana,Malla Reddy IMS Hyderabad,OPHTHALMOLOGY,2300000,Info not available,2000000,1,940
1,33687,TELMgmt-MQ1-CatB-All,MQ1,Telangana,Prathima IMS Karimnagar,GENERAL SURGERY,2300000,Info not available,2000000,1,1060
1,33873,TELMgmt-MQ1-CatB-All,MQ1,Telangana,Bhaskar Med Coll Yenkapally,TBRD,2300000,Info not available,2000000,1,850
1,34083,TELMgmt-MQ1-CatB-All,MQ1,Telangana,CAIMS Karimnagar,GENERAL SURGERY,2400000,Info not available,2000000,1,1000
1,34161,TELMgmt-MQ1-CatB-All,MQ1,Telangana,Kamineni (KAMSRC) Hyderabad,ORTHOPAEDICS,2300000,Info not available,2000000,1,650
1,34299,TELMgmt-MQ1-CatB-All,MQ1,Telangana,MNR Med Coll Sangareddy,TBRD,2300000,Info not available,2000000,1,760
1,34399,TELMgmt-MQ1-CatB-All,MQ1,Telangana,Mamata Med Coll Khammam,ORTHOPAEDICS,2300000,Info not available,2000000,1,1080
1,34409,TELMgmt-MQ1-CatB-All,MQ1,Telangana,Kamineni IMS Narketpally,OPHTHALMOLOGY,2300000,Info not available,2000000,1,1060
1,34554,TELMgmt-MQ1-CatB-All,MQ1,Telangana,CAIMS Karimnagar,ORTHOPAEDICS,2400000,Info not available,2000000,1,1000
1,34808,TELMgmt-MQ1-CatB-All,MQ1,Telangana,Prathima IMS Karimnagar,OPHTHALMOLOGY,2300000,Info not available,2000000,1,1060
1,34840,TELMgmt-MQ1-CatB-All,MQ1,Telangana,Malla Reddy(Women) Hyderabad,GENERAL SURGERY,2300000,Info not available,2000000,1,1050
1,34862,TELMgmt-MQ1-CatB-All,MQ1,Telangana,Mamata Med Coll Khammam,ANAESTHESIOLOGY,2300000,Info not available,2000000,1,1080
1,34920,TELMgmt-MQ1-CatB-All,MQ1,Telangana,MNR Med Coll Sangareddy,ORTHOPAEDICS,2300000,Info not available,2000000,1,760
1,35101,TELMgmt-MQ1-CatB-All,MQ1,Telangana,CAIMS Karimnagar,GENERAL SURGERY,2400000,Info not available,2000000,1,1000
1,35129,TELMgmt-MQ1-CatB-All,MQ1,Telangana,Mediciti IMS Ghanpur,TBRD,2300000,Info not available,2000000,1,720
1,35544,TELMgmt-MQ1-CatB-All,MQ1,Telangana,RVM IMSRC Siddipet,ORTHOPAEDICS,2300000,Info not available,2000000,1,1110
1,35600,TELMgmt-MQ1-CatB-All,MQ1,Telangana,Mamata Med Coll Khammam,OPHTHALMOLOGY,2300000,Info not available,2000000,1,1080
1,35676,TELMgmt-MQ1-CatB-All,MQ1,Telangana,Malla Reddy IMS Hyderabad,ANAESTHESIOLOGY,2300000,Info not available,2000000,1,940
1,35709,TELMgmt-MQ1-CatB-All,MQ1,Telangana,Kamineni IMS Narketpally,GENERAL SURGERY,2300000,Info not available,2000000,1,1060
1,35836,TELMgmt-MQ1-CatB-All,MQ1,Telangana,Malla Reddy IMS Hyderabad,ENT,2300000,Info not available,2000000,1,940
1,35875,TELMgmt-MQ1-CatB-All,MQ1,Telangana,Mamata Med Coll Khammam,GENERAL SURGERY,2300000,Info not available,2000000,1,1080
1,35911,TELMgmt-MQ1-CatB-All,MQ1,Telangana,Kamineni (KAMSRC) Hyderabad,GENERAL SURGERY,2300000,Info not available,2000000,1,650
1,35999,TELMgmt-MQ1-CatB-All,MQ1,Telangana,Dr Patnam MRInstofMSChevella,TBRD,-,-,-,-,-
1,36111,TELMgmt-MQ1-CatB-All,MQ1,Telangana,Mediciti IMS Ghanpur,OPHTHALMOLOGY,2300000,Info not available,2000000,1,720
1,36184,TELMgmt-MQ1-CatB-All,MQ1,Telangana,Prathima IMS Karimnagar,GENERAL SURGERY,2300000,Info not available,2000000,1,1060
1,36470,TELMgmt-MQ1-CatB-All,MQ1,Telangana,MNR Med Coll Sangareddy,OPHTHALMOLOGY,2300000,Info not available,2000000,1,760
1,36595,TELMgmt-MQ1-CatB-All,MQ1,Telangana,CAIMS Karimnagar,GENERAL SURGERY,2400000,Info not available,2000000,1,1000
1,36634,TELMgmt-MQ1-CatB-All,MQ1,Telangana,Kamineni IMS Narketpally,GENERAL SURGERY,2300000,Info not available,2000000,1,1060
1,36691,TELMgmt-MQ1-CatB-All,MQ1,Telangana,RVM IMSRC Siddipet,OPHTHALMOLOGY,2300000,Info not available,2000000,1,1110
1,36942,TELMgmt-MQ1-CatB-All,MQ1-MSM,Telangana,DCMS Hyderabad,OBG,2400000,Info not available,2000000,1,1400
1,36971,TELMgmt-MQ1-CatB-All,MQ1,Telangana,Mediciti IMS Ghanpur,GENERAL SURGERY,2300000,Info not available,2000000,1,720
1,36974,TELMgmt-MQ1-CatB-All,MQ1,Telangana,Bhaskar Med Coll Yenkapally,GENERAL SURGERY,2300000,Info not available,2000000,1,850
1,37446,TELMgmt-MQ1-CatB-All,MQ1,Telangana,Mamata Med Coll Khammam,ANAESTHESIOLOGY,2300000,Info not available,2000000,1,1080
1,37454,TELMgmt-MQ1-CatB-All,MQ1,Telangana,MNR Med Coll Sangareddy,GENERAL SURGERY,2300000,Info not available,2000000,1,760
1,37590,TELMgmt-MQ1-CatB-All,MQ1,Telangana,Malla Reddy IMS Hyderabad,ENT,2300000,Info not available,2000000,1,940
1,37594,TELMgmt-MQ1-CatB-All,MQ1,Telangana,Bhaskar Med Coll Yenkapally,GENERAL SURGERY,2300000,Info not available,2000000,1,850
1,37623,TELMgmt-MQ1-CatB-All,MQ1,Telangana,Prathima IMS Karimnagar,GENERAL SURGERY,2300000,Info not available,2000000,1,1060
1,37682,TELMgmt-MQ1-CatB-All,MQ1,Telangana,Kamineni IMS Narketpally,ORTHOPAEDICS,2300000,Info not available,2000000,1,1060
1,37747,TELMgmt-MQ1-CatB-All,MQ1,Telangana,Prathima IMS Karimnagar,GENERAL SURGERY,2300000,Info not available,2000000,1,1060
1,37802,TELMgmt-MQ1-CatB-All,MQ1,Telangana,Apollo IMSR Hyderabad,ANAESTHESIOLOGY,2300000,Info not available,2000000,1,570
1,37818,TELMgmt-MQ1-CatB-All,MQ1,Telangana,Kamineni (KAMSRC) Hyderabad,ANAESTHESIOLOGY,2300000,Info not available,2000000,1,650
1,37843,TELMgmt-MQ1-CatB-All,MQ1,Telangana,SVS Med Coll Mehboobnagar,ORTHOPAEDICS,2400000,Info not available,2000000,1,760
1,37878,TELMgmt-MQ1-CatB-All,MQ1,Telangana,Prathima IMS Karimnagar,ORTHOPAEDICS,2300000,Info not available,2000000,1,1060
1,37996,TELMgmt-MQ1-CatB-All,MQ1-MSM,Telangana,DCMS Hyderabad,OBG,2400000,Info not available,2000000,1,1400
1,38015,TELMgmt-MQ1-CatB-All,MQ1,Telangana,Prathima IMS Karimnagar,GENERAL SURGERY,2300000,Info not available,2000000,1,1060
1,38037,TELMgmt-MQ1-CatB-All,MQ1,Telangana,Kamineni (KAMSRC) Hyderabad,EMERGENCY MEDICINE,2300000,Info not available,2000000,1,650
1,38040,TELMgmt-MQ1-CatB-All,MQ1,Telangana,MNR Med Coll Sangareddy,GENERAL SURGERY,2300000,Info not available,2000000,1,760
1,38047,TELMgmt-MQ1-CatB-All,MQ1,Telangana,Mamata Med Coll Khammam,ENT,2300000,Info not available,2000000,1,1080
1,38077,TELMgmt-MQ1-CatB-All,MQ1,Telangana,Malla Reddy IMS Hyderabad,ANAESTHESIOLOGY,2300000,Info not available,2000000,1,940
1,38394,TELMgmt-MQ1-CatB-All,MQ1,Telangana,Dr Patnam MRInstofMSChevella,GENERAL SURGERY,2300000,-,-,-,-
1,38472,TELMgmt-MQ2-CatC-NRI,MQ2,Telangana,Apollo IMSR Hyderabad,GENERAL MEDICINE,6900000,Info not available,2000000,1,570
1,38502,TELMgmt-MQ1-CatB-All,MQ1,Telangana,SVS Med Coll Mehboobnagar,ANAESTHESIOLOGY,2400000,Info not available,2000000,1,760
1,38738,TELMgmt-MQ1-CatB-All,MQ1,Telangana,MNR Med Coll Sangareddy,GENERAL SURGERY,2300000,Info not available,2000000,1,760
1,39070,TELMgmt-MQ1-CatB-All,MQ1,Telangana,Malla Reddy IMS Hyderabad,ANAESTHESIOLOGY,2300000,Info not available,2000000,1,940
1,39525,TELMgmt-MQ1-CatB-All,MQ1,Telangana,Bhaskar Med Coll Yenkapally,ORTHOPAEDICS,2300000,Info not available,2000000,1,850
1,39672,TELMgmt-MQ1-CatB-All,MQ1,Telangana,Kamineni IMS Narketpally,ORTHOPAEDICS,2300000,Info not available,2000000,1,1060
1,39723,TELMgmt-MQ1-CatB-All,MQ1,Telangana,Malla Reddy IMS Hyderabad,EMERGENCY MEDICINE,-,-,-,-,940
1,39905,TELMgmt-MQ1-CatB-All,MQ1,Telangana,Bhaskar Med Coll Yenkapally,ORTHOPAEDICS,2300000,Info not available,2000000,1,850
1,40028,TELMgmt-MQ1-CatB-All,MQ1,Telangana,Malla Reddy(Women) Hyderabad,EMERGENCY MEDICINE,2300000,Info not available,2000000,1,1050
1,40463,TELMgmt-MQ1-CatB-All,MQ1-MSM,Telangana,DCMS Hyderabad,OPHTHALMOLOGY,2400000,Info not available,2000000,1,1400
1,40481,TELMgmt-MQ2-CatC-NRI,MQ2,Telangana,Mediciti IMS Ghanpur,RADIO DIAGNOSIS,6900000,Info not available,2000000,1,720
1,40550,TELMgmt-MQ1-CatB-All,MQ1,Telangana,CAIMS Karimnagar,ORTHOPAEDICS,2400000,Info not available,2000000,1,1000
1,40683,TELMgmt-MQ1-CatB-All,MQ1,Telangana,SVS Med Coll Mehboobnagar,ORTHOPAEDICS,2400000,Info not available,2000000,1,760
1,40798,TELMgmt-MQ1-CatB-All,MQ1,Telangana,Mamata Med Coll Khammam,ORTHOPAEDICS,2300000,Info not available,2000000,1,1080
1,41028,TELMgmt-MQ1-CatB-All,MQ1,Telangana,Mahavir Inst of MS Vikarabad,GENERAL SURGERY,2300000,Info not available,2000000,1,700
1,41155,TELMgmt-MQ1-CatB-All,MQ1,Telangana,Prathima IMS Karimnagar,ORTHOPAEDICS,2300000,Info not available,2000000,1,1060
1,41303,TELMgmt-MQ1-CatB-All,MQ1,Telangana,Prathima IMS Karimnagar,ORTHOPAEDICS,2300000,Info not available,2000000,1,1060
1,42336,TELMgmt-MQ1-CatB-All,MQ1,Telangana,Mediciti IMS Ghanpur,ORTHOPAEDICS,2300000,Info not available,2000000,1,720
1,42783,TELMgmt-MQ1-CatB-All,MQ1,Telangana,Mediciti IMS Ghanpur,ORTHOPAEDICS,2300000,Info not available,2000000,1,720
1,43353,TELMgmt-MQ1-CatB-All,MQ1-MSM,Telangana,DCMS Hyderabad,GENERAL SURGERY,2400000,Info not available,2000000,1,1400
1,43490,TELMgmt-MQ1-CatB-All,MQ1,Telangana,Mahavir Inst of MS Vikarabad,ORTHOPAEDICS,2300000,Info not available,2000000,1,700
1,43555,TELMgmt-MQ1-CatB-All,MQ1,Telangana,Surabhi InstituteofMSSiddipet,OPHTHALMOLOGY,2400000,Info not available,2000000,1,-
1,43587,TELMgmt-MQ1-CatB-All,MQ1-MSM,Telangana,DCMS Hyderabad,ORTHOPAEDICS,2400000,Info not available,2000000,1,1400
1,43887,TELMgmt-MQ1-CatB-All,MQ1,Telangana,SVS Med Coll Mehboobnagar,ANAESTHESIOLOGY,2400000,Info not available,2000000,1,760
1,43916,TELMgmt-MQ1-CatB-All,MQ1,Telangana,MNR Med Coll Sangareddy,ANAESTHESIOLOGY,2300000,Info not available,2000000,1,760
1,43959,TELMgmt-MQ1-CatB-All,MQ1,Telangana,Kamineni IMS Narketpally,ENT,2300000,Info not available,2000000,1,1060
1,44316,TELMgmt-MQ1-CatB-All,MQ1,Telangana,Dr Patnam MRInstofMSChevella,ORTHOPAEDICS,2300000,-,-,-,-
1,44520,TELMgmt-MQ1-CatB-All,MQ1,Telangana,CAIMS Karimnagar,PSYCHIATRY,2400000,Info not available,2000000,1,1000
1,44986,TELMgmt-MQ1-CatB-All,MQ1,Telangana,SVS Med Coll Mehboobnagar,ANAESTHESIOLOGY,2400000,Info not available,2000000,1,760
1,45506,TELMgmt-MQ2-CatC-NRI,MQ2,Telangana,Malla Reddy IMS Hyderabad,GENERAL MEDICINE,6900000,Info not available,2000000,1,940
1,46323,TELMgmt-MQ2-CatC-NRI,MQ2,Telangana,Malla Reddy IMS Hyderabad,PAEDIATRICS,6900000,Info not available,2000000,1,940
1,46432,TELMgmt-MQ1-CatB-All,MQ1,Telangana,Bhaskar Med Coll Yenkapally,ENT,2300000,Info not available,2000000,1,850
1,46749,TELMgmt-MQ1-CatB-All,MQ1,Telangana,CAIMS Karimnagar,ANAESTHESIOLOGY,2400000,Info not available,2000000,1,1000
1,46914,TELMgmt-MQ1-CatB-All,MQ1,Telangana,CAIMS Karimnagar,ENT,2400000,Info not available,2000000,1,1000
1,46989,TELMgmt-MQ1-CatB-All,MQ1,Telangana,Malla Reddy IMS Hyderabad,ANAESTHESIOLOGY,2300000,Info not available,2000000,1,940
1,47052,TELMgmt-MQ1-CatB-All,MQ1,Telangana,Kamineni (KAMSRC) Hyderabad,ANAESTHESIOLOGY,2300000,Info not available,2000000,1,650
1,47089,TELMgmt-MQ1-CatB-All,MQ1,Telangana,Bhaskar Med Coll Yenkapally,ANAESTHESIOLOGY,2300000,Info not available,2000000,1,850
1,47271,TELMgmt-MQ1-CatB-All,MQ1,Telangana,SVS Med Coll Mehboobnagar,ENT,2400000,Info not available,2000000,1,760
1,47557,TELMgmt-MQ2-CatC-NRI,MQ2,Telangana,Bhaskar Med Coll Yenkapally,DERMATOLOGY,6900000,Info not available,2000000,1,850
1,47668,TELMgmt-MQ1-CatB-All,MQ1-MSM,Telangana,DrVRK Womens MedCollAziznagar,TBRD,2300000,Info not available,2000000,1,500
1,47914,TELMgmt-MQ1-CatB-All,MQ1,Telangana,RVM IMSRC Siddipet,ENT,2300000,Info not available,2000000,1,1110
1,47984,TELMgmt-MQ1-CatB-All,MQ1,Telangana,Malla Reddy IMS Hyderabad,ANAESTHESIOLOGY,2300000,Info not available,2000000,1,940
1,49153,TELMgmt-MQ1-CatB-All,MQ1,Telangana,Mediciti IMS Ghanpur,ENT,2300000,Info not available,2000000,1,720
1,49179,TELMgmt-MQ1-CatB-All,MQ1,Telangana,Malla Reddy IMS Hyderabad,ANAESTHESIOLOGY,2300000,Info not available,2000000,1,940
1,49217,TELMgmt-MQ1-CatB-All,MQ1,Telangana,MNR Med Coll Sangareddy,ENT,2300000,Info not available,2000000,1,760
1,49392,TELMgmt-MQ1-CatB-All,MQ1,Telangana,SVS Med Coll Mehboobnagar,ANAESTHESIOLOGY,2400000,Info not available,2000000,1,760
1,49667,TELMgmt-MQ1-CatB-All,MQ1,Telangana,Kamineni (KAMSRC) Hyderabad,RADIATION ONCOLOGY,2300000,Info not available,2000000,1,650
1,49701,TELMgmt-MQ1-CatB-All,MQ1,Telangana,Kamineni (KAMSRC) Hyderabad,PATHOLOGY,545000,Info not available,2000000,1,650
1,50172,TELMgmt-MQ1-CatB-All,MQ1,Telangana,Dr Patnam MRInstofMSChevella,ENT,2300000,Info not available,2000000,1,-
1,50259,TELMgmt-MQ2-CatC-NRI,MQ2,Telangana,Malla Reddy IMS Hyderabad,RADIO DIAGNOSIS,6900000,Info not available,2000000,1,940
1,50387,TELMgmt-MQ2-CatC-NRI,MQ2,Telangana,Malla Reddy IMS Hyderabad,PAEDIATRICS,6900000,Info not available,2000000,1,940
1,50460,TELMgmt-MQ2-CatC-NRI,MQ2,Telangana,Bhaskar Med Coll Yenkapally,RADIO DIAGNOSIS,6900000,Info not available,2000000,1,850
1,50683,TELMgmt-MQ1-CatB-All,MQ1,Telangana,Mediciti IMS Ghanpur,ANAESTHESIOLOGY,2300000,Info not available,2000000,1,720
1,51029,TELMgmt-MQ1-CatB-All,MQ1,Telangana,Malla Reddy(Women) Hyderabad,ANAESTHESIOLOGY,2300000,Info not available,2000000,1,1050
1,51188,TELMgmt-MQ1-CatB-All,MQ1,Telangana,Malla Reddy(Women) Hyderabad,ANAESTHESIOLOGY,2300000,Info not available,2000000,1,1050
1,51727,TELMgmt-MQ2-CatC-NRI,MQ2,Telangana,Malla Reddy IMS Hyderabad,GENERAL MEDICINE,6900000,Info not available,2000000,1,940
1,51922,TELMgmt-MQ1-CatB-All,MQ1,Telangana,Prathima IMS Karimnagar,ANAESTHESIOLOGY,2300000,Info not available,2000000,1,1060
1,52360,TELMgmt-MQ1-CatB-All,MQ1,Telangana,Mediciti IMS Ghanpur,ANAESTHESIOLOGY,2300000,Info not available,2000000,1,720
1,52366,TELMgmt-MQ1-CatB-All,MQ1,Telangana,Prathima IMS Karimnagar,ANAESTHESIOLOGY,2300000,Info not available,2000000,1,1060
1,52553,TELMgmt-MQ1-CatB-All,MQ1,Telangana,Surabhi InstituteofMSSiddipet,ANAESTHESIOLOGY,2400000,Info not available,2000000,1,-
1,52695,TELMgmt-MQ1-CatB-All,MQ1,Telangana,SVS Med Coll Mehboobnagar,PSYCHIATRY,2400000,Info not available,2000000,1,760
1,53173,TELMgmt-MQ1-CatB-All,MQ1,Telangana,Malla Reddy(Women) Hyderabad,RADIATION ONCOLOGY,2300000,Info not available,2000000,1,1050
1,53396,TELMgmt-MQ2-CatC-NRI,MQ2,Telangana,SVS Med Coll Mehboobnagar,GENERAL MEDICINE,7200000,Info not available,2000000,1,760
1,53721,TELMgmt-MQ1-CatB-All,MQ1,Telangana,Kamineni IMS Narketpally,ANAESTHESIOLOGY,2300000,Info not available,2000000,1,1060
1,54003,TELMgmt-MQ2-CatC-NRI,MQ2,Telangana,Kamineni IMS Narketpally,RADIO DIAGNOSIS,6900000,Info not available,2000000,1,1060
1,54158,TELMgmt-MQ1-CatB-All,MQ1,Telangana,Mediciti IMS Ghanpur,ANAESTHESIOLOGY,2300000,Info not available,2000000,1,720
1,54542,TELMgmt-MQ2-CatC-NRI,MQ2,Telangana,MNR Med Coll Sangareddy,GENERAL MEDICINE,6900000,Info not available,2000000,1,760
1,54636,TELMgmt-MQ2-CatC-NRI,MQ2,Telangana,CAIMS Karimnagar,GENERAL MEDICINE,7200000,Info not available,2000000,1,1000
1,54665,TELMgmt-MQ2-CatC-NRI,MQ2,Telangana,SVS Med Coll Mehboobnagar,DERMATOLOGY,7200000,Info not available,2000000,1,760
1,54849,TELMgmt-MQ1-CatB-All,MQ1-MSM,Telangana,DCMS Hyderabad,ENT,2400000,Info not available,2000000,1,1400
1,55020,TELMgmt-MQ1-CatB-All,MQ1,Telangana,Kamineni IMS Narketpally,ANAESTHESIOLOGY,2300000,Info not available,2000000,1,1060
1,55354,TELMgmt-MQ2-CatC-NRI,MQ2,Telangana,Malla Reddy(Women) Hyderabad,RADIO DIAGNOSIS,6900000,Info not available,2000000,1,1050
1,55902,TELMgmt-MQ1-CatB-All,MQ1,Telangana,Bhaskar Med Coll Yenkapally,PSYCHIATRY,2300000,Info not available,2000000,1,850
1,56501,TELMgmt-MQ1-CatB-All,MQ1,Telangana,CAIMS Karimnagar,ANAESTHESIOLOGY,2400000,Info not available,2000000,1,1000
1,56723,TELMgmt-MQ1-CatB-All,MQ1,Telangana,Prathima IMS Karimnagar,ANAESTHESIOLOGY,2300000,Info not available,2000000,1,1060
1,57085,TELMgmt-MQ2-CatC-NRI,MQ2,Telangana,SVS Med Coll Mehboobnagar,RADIO DIAGNOSIS,7200000,Info not available,2000000,1,760
1,57275,TELMgmt-MQ1-CatB-All,MQ1-MSM,Telangana,DCMS Hyderabad,ANAESTHESIOLOGY,2400000,Info not available,2000000,1,1400
1,58259,TELMgmt-MQ2-CatC-NRI,MQ2,Telangana,Prathima IMS Karimnagar,DERMATOLOGY,6900000,Info not available,2000000,1,1060
1,58327,TELMgmt-MQ1-CatB-All,MQ1,Telangana,CAIMS Karimnagar,ANAESTHESIOLOGY,2400000,Info not available,2000000,1,1000
1,58415,TELMgmt-MQ1-CatB-All,MQ1,Telangana,Malla Reddy IMS Hyderabad,PSYCHIATRY,2300000,Info not available,2000000,1,940
1,58810,TELMgmt-MQ1-CatB-All,MQ1,Telangana,Mamata Med Coll Khammam,PSYCHIATRY,2300000,Info not available,2000000,1,1080
1,59101,TELMgmt-MQ1-CatB-All,MQ1,Telangana,CAIMS Karimnagar,ANAESTHESIOLOGY,2400000,Info not available,2000000,1,1000
1,59219,TELMgmt-MQ2-CatC-NRI,MQ2,Telangana,SVS Med Coll Mehboobnagar,TBRD,7200000,Info not available,2000000,1,760
1,59512,TELMgmt-MQ2-CatC-NRI,MQ2,Telangana,CAIMS Karimnagar,RADIO DIAGNOSIS,7200000,Info not available,2000000,1,1000
1,60029,TELMgmt-MQ2-CatC-NRI,MQ2,Telangana,Mamata Med Coll Khammam,OBG,6900000,Info not available,2000000,1,1080
1,60040,TELMgmt-MQ2-CatC-NRI,MQ2,Telangana,SVS Med Coll Mehboobnagar,ANAESTHESIOLOGY,7200000,Info not available,2000000,1,760
1,60459,TELMgmt-MQ1-CatB-All,MQ1,Telangana,Prathima IMS Karimnagar,ANAESTHESIOLOGY,2300000,Info not available,2000000,1,1060
1,60539,TELMgmt-MQ2-CatC-NRI,MQ2,Telangana,Prathima IMS Karimnagar,RADIO DIAGNOSIS,6900000,Info not available,2000000,1,1060
1,60593,TELMgmt-MQ1-CatB-All,MQ1,Telangana,Mediciti IMS Ghanpur,ANAESTHESIOLOGY,2300000,Info not available,2000000,1,720
1,60826,TELMgmt-MQ1-CatB-All,MQ1,Telangana,Kamineni IMS Narketpally,PSYCHIATRY,2300000,Info not available,2000000,1,1060
1,60927,TELMgmt-MQ2-CatC-NRI,MQ2,Telangana,Kamineni (KAMSRC) Hyderabad,OBG,6900000,Info not available,2000000,1,650
1,60957,TELMgmt-MQ1-CatB-All,MQ1,Telangana,MNR Med Coll Sangareddy,PSYCHIATRY,2300000,Info not available,2000000,1,760
1,61399,TELMgmt-MQ1-CatB-All,MQ1,Telangana,Prathima IMS Karimnagar,ANAESTHESIOLOGY,2300000,Info not available,2000000,1,1060
1,62073,TELMgmt-MQ1-CatB-All,MQ1,Telangana,RVM IMSRC Siddipet,PSYCHIATRY,2300000,Info not available,2000000,1,1110
1,62715,TELMgmt-MQ2-CatC-NRI,MQ2,Telangana,SVS Med Coll Mehboobnagar,GENERAL MEDICINE,7200000,Info not available,2000000,1,760
1,62902,TELMgmt-MQ1-CatB-All,MQ1,Telangana,MNR Med Coll Sangareddy,ANAESTHESIOLOGY,2300000,Info not available,2000000,1,760
1,63229,TELMgmt-MQ2-CatC-NRI,MQ2,Telangana,Malla Reddy IMS Hyderabad,GENERAL MEDICINE,6900000,Info not available,2000000,1,940
1,64044,TELMgmt-MQ2-CatC-NRI,MQ2-MSM,Telangana,Shadan IMSRC Peerancheru,GENERAL MEDICINE,7200000,Info not available,2000000,1,800
1,64152,TELMgmt-MQ1-CatB-All,MQ1,Telangana,MNR Med Coll Sangareddy,ANAESTHESIOLOGY,2300000,Info not available,2000000,1,760
1,64475,TELMgmt-MQ2-CatC-NRI,MQ2,Telangana,Mamata Med Coll Khammam,RADIO DIAGNOSIS,6900000,Info not available,2000000,1,1080
1,64957,TELMgmt-MQ1-CatB-All,MQ1,Telangana,RVM IMSRC Siddipet,ANAESTHESIOLOGY,2300000,Info not available,2000000,1,1110
1,65140,TELMgmt-MQ1-CatB-All,MQ1-MSM,Telangana,DCMS Hyderabad,ANAESTHESIOLOGY,2400000,Info not available,2000000,1,1400
1,65303,TELMgmt-MQ1-CatB-All,MQ1,Telangana,Dr Patnam MRInstofMSChevella,ANAESTHESIOLOGY,2300000,Info not available,2000000,1,-
1,65338,TELMgmt-MQ1-CatB-All,MQ1,Telangana,Dr Patnam MRInstofMSChevella,ANAESTHESIOLOGY,2300000,Info not available,2000000,1,-
1,65976,TELMgmt-MQ2-CatC-NRI,MQ2,Telangana,Prathima IMS Karimnagar,RADIO DIAGNOSIS,6900000,Info not available,2000000,1,1060
1,67314,TELMgmt-MQ2-CatC-NRI,MQ2,Telangana,Malla Reddy(Women) Hyderabad,OBG,6900000,Info not available,2000000,1,1050
1,68588,TELMgmt-MQ1-CatB-All,MQ1,Telangana,Malla Reddy IMS Hyderabad,PATHOLOGY,530000,Info not available,2000000,1,940
1,69072,TELMgmt-MQ1-CatB-All,MQ1,Telangana,Kamineni (KAMSRC) Hyderabad,IHBT,2300000,Info not available,2000000,1,650
1,70409,TELMgmt-MQ2-CatC-NRI,MQ2,Telangana,CAIMS Karimnagar,RADIO DIAGNOSIS,7200000,Info not available,2000000,1,1000
1,70892,TELMgmt-MQ1-CatB-All,MQ1-MSM,Telangana,Shadan IMSRC Peerancheru,ANAESTHESIOLOGY,2400000,Info not available,2000000,1,800
1,71448,TELMgmt-MQ2-CatC-NRI,MQ2,Telangana,MNR Med Coll Sangareddy,OPHTHALMOLOGY,6900000,Info not available,2000000,1,760
1,71941,TELMgmt-MQ2-CatC-NRI,MQ2,Telangana,Malla Reddy IMS Hyderabad,OBG,6900000,Info not available,2000000,1,940
1,72089,TELMgmt-MQ2-CatC-NRI,MQ2,Telangana,SVS Med Coll Mehboobnagar,GENERAL SURGERY,7200000,Info not available,2000000,1,760
1,73280,TELMgmt-MQ2-CatC-NRI,MQ2,Telangana,Malla Reddy IMS Hyderabad,GENERAL MEDICINE,6900000,Info not available,2000000,1,940
1,73571,TELMgmt-MQ1-CatB-All,MQ1,Telangana,Mamata AcadofMedSciBachupally,PATHOLOGY,750000,Info not available,2000000,1,-
1,74753,TELMgmt-MQ2-CatC-NRI,MQ2,Telangana,Malla Reddy IMS Hyderabad,PATHOLOGY,1590000,Info not available,2000000,1,940
1,74820,TELMgmt-MQ2-CatC-NRI,MQ2,Telangana,Kamineni (KAMSRC) Hyderabad,GENERAL MEDICINE,6900000,Info not available,2000000,1,650
1,74963,TELMgmt-MQ2-CatC-NRI,MQ2,Telangana,Kamineni (KAMSRC) Hyderabad,GENERAL MEDICINE,6900000,Info not available,2000000,1,650
1,76015,TELMgmt-MQ2-CatC-NRI,MQ2,Telangana,Malla Reddy IMS Hyderabad,OBG,6900000,Info not available,2000000,1,940
1,76492,TELMgmt-MQ2-CatC-NRI,MQ2,Telangana,Mediciti IMS Ghanpur,GENERAL MEDICINE,6900000,Info not available,2000000,1,720
1,76979,TELMgmt-MQ2-CatC-NRI,MQ2,Telangana,SVS Med Coll Mehboobnagar,ORTHOPAEDICS,7200000,Info not available,2000000,1,760
1,77032,TELMgmt-MQ2-CatC-NRI,MQ2,Telangana,Bhaskar Med Coll Yenkapally,GENERAL MEDICINE,6900000,Info not available,2000000,1,850
1,77297,TELMgmt-MQ2-CatC-NRI,MQ2,Telangana,MNR Med Coll Sangareddy,RADIO DIAGNOSIS,6900000,Info not available,2000000,1,760
1,77408,TELMgmt-MQ1-CatB-All,MQ1,Telangana,Mamata AcadofMedSciBachupally,PATHOLOGY,750000,Info not available,2000000,1,-
1,77684,TELMgmt-MQ2-CatC-NRI,MQ2,Telangana,Mediciti IMS Ghanpur,RADIO DIAGNOSIS,6900000,Info not available,2000000,1,720
1,78018,TELMgmt-MQ1-CatB-All,MQ1,Telangana,Mamata Med Coll Khammam,PATHOLOGY,660000,Info not available,2000000,1,1080
1,78519,TELMgmt-MQ2-CatC-NRI,MQ2,Telangana,MNR Med Coll Sangareddy,DERMATOLOGY,6900000,Info not available,2000000,1,760
1,78813,TELMgmt-MQ2-CatC-NRI,MQ2,Telangana,Malla Reddy(Women) Hyderabad,GENERAL MEDICINE,6900000,Info not available,2000000,1,1050
1,79618,TELMgmt-MQ2-CatC-NRI,MQ2,Telangana,Kamineni IMS Narketpally,OPHTHALMOLOGY,6900000,Info not available,2000000,1,1060
1,80605,TELMgmt-MQ2-CatC-NRI,MQ2,Telangana,SVS Med Coll Mehboobnagar,GENERAL MEDICINE,7200000,Info not available,2000000,1,760
1,80949,TELMgmt-MQ2-CatC-NRI,MQ2,Telangana,Malla Reddy IMS Hyderabad,GENERAL SURGERY,6900000,Info not available,2000000,1,940
1,81212,TELMgmt-MQ1-CatB-All,MQ1,Telangana,Mahavir Inst of MS Vikarabad,PATHOLOGY,-,-,-,-,700
1,81643,TELMgmt-MQ1-CatB-All,MQ1,Telangana,Prathima IMS Karimnagar,PATHOLOGY,562250,Info not available,2000000,1,1060
1,82051,TELMgmt-MQ2-CatC-NRI,MQ2,Telangana,Mamata Med Coll Khammam,OBG,6900000,Info not available,2000000,1,1080
1,82084,TELMgmt-MQ2-CatC-NRI,MQ2,Telangana,Prathima IMS Karimnagar,GENERAL MEDICINE,6900000,Info not available,2000000,1,1060
1,82614,TELMgmt-MQ2-CatC-NRI,MQ2,Telangana,SVS Med Coll Mehboobnagar,OBG,7200000,Info not available,2000000,1,760
1,83135,TELMgmt-MQ2-CatC-NRI,MQ2-MSM,Telangana,Shadan IMSRC Peerancheru,OPHTHALMOLOGY,7200000,Info not available,2000000,1,800
1,83831,TELMgmt-MQ2-CatC-NRI,MQ2,Telangana,Mamata Med Coll Khammam,GENERAL MEDICINE,6900000,Info not available,2000000,1,1080
1,84211,TELMgmt-MQ2-CatC-NRI,MQ2,Telangana,Prathima IMS Karimnagar,OPHTHALMOLOGY,6900000,Info not available,2000000,1,1060
1,84338,TELMgmt-MQ2-CatC-NRI,MQ2,Telangana,Prathima IMS Karimnagar,GENERAL MEDICINE,6900000,Info not available,2000000,1,1060
1,84415,TELMgmt-MQ1-CatB-All,MQ1,Telangana,Kamineni IMS Narketpally,PATHOLOGY,545000,Info not available,2000000,1,1060
1,85286,TELMgmt-MQ2-CatC-NRI,MQ2,Telangana,CAIMS Karimnagar,GENERAL MEDICINE,7200000,Info not available,2000000,1,1000
1,86208,TELMgmt-MQ2-CatC-NRI,MQ2,Telangana,Apollo IMSR Hyderabad,OBG,6900000,Info not available,2000000,1,570
1,86370,TELMgmt-MQ1-CatB-All,MQ1,Telangana,SVS Med Coll Mehboobnagar,PATHOLOGY,750000,Info not available,2000000,1,760
1,86461,TELMgmt-MQ2-CatC-NRI,MQ2,Telangana,Bhaskar Med Coll Yenkapally,PAEDIATRICS,6900000,Info not available,2000000,1,850
1,86627,TELMgmt-MQ2-CatC-NRI,MQ2,Telangana,Mamata Med Coll Khammam,GENERAL MEDICINE,6900000,Info not available,2000000,1,1080
1,87636,TELMgmt-MQ2-CatC-NRI,MQ2,Telangana,SVS Med Coll Mehboobnagar,GENERAL SURGERY,7200000,Info not available,2000000,1,760
1,87678,TELMgmt-MQ1-CatB-All,MQ1,Telangana,CAIMS Karimnagar,PATHOLOGY,530000,Info not available,2000000,1,1000
1,88073,TELMgmt-MQ2-CatC-NRI,MQ2,Telangana,Bhaskar Med Coll Yenkapally,GENERAL MEDICINE,6900000,Info not available,2000000,1,850
1,88414,TELMgmt-MQ2-CatC-NRI,MQ2,Telangana,Mamata Med Coll Khammam,ANAESTHESIOLOGY,6900000,Info not available,2000000,1,1080
1,88717,TELMgmt-MQ1-CatB-All,MQ1-MSM,Telangana,Shadan IMSRC Peerancheru,ENT,2400000,Info not available,2000000,1,800
1,89144,TELMgmt-MQ2-CatC-NRI,MQ2,Telangana,CAIMS Karimnagar,GENERAL MEDICINE,7200000,Info not available,2000000,1,1000
1,89223,TELMgmt-MQ2-CatC-NRI,MQ2,Telangana,SVS Med Coll Mehboobnagar,PAEDIATRICS,7200000,Info not available,2000000,1,760
1,89359,TELMgmt-MQ2-CatC-NRI,MQ2,Telangana,Mediciti IMS Ghanpur,OBG,6900000,Info not available,2000000,1,720
1,89438,TELMgmt-MQ2-CatC-NRI,MQ2,Telangana,Kamineni IMS Narketpally,OBG,6900000,Info not available,2000000,1,1060
1,89507,TELMgmt-MQ1-CatB-All,MQ1,Telangana,CAIMS Karimnagar,ANATOMY,200000,Info not available,2000000,1,1000
1,90437,TELMgmt-MQ2-CatC-NRI,MQ2,Telangana,SVS Med Coll Mehboobnagar,OPHTHALMOLOGY,7200000,Info not available,2000000,1,760
1,91291,TELMgmt-MQ2-CatC-NRI,MQ2,Telangana,Malla Reddy IMS Hyderabad,ANAESTHESIOLOGY,6900000,Info not available,2000000,1,940
1,93673,TELMgmt-MQ2-CatC-NRI,MQ2,Telangana,Prathima IMS Karimnagar,GENERAL MEDICINE,6900000,Info not available,2000000,1,1060
1,94067,TELMgmt-MQ2-CatC-NRI,MQ2,Telangana,Apollo IMSR Hyderabad,ORTHOPAEDICS,6900000,Info not available,2000000,1,570
1,94104,TELMgmt-MQ1-CatB-All,MQ1,Telangana,Dr Patnam MRInstofMSChevella,PATHOLOGY,530000,Info not available,2000000,1,-
1,94828,TELMgmt-MQ1-CatB-All,MQ1,Telangana,CAIMS Karimnagar,PATHOLOGY,530000,Info not available,2000000,1,1000
1,95580,TELMgmt-MQ2-CatC-NRI,MQ2,Telangana,Prathima IMS Karimnagar,TBRD,6900000,Info not available,2000000,1,1060
1,95926,TELMgmt-MQ2-CatC-NRI,MQ2,Telangana,Malla Reddy IMS Hyderabad,ORTHOPAEDICS,6900000,Info not available,2000000,1,940
1,96268,TELMgmt-MQ1-CatB-All,MQ1,Telangana,SVS Med Coll Mehboobnagar,PATHOLOGY,750000,Info not available,2000000,1,760
1,98180,TELMgmt-MQ2-CatC-NRI,MQ2,Telangana,Malla Reddy IMS Hyderabad,GENERAL SURGERY,6900000,Info not available,2000000,1,940
1,98309,TELMgmt-MQ2-CatC-NRI,MQ2,Telangana,CAIMS Karimnagar,OBG,7200000,Info not available,2000000,1,1000
1,98449,TELMgmt-MQ1-CatB-All,MQ1,Telangana,SVS Med Coll Mehboobnagar,PATHOLOGY,750000,Info not available,2000000,1,760
1,98676,TELMgmt-MQ2-CatC-NRI,MQ2,Telangana,Kamineni IMS Narketpally,GENERAL MEDICINE,6900000,Info not available,2000000,1,1060
1,99325,TELMgmt-MQ2-CatC-NRI,MQ2,Telangana,Apollo IMSR Hyderabad,PAEDIATRICS,6900000,Info not available,2000000,1,570
1,99535,TELMgmt-MQ2-CatC-NRI,MQ2,Telangana,Bhaskar Med Coll Yenkapally,OBG,6900000,Info not available,2000000,1,850
1,100416,TELMgmt-MQ2-CatC-NRI,MQ2,Telangana,Dr Patnam MRInstofMSChevella,PAEDIATRICS,-,-,-,-,-
1,100579,TELMgmt-MQ1-CatB-All,MQ1,Telangana,SVS Med Coll Mehboobnagar,PATHOLOGY,750000,Info not available,2000000,1,760
1,104533,TELMgmt-MQ2-CatC-NRI,MQ2,Telangana,Mahavir Inst of MS Vikarabad,OBG,6900000,Info not available,2000000,1,700
1,106803,TELMgmt-MQ2-CatC-NRI,MQ2,Telangana,Kamineni (KAMSRC) Hyderabad,PAEDIATRICS,6900000,Info not available,2000000,1,650
1,106922,TELMgmt-MQ1-CatB-All,MQ1,Telangana,RVM IMSRC Siddipet,PATHOLOGY,530000,Info not available,2000000,1,1110
1,109099,TELMgmt-MQ1-CatB-All,MQ1-MSM,Telangana,DCMS Hyderabad,PATHOLOGY,530000,Info not available,2000000,1,1400
1,109330,TELMgmt-MQ1-CatB-All,MQ1,Telangana,Apollo IMSR Hyderabad,MICROBIOLOGY,530000,Info not available,2000000,1,570
1,110711,TELMgmt-MQ2-CatC-NRI,MQ2,Telangana,SVS Med Coll Mehboobnagar,ANAESTHESIOLOGY,7200000,Info not available,2000000,1,760
1,112058,TELMgmt-MQ1-CatB-All,MQ1-MSM,Telangana,DCMS Hyderabad,PSYCHIATRY,2400000,Info not available,2000000,1,1400
1,115103,TELMgmt-MQ1-CatB-All,MQ1,Telangana,Kamineni IMS Narketpally,IHBT,2300000,Info not available,2000000,1,1060
1,116072,TELMgmt-MQ2-CatC-NRI,MQ2,Telangana,MNR Med Coll Sangareddy,GENERAL MEDICINE,6900000,Info not available,2000000,1,760
1,117506,TELMgmt-MQ2-CatC-NRI,MQ2,Telangana,Kamineni (KAMSRC) Hyderabad,PATHOLOGY,1635000,Info not available,2000000,1,650
1,119378,TELMgmt-MQ2-CatC-NRI,MQ2,Telangana,Malla Reddy IMS Hyderabad,GENERAL SURGERY,6900000,Info not available,2000000,1,940
1,120231,TELMgmt-MQ2-CatC-NRI,MQ2,Telangana,Mamata Med Coll Khammam,PAEDIATRICS,6900000,Info not available,2000000,1,1080
2,168,Tel Govt-NS UNR,OPEN-GEN,Telangana,NIMS Hyderabad,RADIO DIAGNOSIS,72000, 99969,5000000,1,1498
2,194,Tel Govt-NS LOC,OPEN-FEM,Telangana,NIMS Hyderabad,RADIO DIAGNOSIS,72000, 99969,5000000,1,1498
2,260,Tel Govt-NS UNR,OPEN-GEN,Telangana,NIMS Hyderabad,GENERAL MEDICINE,72000, 99969,5000000,1,1498
2,282,Tel Govt-NS LOC,OPEN-GEN,Telangana,NIMS Hyderabad,RADIO DIAGNOSIS,72000, 99969,5000000,1,1498
2,291,Tel Govt-NS LOC,BCB-GEN,Telangana,NIMS Hyderabad,RADIO DIAGNOSIS,72000, 99969,5000000,1,1498
2,297,Tel Govt-NS LOC,OPEN-GEN,Telangana,NIMS Hyderabad,GENERAL MEDICINE,72000, 99969,5000000,1,1498
2,436,Tel Govt-NS LOC,OPEN-FEM,Telangana,NIMS Hyderabad,GENERAL MEDICINE,72000, 99969,5000000,1,1498
2,446,Tel Govt-NS LOC,OPEN-GEN,Telangana,Osmania Med Coll Hyderabad,RADIO DIAGNOSIS,10000, 50686,2000000,1,4800
2,515,Tel Govt-NS LOC,OPEN-GEN,Telangana,NIMS Hyderabad,GENERAL MEDICINE,72000, 99969,5000000,1,1498
2,527,Tel Govt-NS LOC,OPEN-FEM,Telangana,Osmania Med Coll Hyderabad,RADIO DIAGNOSIS,10000, 50686,2000000,1,4800
2,633,Tel Govt-NS LOC,OPEN-FEM,Telangana,Gandhi Med Coll Secunderabad,GENERAL MEDICINE,10000, 50686,2000000,1,1200
2,637,Tel Govt-NS LOC,OPEN-GEN,Telangana,Gandhi Med Coll Secunderabad,GENERAL MEDICINE,10000, 50686,2000000,1,1200
2,649,Tel Govt-NS LOC,OPEN-GEN,Telangana,Gandhi Med Coll Secunderabad,GENERAL MEDICINE,10000, 50686,2000000,1,1200
2,690,Tel Govt-NS LOC,OPEN-GEN,Telangana,Gandhi Med Coll Secunderabad,RADIO DIAGNOSIS,10000, 50686,2000000,1,1200
2,708,Tel Govt-NS LOC,OPEN-FEM,Telangana,Osmania Med Coll Hyderabad,GENERAL MEDICINE,10000, 50686,2000000,1,4800
2,745,Tel Govt-NS LOC,OPEN-GEN,Telangana,Osmania Med Coll Hyderabad,GENERAL MEDICINE,10000, 50686,2000000,1,4800
2,766,Tel Govt-NS LOC,OPEN-GEN,Telangana,Osmania Med Coll Hyderabad,GENERAL MEDICINE,10000, 50686,2000000,1,4800
2,820,Tel Govt-NS UNR,BCB-GEN,Telangana,Osmania Med Coll Hyderabad,RADIO DIAGNOSIS,10000, 50686,2000000,1,4800
2,833,Tel Govt-NS LOC,BCB-GEN,Telangana,Osmania Med Coll Hyderabad,GENERAL MEDICINE,10000, 50686,2000000,1,4800
2,972,Tel Govt-NS LOC,BCB-FEM,Telangana,Osmania Med Coll Hyderabad,RADIO DIAGNOSIS,10000, 50686,2000000,1,4800
2,1088,Tel Govt-NS LOC,OPEN-GEN,Telangana,Kakatiya Med Coll Warangal,GENERAL MEDICINE,10000, 50686,2000000,1,1150
2,1089,Tel Govt-NS LOC,BCD-GEN,Telangana,NIMS Hyderabad,GENERAL MEDICINE,72000, 99969,5000000,1,1498
2,1179,Tel Govt-NS LOC,OPEN-GEN,Telangana,Kakatiya Med Coll Warangal,RADIO DIAGNOSIS,10000, 50686,2000000,1,1150
2,1199,Tel Govt-NS LOC,OPEN-GEN,Telangana,Osmania Med Coll Hyderabad,DERMATOLOGY,10000, 50686,2000000,1,4800
2,1284,Tel Govt-NS UNR,BCB-FEM,Telangana,Gandhi Med Coll Secunderabad,GENERAL MEDICINE,10000, 50686,2000000,1,1200
2,1347,Tel Govt-NS UNR,OPEN-FEM,Telangana,Osmania Med Coll Hyderabad,PAEDIATRICS,10000, 50686,2000000,1,4800
2,1364,Tel Govt-NS UNR,OPEN-GEN,Telangana,Gandhi Med Coll Secunderabad,GENERAL SURGERY,10000, 50686,2000000,1,1200
2,1372,Tel Govt-NS LOC,OPEN-FEM,Telangana,Gandhi Med Coll Secunderabad,GENERAL SURGERY,10000, 50686,2000000,1,1200
2,1446,Tel Govt-NS LOC,BCD-FEM,Telangana,Osmania Med Coll Hyderabad,GENERAL MEDICINE,10000, 50686,2000000,1,4800
2,1492,Tel Govt-NS LOC,BCD-GEN,Telangana,Kakatiya Med Coll Warangal,GENERAL MEDICINE,10000, 50686,2000000,1,1150
2,1551,Tel Govt-NS LOC,OPEN-FEM,Telangana,Gandhi Med Coll Secunderabad,DERMATOLOGY,10000, 50686,2000000,1,1200
2,1656,Tel Govt-NS LOC,BCB-GEN,Telangana,Gandhi Med Coll Secunderabad,RADIO DIAGNOSIS,10000, 50686,2000000,1,1200
2,1671,Tel Govt-NS UNR,OPEN-GEN,Telangana,Osmania Med Coll Hyderabad,DERMATOLOGY,10000, 50686,2000000,1,4800
2,1744,Tel Govt-NS LOC,BCB-FEM,Telangana,NIMS Hyderabad,GENERAL MEDICINE,72000, 99969,5000000,1,1498
2,1763,Tel Govt-NS LOC,SC-GEN,Telangana,NIMS Hyderabad,GENERAL MEDICINE,72000, 99969,5000000,1,1498
2,1792,Tel Govt-NS LOC,OPEN-GEN,Telangana,Gandhi Med Coll Secunderabad,GENERAL SURGERY,10000, 50686,2000000,1,1200
2,1884,Tel Govt-NS LOC,OPEN-GEN,Telangana,Gandhi Med Coll Secunderabad,GENERAL SURGERY,10000, 50686,2000000,1,1200
2,1964,Tel Govt-NS LOC,OPEN-FEM,Telangana,Osmania Med Coll Hyderabad,PAEDIATRICS,10000, 50686,2000000,1,4800
2,1971,Tel Govt-NS LOC,OPEN-FEM,Telangana,Osmania Med Coll Hyderabad,PAEDIATRICS,10000, 50686,2000000,1,4800
2,2014,Tel Govt-NS LOC,OPEN-GEN,Telangana,Malla Reddy IMS Hyderabad,RADIO DIAGNOSIS,700000,Info not available,2000000,1,940
2,2180,Tel Govt-NS LOC,OPEN-GEN,Telangana,Gandhi Med Coll Secunderabad,GENERAL SURGERY,10000, 50686,2000000,1,1200
2,2258,Tel Govt-NS UNR,OPEN-FEM,Telangana,Malla Reddy IMS Hyderabad,RADIO DIAGNOSIS,700000,Info not available,2000000,1,940
2,2289,Tel Govt-NS LOC,OPEN-FEM,Telangana,Gandhi Med Coll Secunderabad,OBG,10000, 50686,2000000,1,1200
2,2324,Tel Govt-NS LOC,OPEN-GEN,Telangana,Kakatiya Med Coll Warangal,GENERAL MEDICINE,10000, 50686,2000000,1,1150
2,2386,Tel Govt-NS LOC,OPEN-FEM,Telangana,Kakatiya Med Coll Warangal,GENERAL MEDICINE,10000, 50686,2000000,1,1150
2,2398,Tel Govt-NS UNR,OPEN-GEN,Telangana,Osmania Med Coll Hyderabad,PAEDIATRICS,10000, 50686,2000000,1,4800
2,2405,Tel Govt-NS LOC,BCE-GEN,Telangana,Kakatiya Med Coll Warangal,GENERAL MEDICINE,10000, 50686,2000000,1,1150
2,2565,Tel Govt-NS LOC,OPEN-FEM,Telangana,Osmania Med Coll Hyderabad,DERMATOLOGY,10000, 50686,2000000,1,4800
2,2613,Tel Govt-NS LOC,BCD-GEN,Telangana,Kakatiya Med Coll Warangal,RADIO DIAGNOSIS,10000, 50686,2000000,1,1150
2,2614,Tel Govt-NS LOC,OPEN-GEN,Telangana,Osmania Med Coll Hyderabad,PAEDIATRICS,10000, 50686,2000000,1,4800
2,2631,Tel Govt-NS LOC,OPEN-GEN,Telangana,Osmania Med Coll Hyderabad,PAEDIATRICS,10000, 50686,2000000,1,4800
2,2724,Tel Govt-NS LOC,OPEN-GEN,Telangana,Govt Med Coll Nizamabad,GENERAL MEDICINE,10000, 50686,2000000,1,500
2,2793,Tel Govt-NS LOC,OPEN-GEN,Telangana,Osmania Med Coll Hyderabad,PAEDIATRICS,10000, 50686,2000000,1,4800
2,2799,Tel Govt-NS LOC,OPEN-GEN,Telangana,Apollo IMSR Hyderabad,RADIO DIAGNOSIS,750000,Info not available,2000000,1,570
2,2835,Tel Govt-NS UNR,OPEN-GEN,Telangana,Osmania Med Coll Hyderabad,GENERAL SURGERY,10000, 50686,2000000,1,4800
2,2843,Tel Govt-NS LOC,OPEN-GEN,Telangana,Osmania Med Coll Hyderabad,GENERAL SURGERY,10000, 50686,2000000,1,4800
2,2888,Tel Govt-NS LOC,OPEN-GEN,Telangana,Malla Reddy IMS Hyderabad,RADIO DIAGNOSIS,700000,Info not available,2000000,1,940
2,2896,Tel Govt-NS LOC,OPEN-GEN,Telangana,Osmania Med Coll Hyderabad,PAEDIATRICS,10000, 50686,2000000,1,4800
2,2920,Tel Govt-NS UNR,OPEN-FEM,Telangana,Kakatiya Med Coll Warangal,DERMATOLOGY,10000, 50686,2000000,1,1150
2,2988,Tel Govt-NS LOC,BCE-GEN,Telangana,Osmania Med Coll Hyderabad,DERMATOLOGY,10000, 50686,2000000,1,4800
2,2989,Tel Govt-NS UNR,OPEN-GEN,Telangana,Gandhi Med Coll Secunderabad,PAEDIATRICS,10000, 50686,2000000,1,1200
2,3042,Tel Govt-NS UNR,OPEN-FEM,Telangana,Rajiv Gandhi IMS Adilabad,GENERAL MEDICINE,10000, 50686,2000000,1,Info Not Available
2,3193,Tel Govt-NS LOC,OPEN-FEM,Telangana,Kamineni (KAMSRC) Hyderabad,RADIO DIAGNOSIS,700000,Info not available,2000000,1,650
2,3228,Tel Govt-NS LOC,BCA-FEM,Telangana,Gandhi Med Coll Secunderabad,GENERAL MEDICINE,10000, 50686,2000000,1,1200
2,3242,Tel Govt-NS LOC,OPEN-GEN,Telangana,Osmania Med Coll Hyderabad,PAEDIATRICS,10000, 50686,2000000,1,4800
2,3286,Tel Govt-NS LOC,OPEN-FEM,Telangana,Malla Reddy IMS Hyderabad,GENERAL MEDICINE,700000,Info not available,2000000,1,940
2,3307,Tel Govt-NS LOC,OPEN-GEN,Telangana,Osmania Med Coll Hyderabad,PAEDIATRICS,10000, 50686,2000000,1,4800
2,3323,Tel Govt-NS LOC,OPEN-FEM,Telangana,Gandhi Med Coll Secunderabad,OBG,10000, 50686,2000000,1,1200
2,3335,Tel Govt-NS LOC,BCA-GEN,Telangana,Osmania Med Coll Hyderabad,PAEDIATRICS,10000, 50686,2000000,1,4800
2,3340,Tel Govt-NS LOC,OPEN-GEN,Telangana,Osmania Med Coll Hyderabad,GENERAL SURGERY,10000, 50686,2000000,1,4800
2,3351,Tel Govt-NS UNR,OPEN-GEN,Telangana,Gandhi Med Coll Secunderabad,OBG,10000, 50686,2000000,1,1200
2,3441,Tel Govt-NS LOC,OPEN-GEN,Telangana,Gandhi Med Coll Secunderabad,DERMATOLOGY,10000, 50686,2000000,1,1200
2,3471,Tel Govt-NS LOC,OPEN-GEN,Telangana,Rajiv Gandhi IMS Adilabad,GENERAL MEDICINE,10000, 50686,2000000,1,Info Not Available
2,3496,Tel Govt-NS LOC,BCB-FEM,Telangana,Osmania Med Coll Hyderabad,PAEDIATRICS,10000, 50686,2000000,1,4800
2,3528,Tel Govt-NS UNR,BCB-GEN,Telangana,Kakatiya Med Coll Warangal,GENERAL MEDICINE,10000, 50686,2000000,1,1150
2,3557,Tel Govt-NS LOC,OPEN-GEN,Telangana,Malla Reddy IMS Hyderabad,GENERAL MEDICINE,700000,Info not available,2000000,1,940
2,3587,Tel Govt-NS LOC,BCA-FEM,Telangana,Osmania Med Coll Hyderabad,PAEDIATRICS,10000, 50686,2000000,1,4800
2,3596,Tel Govt-NS LOC,OPEN-GEN,Telangana,Gandhi Med Coll Secunderabad,OBG,10000, 50686,2000000,1,1200
2,3600,Tel Govt-NS LOC,BCB-GEN,Telangana,Kakatiya Med Coll Warangal,GENERAL MEDICINE,10000, 50686,2000000,1,1150
2,3602,Tel Govt-NS LOC,BCB-GEN,Telangana,Govt Med Coll Nizamabad,GENERAL MEDICINE,10000, 50686,2000000,1,500
2,3624,Tel Govt-NS LOC,BCB-GEN,Telangana,Osmania Med Coll Hyderabad,PAEDIATRICS,10000, 50686,2000000,1,4800
2,3666,Tel Govt-NS LOC,OPEN-FEM,Telangana,SVS Med Coll Mehboobnagar,RADIO DIAGNOSIS,750000,Info not available,2000000,1,760
2,3674,Tel Govt-NS LOC,OPEN-GEN,Telangana,Osmania Med Coll Hyderabad,PAEDIATRICS,10000, 50686,2000000,1,4800
2,3731,Tel Govt-NS LOC,BCE-GEN,Telangana,Govt Med Coll Nizamabad,GENERAL MEDICINE,10000, 50686,2000000,1,500
2,3749,Tel Govt-NS LOC,OPEN-GEN,Telangana,Osmania Med Coll Hyderabad,GENERAL SURGERY,10000, 50686,2000000,1,4800
2,3777,Tel Govt-NS LOC,OPEN-GEN,Telangana,Malla Reddy IMS Hyderabad,GENERAL MEDICINE,700000,Info not available,2000000,1,940
2,3824,Tel Govt-NS LOC,OPEN-GEN,Telangana,Gandhi Med Coll Secunderabad,OBG,10000, 50686,2000000,1,1200
2,3844,Tel Govt-NS LOC,BCB-GEN,Telangana,Malla Reddy IMS Hyderabad,RADIO DIAGNOSIS,700000,Info not available,2000000,1,940
2,3875,Tel Govt-NS LOC,BCD-GEN,Telangana,Osmania Med Coll Hyderabad,PAEDIATRICS,10000, 50686,2000000,1,4800
2,3932,Tel Govt-NS LOC,OPEN-GEN,Telangana,Malla Reddy(Women) Hyderabad,RADIO DIAGNOSIS,700000,Info not available,2000000,1,1050
2,4062,Tel Govt-NS LOC,OPEN-GEN,Telangana,Apollo IMSR Hyderabad,GENERAL MEDICINE,750000,Info not available,2000000,1,570
2,4220,Tel Govt-NS UNR,BCB-GEN,Telangana,Kakatiya Med Coll Warangal,PAEDIATRICS,10000, 50686,2000000,1,1150
2,4229,Tel Govt-NS UNR,OPEN-FEM,Telangana,Osmania Med Coll Hyderabad,OBG,10000, 50686,2000000,1,4800
2,4330,Tel Govt-NS LOC,OPEN-FEM,Telangana,Kakatiya Med Coll Warangal,OBG,10000, 50686,2000000,1,1150
2,4333,Tel Govt-NS LOC,OPEN-GEN,Telangana,ESIC Med CollSanath Nagar,PAEDIATRICS, 250000,107800,1000000,2,690
2,4341,Tel Govt-NS LOC,OPEN-FEM,Telangana,Kakatiya Med Coll Warangal,PAEDIATRICS,10000, 50686,2000000,1,1150
2,4385,Tel Govt-NS LOC,BCE-GEN,Telangana,Osmania Med Coll Hyderabad,PAEDIATRICS,10000, 50686,2000000,1,4800
2,4394,Tel Govt-NS LOC,BCA-GEN,Telangana,Kamineni (KAMSRC) Hyderabad,RADIO DIAGNOSIS,700000,Info not available,2000000,1,650
2,4420,Tel Govt-NS LOC,BCD-FEM,Telangana,Osmania Med Coll Hyderabad,PAEDIATRICS,10000, 50686,2000000,1,4800
2,4502,Tel Govt-NS LOC,OPEN-FEM,Telangana,Osmania Med Coll Hyderabad,GENERAL SURGERY,10000, 50686,2000000,1,4800
2,4504,Tel Govt-NS LOC,OPEN-FEM,Telangana,Osmania Med Coll Hyderabad,OBG,10000, 50686,2000000,1,4800
2,4536,Tel Govt-NS LOC,OPEN-GEN,Telangana,ESIC Med CollSanath Nagar,DERMATOLOGY, 250000,107800,1000000,2,690
2,4574,Tel Govt-NS LOC,BCD-FEM,Telangana,Gandhi Med Coll Secunderabad,OBG,10000, 50686,2000000,1,1200
2,4576,Tel Govt-NS LOC,OPEN-GEN,Telangana,Kamineni (KAMSRC) Hyderabad,GENERAL MEDICINE,700000,Info not available,2000000,1,650
2,4579,Tel Govt-NS LOC,BCB-GEN,Telangana,Osmania Med Coll Hyderabad,DERMATOLOGY,10000, 50686,2000000,1,4800
2,4619,Tel Govt-NS LOC,BCB-GEN,Telangana,Gandhi Med Coll Secunderabad,PAEDIATRICS,10000, 50686,2000000,1,1200
2,4641,Tel Govt-NS LOC,OPEN-FEM,Telangana,Gandhi Med Coll Secunderabad,PAEDIATRICS,10000, 50686,2000000,1,1200
2,4645,Tel Govt-NS LOC,OPEN-GEN,Telangana,Osmania Med Coll Hyderabad,GENERAL SURGERY,10000, 50686,2000000,1,4800
2,4729,Tel Govt-NS LOC,OPEN-FEM,Telangana,Osmania Med Coll Hyderabad,GENERAL SURGERY,10000, 50686,2000000,1,4800
2,4796,Tel Govt-NS LOC,OPEN-GEN,Telangana,Kakatiya Med Coll Warangal,PAEDIATRICS,10000, 50686,2000000,1,1150
2,4851,Tel Govt-NS LOC,OPEN-GEN,Telangana,Osmania Med Coll Hyderabad,OBG,10000, 50686,2000000,1,4800
2,4872,Tel Govt-NS LOC,BCD-GEN,Telangana,Osmania Med Coll Hyderabad,GENERAL SURGERY,10000, 50686,2000000,1,4800
2,4930,Tel Govt-NS LOC,OPEN-GEN,Telangana,Osmania Med Coll Hyderabad,OBG,10000, 50686,2000000,1,4800
2,4980,Tel Govt-NS LOC,SC-GEN,Telangana,Gandhi Med Coll Secunderabad,RADIO DIAGNOSIS,10000, 50686,2000000,1,1200
2,4992,Tel Govt-NS LOC,OPEN-GEN,Telangana,Malla Reddy IMS Hyderabad,GENERAL MEDICINE,700000,Info not available,2000000,1,940
2,4997,Tel Govt-NS LOC,BCB-GEN,Telangana,Gandhi Med Coll Secunderabad,GENERAL SURGERY,10000, 50686,2000000,1,1200
2,5043,Tel Govt-NS LOC,OPEN-GEN,Telangana,CAIMS Karimnagar,RADIO DIAGNOSIS,775000,Info not available,2000000,1,1000
2,5068,Tel Govt-NS LOC,OPEN-GEN,Telangana,Mamata Med Coll Khammam,RADIO DIAGNOSIS,750000,Info not available,2000000,1,1080
2,5095,Tel Govt-NS LOC,SC-GEN,Telangana,Gandhi Med Coll Secunderabad,GENERAL MEDICINE,10000, 50686,2000000,1,1200
2,5129,Tel Govt-NS LOC,ST-GEN,Telangana,NIMS Hyderabad,RADIO DIAGNOSIS,72000, 99969,5000000,1,1498
2,5246,Tel Govt-NS LOC,OPEN-GEN,Telangana,ESIC Med CollSanath Nagar,OBG, 250000,107800,1000000,2,690
2,5249,Tel Govt-NS LOC,OPEN-GEN,Telangana,Gandhi Med Coll Secunderabad,PAEDIATRICS,10000, 50686,2000000,1,1200
2,5330,Tel Govt-NS UNR,OPEN-GEN,Telangana,Kakatiya Med Coll Warangal,OBG,10000, 50686,2000000,1,1150
2,5439,Tel Govt-NS UNR,OPEN-FEM,Telangana,Kamineni (KAMSRC) Hyderabad,GENERAL MEDICINE,700000,Info not available,2000000,1,650
2,5475,Tel Govt-NS LOC,BCD-FEM,Telangana,ESIC Med CollSanath Nagar,GENERAL MEDICINE, 250000,107800,1000000,2,690
2,5493,Tel Govt-NS LOC,OPEN-GEN,Telangana,Prathima IMS Karimnagar,GENERAL MEDICINE,750000,Info not available,2000000,1,1060
2,5570,Tel Govt-NS LOC,OPEN-FEM,Telangana,NIMS Hyderabad,ANAESTHESIOLOGY,72000, 99969,5000000,1,1498
2,5607,Tel Govt-NS LOC,BCB-GEN,Telangana,Kakatiya Med Coll Warangal,PAEDIATRICS,10000, 50686,2000000,1,1150
2,5633,Tel Govt-NS LOC,OPEN-GEN,Telangana,Osmania Med Coll Hyderabad,OBG,10000, 50686,2000000,1,4800
2,5636,Tel Govt-NS UNR,OPEN-GEN,Telangana,Osmania Med Coll Hyderabad,OBG,10000, 50686,2000000,1,4800
2,5649,Tel Govt-NS LOC,BCD-FEM,Telangana,Apollo IMSR Hyderabad,RADIO DIAGNOSIS,750000,Info not available,2000000,1,570
2,5789,Tel Govt-NS LOC,BCE-GEN,Telangana,Osmania Med Coll Hyderabad,GENERAL SURGERY,10000, 50686,2000000,1,4800
2,5811,Tel Govt-NS LOC,OPEN-GEN,Telangana,Gandhi Med Coll Secunderabad,ORTHOPAEDICS,10000, 50686,2000000,1,1200
2,5815,Tel Govt-NS LOC,BCB-GEN,Telangana,Malla Reddy IMS Hyderabad,GENERAL MEDICINE,700000,Info not available,2000000,1,940
2,5820,Tel Govt-NS LOC,OPEN-GEN,Telangana,Prathima IMS Karimnagar,RADIO DIAGNOSIS,750000,Info not available,2000000,1,1060
2,5832,Tel Govt-NS LOC,OPEN-GEN,Telangana,Bhaskar Med Coll Yenkapally,RADIO DIAGNOSIS,750000,Info not available,2000000,1,850
2,5848,Tel Govt-NS LOC,OPEN-GEN,Telangana,Rajiv Gandhi IMS Adilabad,DERMATOLOGY,10000, 50686,2000000,1,Info Not Available
2,5883,Tel Govt-NS UNR,OPEN-GEN,Telangana,Malla Reddy IMS Hyderabad,PAEDIATRICS,700000,Info not available,2000000,1,940
2,5921,Tel Govt-NS LOC,OPEN-FEM,Telangana,Osmania Med Coll Hyderabad,TBRD,10000, 50686,2000000,1,4800
2,5988,Tel Govt-NS LOC,OPEN-GEN,Telangana,MNR Med Coll Sangareddy,RADIO DIAGNOSIS,700000,Info not available,2000000,1,760
2,6124,Tel Govt-NS UNR,OPEN-FEM,Telangana,Prathima IMS Karimnagar,GENERAL MEDICINE,750000,Info not available,2000000,1,1060
2,6141,Tel Govt-NS LOC,BCA-GEN,Telangana,Rajiv Gandhi IMS Adilabad,GENERAL MEDICINE,10000, 50686,2000000,1,Info Not Available
2,6204,Tel Govt-NS LOC,BCD-FEM,Telangana,Malla Reddy IMS Hyderabad,GENERAL MEDICINE,700000,Info not available,2000000,1,940
2,6229,Tel Govt-NS LOC,OPEN-FEM,Telangana,RVM IMSRC Siddipet,RADIO DIAGNOSIS,700000,Info not available,2000000,1,1110
2,6287,Tel Govt-NS LOC,BCA-FEM,Telangana,ESIC Med CollSanath Nagar,GENERAL MEDICINE, 250000,107800,1000000,2,690
2,6304,Tel Govt-NS LOC,BCC-GEN,Telangana,Osmania Med Coll Hyderabad,PAEDIATRICS,10000, 50686,2000000,1,4800
2,6335,Tel Govt-NS LOC,BCA-FEM,Telangana,Gandhi Med Coll Secunderabad,OBG,10000, 50686,2000000,1,1200
2,6367,Tel Govt-NS LOC,BCE-GEN,Telangana,Osmania Med Coll Hyderabad,OBG,10000, 50686,2000000,1,4800
2,6426,Tel Govt-NS LOC,BCB-GEN,Telangana,CAIMS Karimnagar,RADIO DIAGNOSIS,775000,Info not available,2000000,1,1000
2,6427,Tel Govt-NS LOC,OPEN-GEN,Telangana,NIMS Hyderabad,ANAESTHESIOLOGY,72000, 99969,5000000,1,1498
2,6434,Tel Govt-NS LOC,BCB-GEN,Telangana,Gandhi Med Coll Secunderabad,OBG,10000, 50686,2000000,1,1200
2,6518,Tel Govt-NS LOC,BCB-FEM,Telangana,Osmania Med Coll Hyderabad,OBG,10000, 50686,2000000,1,4800
2,6621,Tel Govt-NS UNR,OPEN-GEN,Telangana,SVS Med Coll Mehboobnagar,GENERAL MEDICINE,750000,Info not available,2000000,1,760
2,6657,Tel Govt-NS UNR,ST-GEN,Telangana,Osmania Med Coll Hyderabad,GENERAL MEDICINE,10000, 50686,2000000,1,4800
2,6659,Tel Govt-NS LOC,BCB-GEN,Telangana,Osmania Med Coll Hyderabad,GENERAL SURGERY,10000, 50686,2000000,1,4800
2,6718,Tel Govt-NS LOC,BCD-FEM,Telangana,Osmania Med Coll Hyderabad,OBG,10000, 50686,2000000,1,4800
2,6739,Tel Govt-NS UNR,BCB-GEN,Telangana,Prathima IMS Karimnagar,RADIO DIAGNOSIS,750000,Info not available,2000000,1,1060
2,6777,Tel Govt-NS LOC,BCB-GEN,Telangana,Osmania Med Coll Hyderabad,OBG,10000, 50686,2000000,1,4800
2,6804,Tel Govt-NS LOC,BCE-GEN,Telangana,Malla Reddy IMS Hyderabad,GENERAL MEDICINE,700000,Info not available,2000000,1,940
2,6805,Tel Govt-NS LOC,BCB-GEN,Telangana,Prathima IMS Karimnagar,GENERAL MEDICINE,750000,Info not available,2000000,1,1060
2,6821,Tel Govt-NS LOC,OPEN-FEM,Telangana,CAIMS Karimnagar,DERMATOLOGY,775000,Info not available,2000000,1,1000
2,6891,Tel Govt-NS LOC,BCB-FEM,Telangana,Kakatiya Med Coll Warangal,GENERAL SURGERY,10000, 50686,2000000,1,1150
2,6899,Tel Govt-NS LOC,BCD-GEN,Telangana,Osmania Med Coll Hyderabad,OBG,10000, 50686,2000000,1,4800
2,6916,Tel Govt-NS UNR,BCE-GEN,Telangana,MNR Med Coll Sangareddy,GENERAL MEDICINE,700000,Info not available,2000000,1,760
2,6952,Tel Govt-NS LOC,OPEN-FEM,Telangana,NIMS Hyderabad,ORTHOPAEDICS,72000, 99969,5000000,1,1498
2,7011,Tel Govt-NS LOC,OPEN-FEM,Telangana,NIMS Hyderabad,ANAESTHESIOLOGY,72000, 99969,5000000,1,1498
2,7076,Tel Govt-NS LOC,SC-GEN,Telangana,Osmania Med Coll Hyderabad,GENERAL MEDICINE,10000, 50686,2000000,1,4800
2,7112,Tel Govt-NS LOC,BCD-GEN,Telangana,Kakatiya Med Coll Warangal,PAEDIATRICS,10000, 50686,2000000,1,1150
2,7117,Tel Govt-NS LOC,OPEN-FEM,Telangana,Osmania Med Coll Hyderabad,OBG,10000, 50686,2000000,1,4800
2,7124,Tel Govt-NS LOC,OPEN-GEN,Telangana,NIMS Hyderabad,ANAESTHESIOLOGY,72000, 99969,5000000,1,1498
2,7127,Tel Govt-NS LOC,OPEN-GEN,Telangana,Malla Reddy(Women) Hyderabad,GENERAL MEDICINE,700000,Info not available,2000000,1,1050
2,7177,Tel Govt-NS UNR,OPEN-GEN,Telangana,NIMS Hyderabad,ANAESTHESIOLOGY,72000, 99969,5000000,1,1498
2,7183,Tel Govt-NS LOC,OPEN-FEM,Telangana,Malla Reddy IMS Hyderabad,PAEDIATRICS,700000,Info not available,2000000,1,940
2,7195,Tel Govt-NS LOC,OPEN-FEM,Telangana,SVS Med Coll Mehboobnagar,GENERAL MEDICINE,750000,Info not available,2000000,1,760
2,7274,Tel Govt-NS LOC,OPEN-GEN,Telangana,ESIC Med CollSanath Nagar,GENERAL SURGERY, 250000,107800,1000000,2,690
2,7315,Tel Govt-NS LOC,SC-GEN,Telangana,ESIC Med CollSanath Nagar,RADIO DIAGNOSIS, 250000,107800,1000000,2,690
2,7438,Tel Govt-NS LOC,OPEN-GEN,Telangana,Malla Reddy IMS Hyderabad,PAEDIATRICS,700000,Info not available,2000000,1,940
2,7522,Tel Govt-NS LOC,OPEN-FEM,Telangana,Osmania Med Coll Hyderabad,OBG,10000, 50686,2000000,1,4800
2,7524,Tel Govt-NS LOC,BCB-GEN,Telangana,Govt Med Coll Nizamabad,PAEDIATRICS,10000, 50686,2000000,1,500
2,7569,Tel Govt-NS LOC,MIN-FEM-MSM,Telangana,DCMS Hyderabad,GENERAL MEDICINE,775000,Info not available,2000000,1,1400
2,7636,Tel Govt-NS LOC,SC-FEM,Telangana,NIMS Hyderabad,RADIO DIAGNOSIS,72000, 99969,5000000,1,1498
2,7659,Tel Govt-NS LOC,BCA-FEM,Telangana,Osmania Med Coll Hyderabad,OBG,10000, 50686,2000000,1,4800
2,7672,Tel Govt-NS LOC,OPEN-GEN,Telangana,Mediciti IMS Ghanpur,RADIO DIAGNOSIS,700000,Info not available,2000000,1,720
2,7683,Tel Govt-NS LOC,OPEN-GEN,Telangana,RVM IMSRC Siddipet,GENERAL MEDICINE,700000,Info not available,2000000,1,1110
2,7691,Tel Govt-NS LOC,OPEN-FEM,Telangana,Mediciti IMS Ghanpur,RADIO DIAGNOSIS,700000,Info not available,2000000,1,720
2,7713,Tel Govt-NS LOC,OPEN-GEN,Telangana,SVS Med Coll Mehboobnagar,GENERAL MEDICINE,750000,Info not available,2000000,1,760
2,7719,Tel Govt-NS LOC,OPEN-GEN,Telangana,Malla Reddy(Women) Hyderabad,DERMATOLOGY,700000,Info not available,2000000,1,1050
2,7748,Tel Govt-NS LOC,OPEN-GEN,Telangana,Bhaskar Med Coll Yenkapally,GENERAL MEDICINE,750000,Info not available,2000000,1,850
2,7771,Tel Govt-NS LOC,OPEN-GEN,Telangana,Osmania Med Coll Hyderabad,OBG,10000, 50686,2000000,1,4800
2,7783,Tel Govt-NS LOC,BCB-GEN,Telangana,Prathima IMS Karimnagar,GENERAL MEDICINE,750000,Info not available,2000000,1,1060
2,7784,Tel Govt-NS LOC,BCB-GEN,Telangana,SVS Med Coll Mehboobnagar,GENERAL MEDICINE,750000,Info not available,2000000,1,760
2,7844,Tel Govt-NS LOC,OPEN-FEM,Telangana,CAIMS Karimnagar,GENERAL MEDICINE,775000,Info not available,2000000,1,1000
2,7868,Tel Govt-NS LOC,OPEN-GEN,Telangana,ESIC Med CollSanath Nagar,TBRD, 250000,107800,1000000,2,690
2,7923,Tel Govt-NS LOC,OPEN-GEN,Telangana,Osmania Med Coll Hyderabad,TBRD,10000, 50686,2000000,1,4800
2,7995,Tel Govt-NS LOC,OPEN-GEN,Telangana,Kakatiya Med Coll Warangal,OBG,10000, 50686,2000000,1,1150
2,8027,Tel Govt-NS UNR,OPEN-FEM,Telangana,Kakatiya Med Coll Warangal,GENERAL SURGERY,10000, 50686,2000000,1,1150
2,8045,Tel Govt-NS LOC,BCD-GEN,Telangana,Gandhi Med Coll Secunderabad,DERMATOLOGY,10000, 50686,2000000,1,1200
2,8052,Tel Govt-NS LOC,OPEN-GEN,Telangana,Osmania Med Coll Hyderabad,OBG,10000, 50686,2000000,1,4800
2,8097,Tel Govt-NS LOC,SC-GEN,Telangana,Kakatiya Med Coll Warangal,GENERAL MEDICINE,10000, 50686,2000000,1,1150
2,8198,Tel Govt-NS LOC,OPEN-GEN,Telangana,Osmania Med Coll Hyderabad,OBG,10000, 50686,2000000,1,4800
2,8264,Tel Govt-NS LOC,OPEN-FEM,Telangana,Gandhi Med Coll Secunderabad,TBRD,10000, 50686,2000000,1,1200
2,8322,Tel Govt-NS LOC,OPEN-GEN,Telangana,Osmania Med Coll Hyderabad,OBG,10000, 50686,2000000,1,4800
2,8323,Tel Govt-NS LOC,BCD-GEN,Telangana,NIMS Hyderabad,ANAESTHESIOLOGY,72000, 99969,5000000,1,1498
2,8341,Tel Govt-NS LOC,OPEN-GEN,Telangana,Mamata Med Coll Khammam,GENERAL MEDICINE,750000,Info not available,2000000,1,1080
2,8361,Tel Govt-NS LOC,OPEN-GEN,Telangana,Govt Med Coll Nizamabad,OBG,10000, 50686,2000000,1,500
2,8398,Tel Govt-NS LOC,OPEN-FEM,Telangana,Govt Med Coll Siddipet,OBG,10000, 50686,2000000,1,-
2,8428,Tel Govt-NS UNR,OPEN-GEN,Telangana,Kakatiya Med Coll Warangal,TBRD,10000, 50686,2000000,1,1150
2,8454,Tel Govt-NS LOC,OPEN-GEN,Telangana,NIMS Hyderabad,ANAESTHESIOLOGY,72000, 99969,5000000,1,1498
2,8466,Tel Govt-NS LOC,OPEN-GEN,Telangana,Govt Med Coll Siddipet,OBG,10000, 50686,2000000,1,-
2,8486,Tel Govt-NS LOC,BCA-GEN,Telangana,Osmania Med Coll Hyderabad,GENERAL SURGERY,10000, 50686,2000000,1,4800
2,8536,Tel Govt-NS LOC,OPEN-GEN,Telangana,Kakatiya Med Coll Warangal,GENERAL SURGERY,10000, 50686,2000000,1,1150
2,8599,Tel Govt-NS LOC,OPEN-FEM,Telangana,Mediciti IMS Ghanpur,GENERAL MEDICINE,700000,Info not available,2000000,1,720
2,8615,Tel Govt-NS LOC,BCD-GEN,Telangana,Kakatiya Med Coll Warangal,OBG,10000, 50686,2000000,1,1150
2,8646,Tel Govt-NS LOC,OPEN-GEN,Telangana,NIMS Hyderabad,ORTHOPAEDICS,72000, 99969,5000000,1,1498
2,8656,Tel Govt-NS LOC,BCD-FEM,Telangana,Prathima IMS Karimnagar,GENERAL MEDICINE,750000,Info not available,2000000,1,1060
2,8738,Tel Govt-NS LOC,OPEN-GEN,Telangana,CAIMS Karimnagar,GENERAL MEDICINE,775000,Info not available,2000000,1,1000
2,8745,Tel Govt-NS LOC,BCB-GEN,Telangana,Kakatiya Med Coll Warangal,OBG,10000, 50686,2000000,1,1150
2,8789,Tel Govt-NS LOC,OPEN-GEN,Telangana,Govt Med Coll Mahabubnagar,OBG,10000, 50686,2000000,1,900
2,8797,Tel Govt-NS LOC,BCB-FEM,Telangana,Govt Med Coll Siddipet,OBG,10000, 50686,2000000,1,-
2,8799,Tel Govt-NS LOC,OPEN-FEM,Telangana,Mamata Med Coll Khammam,OBG,750000,Info not available,2000000,1,1080
2,8838,Tel Govt-NS LOC,OPEN-FEM,Telangana,Prathima IMS Karimnagar,PAEDIATRICS,750000,Info not available,2000000,1,1060
2,8841,Tel Govt-NS LOC,SC-GEN,Telangana,ESIC Med CollSanath Nagar,GENERAL MEDICINE, 250000,107800,1000000,2,690
2,8909,Tel Govt-NS LOC,OPEN-FEM,Telangana,Mamata Med Coll Khammam,GENERAL MEDICINE,750000,Info not available,2000000,1,1080
2,8918,Tel Govt-NS LOC,OPEN-GEN,Telangana,Mediciti IMS Ghanpur,GENERAL MEDICINE,700000,Info not available,2000000,1,720
2,8931,Tel Govt-NS LOC,OPEN-FEM,Telangana,Gandhi Med Coll Secunderabad,ANAESTHESIOLOGY,10000, 50686,2000000,1,1200
2,8942,Tel Govt-NS LOC,OPEN-GEN,Telangana,Osmania Med Coll Hyderabad,ORTHOPAEDICS,10000, 50686,2000000,1,4800
2,9033,Tel Govt-NS UNR,OPEN-GEN,Telangana,Osmania Med Coll Hyderabad,OPHTHALMOLOGY,10000, 50686,2000000,1,4800
2,9075,Tel Govt-NS LOC,SC-GEN,Telangana,Osmania Med Coll Hyderabad,PAEDIATRICS,10000, 50686,2000000,1,4800
2,9082,Tel Govt-NS LOC,OPEN-GEN,Telangana,NIMS Hyderabad,EMERGENCY MEDICINE,72000, 99969,5000000,1,1498
2,9105,Tel Govt-NS UNR,BCB-GEN,Telangana,CAIMS Karimnagar,GENERAL MEDICINE,775000,Info not available,2000000,1,1000
2,9137,Tel Govt-NS LOC,OPEN-FEM,Telangana,Kakatiya Med Coll Warangal,TBRD,10000, 50686,2000000,1,1150
2,9186,Tel Govt-NS LOC,BCD-FEM,Telangana,Kakatiya Med Coll Warangal,GENERAL SURGERY,10000, 50686,2000000,1,1150
2,9238,Tel Govt-NS LOC,BCD-GEN,Telangana,Rajiv Gandhi IMS Adilabad,OBG,10000, 50686,2000000,1,Info Not Available
2,9316,Tel Govt-NS LOC,SC-GEN,Telangana,Osmania Med Coll Hyderabad,DERMATOLOGY,10000, 50686,2000000,1,4800
2,9325,Tel Govt-NS LOC,BCB-GEN,Telangana,NIMS Hyderabad,ANAESTHESIOLOGY,72000, 99969,5000000,1,1498
2,9395,Tel Govt-NS LOC,BCB-FEM,Telangana,Apollo IMSR Hyderabad,GENERAL MEDICINE,750000,Info not available,2000000,1,570
2,9405,Tel Govt-NS UNR,OPEN-GEN,Telangana,Osmania Med Coll Hyderabad,ANAESTHESIOLOGY,10000, 50686,2000000,1,4800
2,9408,Tel Govt-NS UNR,BCA-GEN,Telangana,Bhaskar Med Coll Yenkapally,RADIO DIAGNOSIS,750000,Info not available,2000000,1,850
2,9436,Tel Govt-NS LOC,SC-FEM,Telangana,Osmania Med Coll Hyderabad,RADIO DIAGNOSIS,10000, 50686,2000000,1,4800
2,9445,Tel Govt-NS LOC,OPEN-GEN,Telangana,Mahavir Inst of MS Vikarabad,RADIO DIAGNOSIS,700000,Info not available,2000000,1,700
2,9521,Tel Govt-NS LOC,BCD-GEN,Telangana,SVS Med Coll Mehboobnagar,GENERAL MEDICINE,750000,Info not available,2000000,1,760
2,9526,Tel Govt-NS UNR,OPEN-GEN,Telangana,Osmania Med Coll Hyderabad,ORTHOPAEDICS,10000, 50686,2000000,1,4800
2,9715,Tel Govt-NS LOC,BCA-GEN,Telangana,Kakatiya Med Coll Warangal,DERMATOLOGY,10000, 50686,2000000,1,1150
2,9726,Tel Govt-NS LOC,SC-FEM,Telangana,Gandhi Med Coll Secunderabad,DERMATOLOGY,10000, 50686,2000000,1,1200
2,9789,Tel Govt-NS LOC,BCB-GEN,Telangana,Mamata Med Coll Khammam,GENERAL MEDICINE,750000,Info not available,2000000,1,1080
2,9818,Tel Govt-NS LOC,OPEN-FEM,Telangana,Apollo IMSR Hyderabad,PAEDIATRICS,750000,Info not available,2000000,1,570
2,9831,Tel Govt-NS LOC,OPEN-GEN,Telangana,SVS Med Coll Mehboobnagar,PAEDIATRICS,750000,Info not available,2000000,1,760
2,9937,Tel Govt-NS LOC,BCB-FEM,Telangana,Prathima IMS Karimnagar,RADIO DIAGNOSIS,750000,Info not available,2000000,1,1060
2,9948,Tel Govt-NS LOC,BCA-GEN,Telangana,Osmania Med Coll Hyderabad,OBG,10000, 50686,2000000,1,4800
2,9958,Tel Govt-NS LOC,OPEN-GEN,Telangana,Govt Med Coll Siddipet,GENERAL SURGERY,10000, 50686,2000000,1,-
2,9960,Tel Govt-NS LOC,OPEN-FEM,Telangana,Osmania Med Coll Hyderabad,ENT,10000, 50686,2000000,1,4800
2,9974,Tel Govt-NS LOC,OPEN-GEN,Telangana,Mamata Med Coll Khammam,PAEDIATRICS,750000,Info not available,2000000,1,1080
2,10029,Tel Govt-NS LOC,OPEN-GEN,Telangana,Prathima IMS Karimnagar,PAEDIATRICS,750000,Info not available,2000000,1,1060
2,10052,Tel Govt-NS LOC,OPEN-FEM,Telangana,Osmania Med Coll Hyderabad,ANAESTHESIOLOGY,10000, 50686,2000000,1,4800
2,10101,Tel Govt-NS LOC,SC-GEN,Telangana,Gandhi Med Coll Secunderabad,OBG,10000, 50686,2000000,1,1200
2,10197,Tel Govt-NS LOC,OPEN-GEN,Telangana,Kamineni IMS Narketpally,GENERAL MEDICINE,750000,Info not available,2000000,1,1060
2,10211,Tel Govt-NS LOC,MIN-FEM-MSM,Telangana,DCMS Hyderabad,RADIO DIAGNOSIS,775000,Info not available,2000000,1,1400
2,10218,Tel Govt-NS UNR,OPEN-GEN,Telangana,Osmania Med Coll Hyderabad,PSYCHIATRY,10000, 50686,2000000,1,4800
2,10222,Tel Govt-NS LOC,OPEN-GEN,Telangana,ESIC Med CollSanath Nagar,ANAESTHESIOLOGY, 250000,107800,1000000,2,690
2,10465,Tel Govt-NS LOC,MIN-FEM-MSM,Telangana,Shadan IMSRC Peerancheru,OBG,750000,Info not available,2000000,1,800
2,10502,Tel Govt-NS LOC,BCD-GEN,Telangana,Malla Reddy(Women) Hyderabad,GENERAL MEDICINE,700000,Info not available,2000000,1,1050
2,10544,Tel Govt-NS UNR,BCB-GEN,Telangana,Govt Med Coll Nizamabad,GENERAL SURGERY,10000, 50686,2000000,1,500
2,10595,Tel Govt-NS LOC,BCD-GEN,Telangana,SVS Med Coll Mehboobnagar,RADIO DIAGNOSIS,750000,Info not available,2000000,1,760
2,10665,Tel Govt-NS LOC,OPEN-FEM,Telangana,Gandhi Med Coll Secunderabad,OPHTHALMOLOGY,10000, 50686,2000000,1,1200
2,10674,Tel Govt-NS UNR,OPEN-FEM,Telangana,Kamineni (KAMSRC) Hyderabad,OBG,700000,Info not available,2000000,1,650
2,10686,Tel Govt-NS LOC,OPEN-GEN,Telangana,Gandhi Med Coll Secunderabad,ANAESTHESIOLOGY,10000, 50686,2000000,1,1200
2,10758,Tel Govt-NS LOC,BCD-FEM,Telangana,CAIMS Karimnagar,RADIO DIAGNOSIS,775000,Info not available,2000000,1,1000
2,10800,Tel Govt-NS UNR,OPEN-GEN,Telangana,Malla Reddy IMS Hyderabad,GENERAL SURGERY,700000,Info not available,2000000,1,940
2,10855,Tel Govt-NS LOC,OPEN-GEN,Telangana,Kamineni (KAMSRC) Hyderabad,DERMATOLOGY,700000,Info not available,2000000,1,650
2,10882,Tel Govt-NS UNR,BCD-GEN,Telangana,Mediciti IMS Ghanpur,GENERAL MEDICINE,700000,Info not available,2000000,1,720
2,10895,Tel Govt-NS LOC,OPEN-FEM,Telangana,Osmania Med Coll Hyderabad,OPHTHALMOLOGY,10000, 50686,2000000,1,4800
2,10914,Tel Govt-NS LOC,OPEN-FEM,Telangana,MNR Med Coll Sangareddy,GENERAL MEDICINE,700000,Info not available,2000000,1,760
2,10917,Tel Govt-NS LOC,OPEN-GEN,Telangana,Osmania Med Coll Hyderabad,ANAESTHESIOLOGY,10000, 50686,2000000,1,4800
2,10965,Tel Govt-NS LOC,OPEN-GEN,Telangana,Osmania Med Coll Hyderabad,ANAESTHESIOLOGY,10000, 50686,2000000,1,4800
2,10977,Tel Govt-NS LOC,BCA-FEM,Telangana,CAIMS Karimnagar,RADIO DIAGNOSIS,775000,Info not available,2000000,1,1000
2,10988,Tel Govt-NS UNR,BCB-GEN,Telangana,CAIMS Karimnagar,DERMATOLOGY,775000,Info not available,2000000,1,1000
2,11009,Tel Govt-NS LOC,OPEN-GEN,Telangana,Kamineni (KAMSRC) Hyderabad,PAEDIATRICS,700000,Info not available,2000000,1,650
2,11012,Tel Govt-NS LOC,OPEN-GEN,Telangana,Osmania Med Coll Hyderabad,OPHTHALMOLOGY,10000, 50686,2000000,1,4800
2,11060,Tel Govt-NS LOC,OPEN-GEN,Telangana,MNR Med Coll Sangareddy,GENERAL MEDICINE,700000,Info not available,2000000,1,760
2,11153,Tel Govt-NS LOC,BCB-GEN,Telangana,CAIMS Karimnagar,GENERAL MEDICINE,775000,Info not available,2000000,1,1000
2,11158,Tel Govt-NS LOC,MIN-GEN-MSM,Telangana,DCMS Hyderabad,RADIO DIAGNOSIS,775000,Info not available,2000000,1,1400
2,11176,Tel Govt-NS LOC,BCB-FEM,Telangana,CAIMS Karimnagar,GENERAL MEDICINE,775000,Info not available,2000000,1,1000
2,11206,Tel Govt-NS LOC,SC-GEN,Telangana,Malla Reddy IMS Hyderabad,RADIO DIAGNOSIS,700000,Info not available,2000000,1,940
2,11252,Tel Govt-NS LOC,BCB-GEN,Telangana,Govt Med Coll Nizamabad,GENERAL SURGERY,10000, 50686,2000000,1,500
2,11295,Tel Govt-NS LOC,BCD-GEN,Telangana,Malla Reddy(Women) Hyderabad,RADIO DIAGNOSIS,700000,Info not available,2000000,1,1050
2,11296,Tel Govt-NS LOC,OPEN-GEN,Telangana,Apollo IMSR Hyderabad,DERMATOLOGY,750000,Info not available,2000000,1,570
2,11299,Tel Govt-NS LOC,OPEN-FEM,Telangana,Mamata Med Coll Khammam,DERMATOLOGY,750000,Info not available,2000000,1,1080
2,11323,Tel Govt-NS LOC,BCB-GEN,Telangana,Kamineni (KAMSRC) Hyderabad,DERMATOLOGY,700000,Info not available,2000000,1,650
2,11483,Tel Govt-NS LOC,OPEN-GEN,Telangana,Osmania Med Coll Hyderabad,OPHTHALMOLOGY,10000, 50686,2000000,1,4800
2,11509,Tel Govt-NS LOC,OPEN-FEM,Telangana,Dr Patnam MRInstofMSChevella,GENERAL MEDICINE,-,-,-,-,-
2,11621,Tel Govt-NS LOC,OPEN-GEN,Telangana,Kamineni IMS Narketpally,DERMATOLOGY,750000,Info not available,2000000,1,1060
2,11773,Tel Govt-NS LOC,OPEN-GEN,Telangana,Gandhi Med Coll Secunderabad,ENT,10000, 50686,2000000,1,1200
2,11780,Tel Govt-NS LOC,OPEN-GEN,Telangana,Osmania Med Coll Hyderabad,ANAESTHESIOLOGY,10000, 50686,2000000,1,4800
2,11808,Tel Govt-NS LOC,OPEN-GEN,Telangana,Rajiv Gandhi IMS Adilabad,GENERAL SURGERY,10000, 50686,2000000,1,Info Not Available
2,11850,Tel Govt-NS LOC,BCA-FEM,Telangana,Gandhi Med Coll Secunderabad,GENERAL SURGERY,10000, 50686,2000000,1,1200
2,11851,Tel Govt-NS LOC,OPEN-GEN,Telangana,Osmania Med Coll Hyderabad,OPHTHALMOLOGY,10000, 50686,2000000,1,4800
2,11899,Tel Govt-NS LOC,OPEN-GEN,Telangana,Mahavir Inst of MS Vikarabad,GENERAL MEDICINE,700000,Info not available,2000000,1,700
2,11901,Tel Govt-NS UNR,OPEN-GEN,Telangana,CAIMS Karimnagar,OBG,775000,Info not available,2000000,1,1000
2,11950,Tel Govt-NS UNR,OPEN-GEN,Telangana,Osmania Med Coll Hyderabad,ENT,10000, 50686,2000000,1,4800
2,11961,Tel Govt-NS UNR,BCB-FEM,Telangana,MNR Med Coll Sangareddy,RADIO DIAGNOSIS,700000,Info not available,2000000,1,760
2,11963,Tel Govt-NS LOC,BCB-FEM,Telangana,Prathima IMS Karimnagar,PAEDIATRICS,750000,Info not available,2000000,1,1060
2,12000,Tel Govt-NS LOC,BCB-GEN,Telangana,Osmania Med Coll Hyderabad,ENT,10000, 50686,2000000,1,4800
2,12044,Tel Govt-NS LOC,OPEN-GEN,Telangana,NIMS Hyderabad,ORTHOPAEDICS,72000, 99969,5000000,1,1498
2,12109,Tel Govt-NS UNR,MIN-GEN-MSM,Telangana,Shadan IMSRC Peerancheru,GENERAL MEDICINE,750000,Info not available,2000000,1,800
2,12139,Tel Govt-NS LOC,OPEN-FEM,Telangana,Malla Reddy(Women) Hyderabad,PAEDIATRICS,700000,Info not available,2000000,1,1050
2,12294,Tel Govt-NS UNR,OPEN-FEM,Telangana,Prathima IMS Karimnagar,GENERAL SURGERY,750000,Info not available,2000000,1,1060
2,12295,Tel Govt-NS UNR,BCD-FEM,Telangana,SVS Med Coll Mehboobnagar,PAEDIATRICS,750000,Info not available,2000000,1,760
2,12297,Tel Govt-NS LOC,OPEN-FEM,Telangana,Prathima IMS Karimnagar,OBG,750000,Info not available,2000000,1,1060
2,12309,Tel Govt-NS LOC,OPEN-GEN,Telangana,Rajiv Gandhi IMS Adilabad,TBRD,10000, 50686,2000000,1,Info Not Available
2,12320,Tel Govt-NS LOC,BCA-FEM,Telangana,Gandhi Med Coll Secunderabad,TBRD,10000, 50686,2000000,1,1200
2,12339,Tel Govt-NS LOC,OPEN-GEN,Telangana,CAIMS Karimnagar,PAEDIATRICS,775000,Info not available,2000000,1,1000
2,12355,Tel Govt-NS LOC,OPEN-FEM,Telangana,Osmania Med Coll Hyderabad,OPHTHALMOLOGY,10000, 50686,2000000,1,4800
2,12358,Tel Govt-NS LOC,OPEN-GEN,Telangana,Osmania Med Coll Hyderabad,ORTHOPAEDICS,10000, 50686,2000000,1,4800
2,12363,Tel Govt-NS LOC,OPEN-GEN,Telangana,Kakatiya Med Coll Warangal,ORTHOPAEDICS,10000, 50686,2000000,1,1150
2,12392,Tel Govt-NS LOC,BCD-GEN,Telangana,Kakatiya Med Coll Warangal,GENERAL SURGERY,10000, 50686,2000000,1,1150
2,12552,Tel Govt-NS LOC,OPEN-GEN,Telangana,Kamineni IMS Narketpally,PAEDIATRICS,750000,Info not available,2000000,1,1060
2,12553,Tel Govt-NS LOC,BCA-GEN,Telangana,Mediciti IMS Ghanpur,RADIO DIAGNOSIS,700000,Info not available,2000000,1,720
2,12555,Tel Govt-NS LOC,BCB-GEN,Telangana,MNR Med Coll Sangareddy,GENERAL MEDICINE,700000,Info not available,2000000,1,760
2,12557,Tel Govt-NS LOC,OPEN-GEN,Telangana,Kakatiya Med Coll Warangal,EMERGENCY MEDICINE,10000, 50686,2000000,1,1150
2,12593,Tel Govt-NS LOC,BCB-GEN,Telangana,NIMS Hyderabad,ORTHOPAEDICS,72000, 99969,5000000,1,1498
2,12625,Tel Govt-NS UNR,BCB-GEN,Telangana,Gandhi Med Coll Secunderabad,ANAESTHESIOLOGY,10000, 50686,2000000,1,1200
2,12673,Tel Govt-NS LOC,BCC-GEN,Telangana,Osmania Med Coll Hyderabad,GENERAL SURGERY,10000, 50686,2000000,1,4800
2,12742,Tel Govt-NS LOC,OPEN-GEN,Telangana,Govt Med Coll Nizamabad,ORTHOPAEDICS,10000, 50686,2000000,1,500
2,12787,Tel Govt-NS LOC,BCB-FEM,Telangana,Kamineni IMS Narketpally,GENERAL MEDICINE,750000,Info not available,2000000,1,1060
2,12788,Tel Govt-NS LOC,MIN-GEN-MSM,Telangana,DCMS Hyderabad,GENERAL MEDICINE,775000,Info not available,2000000,1,1400
2,12860,Tel Govt-NS LOC,OPEN-GEN,Telangana,NIMS Hyderabad,RADIATION ONCOLOGY,72000, 99969,5000000,1,1498
2,12909,Tel Govt-NS LOC,OPEN-GEN,Telangana,Bhaskar Med Coll Yenkapally,DERMATOLOGY,750000,Info not available,2000000,1,850
2,13015,Tel Govt-NS LOC,OPEN-FEM,Telangana,Gandhi Med Coll Secunderabad,ORTHOPAEDICS,10000, 50686,2000000,1,1200
2,13170,Tel Govt-NS LOC,OPEN-FEM,Telangana,Osmania Med Coll Hyderabad,OPHTHALMOLOGY,10000, 50686,2000000,1,4800
2,13211,Tel Govt-NS LOC,SC-GEN,Telangana,Malla Reddy IMS Hyderabad,GENERAL MEDICINE,700000,Info not available,2000000,1,940
2,13253,Tel Govt-NS LOC,BCD-GEN,Telangana,Kamineni IMS Narketpally,RADIO DIAGNOSIS,750000,Info not available,2000000,1,1060
2,13283,Tel Govt-NS LOC,OPEN-FEM,Telangana,Osmania Med Coll Hyderabad,ANAESTHESIOLOGY,10000, 50686,2000000,1,4800
2,13337,Tel Govt-NS LOC,BCA-GEN,Telangana,Osmania Med Coll Hyderabad,ANAESTHESIOLOGY,10000, 50686,2000000,1,4800
2,13464,Tel Govt-NS LOC,BCD-FEM,Telangana,Rajiv Gandhi IMS Adilabad,GENERAL SURGERY,10000, 50686,2000000,1,Info Not Available
2,13486,Tel Govt-NS LOC,OPEN-FEM,Telangana,Malla Reddy IMS Hyderabad,OBG,700000,Info not available,2000000,1,940
2,13641,Tel Govt-NS LOC,BCA-GEN,Telangana,Prathima IMS Karimnagar,GENERAL MEDICINE,750000,Info not available,2000000,1,1060
2,13646,Tel Govt-NS LOC,BCB-GEN,Telangana,Govt Med Coll Nizamabad,TBRD,10000, 50686,2000000,1,500
2,13650,Tel Govt-NS LOC,OPEN-GEN,Telangana,Gandhi Med Coll Secunderabad,ANAESTHESIOLOGY,10000, 50686,2000000,1,1200
2,13744,Tel Govt-NS LOC,BCB-GEN,Telangana,Osmania Med Coll Hyderabad,ANAESTHESIOLOGY,10000, 50686,2000000,1,4800
2,13918,Tel Govt-NS LOC,BCD-GEN,Telangana,Mediciti IMS Ghanpur,DERMATOLOGY,700000,Info not available,2000000,1,720
2,13942,Tel Govt-NS LOC,OPEN-GEN,Telangana,ESIC Med CollSanath Nagar,OPHTHALMOLOGY, 250000,107800,1000000,2,690
2,13982,Tel Govt-NS LOC,OPEN-FEM,Telangana,Dr Patnam MRInstofMSChevella,PAEDIATRICS,-,-,-,-,-
2,14002,Tel Govt-NS LOC,BCD-GEN,Telangana,Osmania Med Coll Hyderabad,OPHTHALMOLOGY,10000, 50686,2000000,1,4800
2,14022,Tel Govt-NS UNR,BCB-GEN,Telangana,Prathima IMS Karimnagar,OBG,750000,Info not available,2000000,1,1060
2,14093,Tel Govt-NS LOC,OPEN-GEN,Telangana,Malla Reddy IMS Hyderabad,GENERAL SURGERY,700000,Info not available,2000000,1,940
2,14149,Tel Govt-NS LOC,OPEN-GEN,Telangana,Malla Reddy IMS Hyderabad,OBG,700000,Info not available,2000000,1,940
2,14153,Tel Govt-NS LOC,BCE-FEM,Telangana,Mediciti IMS Ghanpur,RADIO DIAGNOSIS,700000,Info not available,2000000,1,720
2,14167,Tel Govt-NS LOC,BCB-GEN,Telangana,Osmania Med Coll Hyderabad,ORTHOPAEDICS,10000, 50686,2000000,1,4800
2,14192,Tel Govt-NS LOC,BCD-FEM,Telangana,Surabhi InstituteofMSSiddipet,GENERAL MEDICINE,775000,Info not available,2000000,1,-
2,14212,Tel Govt-NS LOC,OPEN-GEN,Telangana,Rajiv Gandhi IMS Adilabad,ORTHOPAEDICS,10000, 50686,2000000,1,Info Not Available
2,14234,Tel Govt-NS LOC,OPEN-FEM,Telangana,Osmania Med Coll Hyderabad,ANAESTHESIOLOGY,10000, 50686,2000000,1,4800
2,14241,Tel Govt-NS UNR,SC-GEN,Telangana,Osmania Med Coll Hyderabad,PAEDIATRICS,10000, 50686,2000000,1,4800
2,14263,Tel Govt-NS LOC,OPEN-FEM,Telangana,Kakatiya Med Coll Warangal,OPHTHALMOLOGY,10000, 50686,2000000,1,1150
2,14273,Tel Govt-NS UNR,BCA-FEM,Telangana,Gandhi Med Coll Secunderabad,ORTHOPAEDICS,10000, 50686,2000000,1,1200
2,14521,Tel Govt-NS LOC,OPEN-FEM,Telangana,Osmania Med Coll Hyderabad,PSYCHIATRY,10000, 50686,2000000,1,4800
2,14563,Tel Govt-NS UNR,OPEN-GEN,Telangana,SVS Med Coll Mehboobnagar,ORTHOPAEDICS,750000,Info not available,2000000,1,760
2,14640,Tel Govt-NS LOC,OPEN-GEN,Telangana,Prathima IMS Karimnagar,TBRD,750000,Info not available,2000000,1,1060
2,14644,Tel Govt-NS LOC,MIN-GEN-MSM,Telangana,DCMS Hyderabad,PAEDIATRICS,775000,Info not available,2000000,1,1400
2,14651,Tel Govt-NS LOC,SC-FEM,Telangana,Osmania Med Coll Hyderabad,OBG,10000, 50686,2000000,1,4800
2,14652,Tel Govt-NS LOC,BCD-GEN,Telangana,Malla Reddy(Women) Hyderabad,PAEDIATRICS,700000,Info not available,2000000,1,1050
2,14657,Tel Govt-NS LOC,OPEN-GEN,Telangana,Malla Reddy IMS Hyderabad,OBG,700000,Info not available,2000000,1,940
2,14658,Tel Govt-NS LOC,BCB-FEM,Telangana,Mahavir Inst of MS Vikarabad,DERMATOLOGY,700000,Info not available,2000000,1,700
2,14670,Tel Govt-NS LOC,BCD-FEM,Telangana,Malla Reddy IMS Hyderabad,DERMATOLOGY,700000,Info not available,2000000,1,940
2,14678,Tel Govt-NS UNR,MIN-GEN-MSM,Telangana,Shadan IMSRC Peerancheru,RADIO DIAGNOSIS,750000,Info not available,2000000,1,800
2,14729,Tel Govt-NS LOC,OPEN-FEM,Telangana,Osmania Med Coll Hyderabad,RADIATION ONCOLOGY,10000, 50686,2000000,1,4800
2,14764,Tel Govt-NS LOC,OPEN-GEN,Telangana,SVS Med Coll Mehboobnagar,OBG,750000,Info not available,2000000,1,760
2,14801,Tel Govt-NS LOC,OPEN-GEN,Telangana,Apollo IMSR Hyderabad,GENERAL SURGERY,750000,Info not available,2000000,1,570
2,14813,Tel Govt-NS LOC,OPEN-GEN,Telangana,Govt Med Coll Nizamabad,OPHTHALMOLOGY,10000, 50686,2000000,1,500
2,14857,Tel Govt-NS LOC,BCD-GEN,Telangana,Kakatiya Med Coll Warangal,ORTHOPAEDICS,10000, 50686,2000000,1,1150
2,15010,Tel Govt-NS LOC,BCA-GEN,Telangana,Osmania Med Coll Hyderabad,OPHTHALMOLOGY,10000, 50686,2000000,1,4800
2,15080,Tel Govt-NS LOC,BCB-GEN,Telangana,MNR Med Coll Sangareddy,PAEDIATRICS,700000,Info not available,2000000,1,760
2,15159,Tel Govt-NS LOC,OPEN-GEN,Telangana,Prathima IMS Karimnagar,GENERAL SURGERY,750000,Info not available,2000000,1,1060
2,15169,Tel Govt-NS LOC,MIN-GEN-MSM,Telangana,DCMS Hyderabad,PAEDIATRICS,775000,Info not available,2000000,1,1400
2,15184,Tel Govt-NS LOC,OPEN-GEN,Telangana,Kamineni (KAMSRC) Hyderabad,OBG,700000,Info not available,2000000,1,650
2,15199,Tel Govt-NS LOC,OPEN-GEN,Telangana,Osmania Med Coll Hyderabad,ENT,10000, 50686,2000000,1,4800
2,15268,Tel Govt-NS LOC,ST-GEN,Telangana,Osmania Med Coll Hyderabad,RADIO DIAGNOSIS,10000, 50686,2000000,1,4800
2,15284,Tel Govt-NS UNR,SC-GEN,Telangana,NIMS Hyderabad,ORTHOPAEDICS,72000, 99969,5000000,1,1498
2,15330,Tel Govt-NS LOC,BCD-GEN,Telangana,Rajiv Gandhi IMS Adilabad,TBRD,10000, 50686,2000000,1,Info Not Available
2,15366,Tel Govt-NS LOC,OPEN-GEN,Telangana,Prathima IMS Karimnagar,OBG,750000,Info not available,2000000,1,1060
2,15411,Tel Govt-NS LOC,OPEN-FEM,Telangana,SVS Med Coll Mehboobnagar,GENERAL SURGERY,750000,Info not available,2000000,1,760
2,15463,Tel Govt-NS LOC,OPEN-GEN,Telangana,Kamineni IMS Narketpally,GENERAL SURGERY,750000,Info not available,2000000,1,1060
2,15594,Tel Govt-NS LOC,OPEN-GEN,Telangana,Malla Reddy IMS Hyderabad,GENERAL SURGERY,700000,Info not available,2000000,1,940
2,15703,Tel Govt-NS UNR,OPEN-GEN,Telangana,Kakatiya Med Coll Warangal,ANAESTHESIOLOGY,10000, 50686,2000000,1,1150
2,15761,Tel Govt-NS LOC,SC-GEN,Telangana,Gandhi Med Coll Secunderabad,PAEDIATRICS,10000, 50686,2000000,1,1200
2,15899,Tel Govt-NS LOC,OPEN-GEN,Telangana,Apollo IMSR Hyderabad,OBG,750000,Info not available,2000000,1,570
2,15960,Tel Govt-NS LOC,BCB-GEN,Telangana,RVM IMSRC Siddipet,PAEDIATRICS,700000,Info not available,2000000,1,1110
2,16044,Tel Govt-NS LOC,OPEN-GEN,Telangana,Bhaskar Med Coll Yenkapally,OBG,750000,Info not available,2000000,1,850
2,16050,Tel Govt-NS LOC,BCB-GEN,Telangana,Dr Patnam MRInstofMSChevella,PAEDIATRICS,-,-,-,-,-
2,16073,Tel Govt-NS LOC,BCB-GEN,Telangana,Osmania Med Coll Hyderabad,OPHTHALMOLOGY,10000, 50686,2000000,1,4800
2,16116,Tel Govt-NS LOC,MIN-FEM-MSM,Telangana,DCMS Hyderabad,DERMATOLOGY,775000,Info not available,2000000,1,1400
2,16183,Tel Govt-NS LOC,BCD-FEM,Telangana,Osmania Med Coll Hyderabad,ANAESTHESIOLOGY,10000, 50686,2000000,1,4800
2,16242,Tel Govt-NS LOC,OPEN-GEN,Telangana,Mamata Med Coll Khammam,OBG,750000,Info not available,2000000,1,1080
2,16272,Tel Govt-NS UNR,BCA-GEN,Telangana,Mamata Med Coll Khammam,GENERAL MEDICINE,750000,Info not available,2000000,1,1080
2,16293,Tel Govt-NS LOC,OPEN-FEM,Telangana,Gandhi Med Coll Secunderabad,ENT,10000, 50686,2000000,1,1200
2,16332,Tel Govt-NS LOC,BCB-GEN,Telangana,ESIC Med CollSanath Nagar,OPHTHALMOLOGY, 250000,107800,1000000,2,690
2,16364,Tel Govt-NS LOC,OPEN-GEN,Telangana,Mamata Med Coll Khammam,TBRD,750000,Info not available,2000000,1,1080
2,16442,Tel Govt-NS UNR,BCB-GEN,Telangana,Kakatiya Med Coll Warangal,OPHTHALMOLOGY,10000, 50686,2000000,1,1150
2,16447,Tel Govt-NS LOC,BCA-GEN,Telangana,Bhaskar Med Coll Yenkapally,GENERAL MEDICINE,750000,Info not available,2000000,1,850
2,16451,Tel Govt-NS LOC,BCD-GEN,Telangana,Malla Reddy IMS Hyderabad,OBG,700000,Info not available,2000000,1,940
2,16479,Tel Govt-NS LOC,OPEN-FEM,Telangana,ESIC Med CollSanath Nagar,ENT, 250000,107800,1000000,2,690
2,16514,Tel Govt-NS LOC,OPEN-FEM,Telangana,Kakatiya Med Coll Warangal,ANAESTHESIOLOGY,10000, 50686,2000000,1,1150
2,16523,Tel Govt-NS LOC,OPEN-FEM,Telangana,Surabhi InstituteofMSSiddipet,PAEDIATRICS,775000,Info not available,2000000,1,-
2,16526,Tel Govt-NS LOC,MIN-FEM-MSM,Telangana,DCMS Hyderabad,OBG,775000,Info not available,2000000,1,1400
2,16530,Tel Govt-NS LOC,OPEN-GEN,Telangana,Kamineni IMS Narketpally,OBG,750000,Info not available,2000000,1,1060
2,16544,Tel Govt-NS UNR,SC-GEN,Telangana,Rajiv Gandhi IMS Adilabad,DERMATOLOGY,10000, 50686,2000000,1,Info Not Available
2,16600,Tel Govt-NS LOC,BCD-GEN,Telangana,NIMS Hyderabad,RADIATION ONCOLOGY,72000, 99969,5000000,1,1498
2,16646,Tel Govt-NS LOC,OPEN-GEN,Telangana,Bhaskar Med Coll Yenkapally,GENERAL SURGERY,750000,Info not available,2000000,1,850
2,16657,Tel Govt-NS LOC,OPEN-FEM,Telangana,Surabhi InstituteofMSSiddipet,OBG,775000,Info not available,2000000,1,-
2,16679,Tel Govt-NS LOC,BCE-GEN,Telangana,Bhaskar Med Coll Yenkapally,RADIO DIAGNOSIS,750000,Info not available,2000000,1,850
2,16770,Tel Govt-NS UNR,BCB-GEN,Telangana,Govt Med Coll Nizamabad,ANAESTHESIOLOGY,10000, 50686,2000000,1,500
2,16786,Tel Govt-NS LOC,BCE-GEN,Telangana,Malla Reddy IMS Hyderabad,OBG,700000,Info not available,2000000,1,940
2,16788,Tel Govt-NS LOC,BCD-GEN,Telangana,Gandhi Med Coll Secunderabad,ANAESTHESIOLOGY,10000, 50686,2000000,1,1200
2,16803,Tel Govt-NS LOC,MIN-FEM-MSM,Telangana,Shadan IMSRC Peerancheru,GENERAL MEDICINE,750000,Info not available,2000000,1,800
2,16817,Tel Govt-NS LOC,OPEN-GEN,Telangana,Rajiv Gandhi IMS Adilabad,ANAESTHESIOLOGY,10000, 50686,2000000,1,Info Not Available
2,16823,Tel Govt-NS LOC,OPEN-GEN,Telangana,Mediciti IMS Ghanpur,OBG,700000,Info not available,2000000,1,720
2,16876,Tel Govt-NS UNR,BCB-GEN,Telangana,Malla Reddy IMS Hyderabad,TBRD,700000,Info not available,2000000,1,940
2,16904,Tel Govt-NS LOC,OPEN-GEN,Telangana,Kakatiya Med Coll Warangal,OPHTHALMOLOGY,10000, 50686,2000000,1,1150
2,16951,Tel Govt-NS LOC,BCC-FEM,Telangana,Gandhi Med Coll Secunderabad,OBG,10000, 50686,2000000,1,1200
2,16974,Tel Govt-NS LOC,OPEN-FEM,Telangana,NIMS Hyderabad,PATHOLOGY,72000, 99969,5000000,1,1498
2,17142,Tel Govt-NS LOC,SC-GEN,Telangana,Kakatiya Med Coll Warangal,PAEDIATRICS,10000, 50686,2000000,1,1150
2,17143,Tel Govt-NS LOC,BCB-FEM,Telangana,Govt Med Coll Siddipet,OPHTHALMOLOGY,10000, 50686,2000000,1,-
2,17145,Tel Govt-NS UNR,BCA-GEN,Telangana,Mediciti IMS Ghanpur,OBG,700000,Info not available,2000000,1,720
2,17153,Tel Govt-NS LOC,OPEN-GEN,Telangana,Kakatiya Med Coll Warangal,ENT,10000, 50686,2000000,1,1150
2,17162,Tel Govt-NS LOC,OPEN-GEN,Telangana,Govt Med Coll Siddipet,ENT,10000, 50686,2000000,1,-
2,17236,Tel Govt-NS LOC,MIN-GEN-MSM,Telangana,Shadan IMSRC Peerancheru,RADIO DIAGNOSIS,750000,Info not available,2000000,1,800
2,17252,Tel Govt-NS LOC,MIN-GEN-MSM,Telangana,Shadan IMSRC Peerancheru,DERMATOLOGY,750000,Info not available,2000000,1,800
2,17358,Tel Govt-NS LOC,BCA-GEN,Telangana,Malla Reddy IMS Hyderabad,PAEDIATRICS,700000,Info not available,2000000,1,940
2,17407,Tel Govt-NS LOC,OPEN-GEN,Telangana,SVS Med Coll Mehboobnagar,GENERAL SURGERY,750000,Info not available,2000000,1,760
2,17459,Tel Govt-NS LOC,OPEN-FEM,Telangana,MNR Med Coll Sangareddy,OBG,700000,Info not available,2000000,1,760
2,17498,Tel Govt-NS UNR,SC-GEN,Telangana,Mamata Med Coll Khammam,RADIO DIAGNOSIS,750000,Info not available,2000000,1,1080
2,17512,Tel Govt-NS LOC,OPEN-GEN,Telangana,Osmania Med Coll Hyderabad,PSYCHIATRY,10000, 50686,2000000,1,4800
2,17605,Tel Govt-NS LOC,OPEN-FEM,Telangana,Kamineni (KAMSRC) Hyderabad,GENERAL SURGERY,700000,Info not available,2000000,1,650
2,17658,Tel Govt-NS LOC,BCB-FEM,Telangana,Kamineni IMS Narketpally,OBG,750000,Info not available,2000000,1,1060
2,17708,Tel Govt-NS LOC,BCE-GEN,Telangana,Prathima IMS Karimnagar,GENERAL MEDICINE,750000,Info not available,2000000,1,1060
2,17729,Tel Govt-NS LOC,OPEN-GEN,Telangana,Malla Reddy(Women) Hyderabad,TBRD,700000,Info not available,2000000,1,1050
2,17744,Tel Govt-NS LOC,BCB-GEN,Telangana,SVS Med Coll Mehboobnagar,GENERAL SURGERY,750000,Info not available,2000000,1,760
2,17746,Tel Govt-NS LOC,OPEN-GEN,Telangana,Rajiv Gandhi IMS Adilabad,ENT,10000, 50686,2000000,1,Info Not Available
2,17818,Tel Govt-NS LOC,OPEN-GEN,Telangana,CAIMS Karimnagar,GENERAL SURGERY,775000,Info not available,2000000,1,1000
2,17966,Tel Govt-NS LOC,BCA-GEN,Telangana,Gandhi Med Coll Secunderabad,ENT,10000, 50686,2000000,1,1200
2,18016,Tel Govt-NS LOC,SC-GEN,Telangana,Gandhi Med Coll Secunderabad,GENERAL SURGERY,10000, 50686,2000000,1,1200
2,18090,Tel Govt-NS LOC,SC-FEM,Telangana,Osmania Med Coll Hyderabad,PAEDIATRICS,10000, 50686,2000000,1,4800
2,18196,Tel Govt-NS LOC,BCD-GEN,Telangana,Bhaskar Med Coll Yenkapally,PAEDIATRICS,750000,Info not available,2000000,1,850
2,18392,Tel Govt-NS LOC,BCE-GEN,Telangana,Osmania Med Coll Hyderabad,ANAESTHESIOLOGY,10000, 50686,2000000,1,4800
2,18458,Tel Govt-NS LOC,BCB-GEN,Telangana,Bhaskar Med Coll Yenkapally,OBG,750000,Info not available,2000000,1,850
2,18492,Tel Govt-NS LOC,SC-GEN,Telangana,Osmania Med Coll Hyderabad,OBG,10000, 50686,2000000,1,4800
2,18493,Tel Govt-NS LOC,MIN-GEN-MSM,Telangana,Shadan IMSRC Peerancheru,GENERAL MEDICINE,750000,Info not available,2000000,1,800
2,18589,Tel Govt-NS UNR,BCB-GEN,Telangana,Prathima IMS Karimnagar,GENERAL SURGERY,750000,Info not available,2000000,1,1060
2,18720,Tel Govt-NS LOC,BCA-GEN,Telangana,Prathima IMS Karimnagar,OBG,750000,Info not available,2000000,1,1060
2,18732,Tel Govt-NS UNR,MIN-FEM-MSM,Telangana,DCMS Hyderabad,OBG,775000,Info not available,2000000,1,1400
2,18745,Tel Govt-NS LOC,BCD-GEN,Telangana,Apollo IMSR Hyderabad,OBG,750000,Info not available,2000000,1,570
2,18759,Tel Govt-NS LOC,OPEN-GEN-PHO,Telangana,NIMS Hyderabad,RADIO DIAGNOSIS,72000, 99969,5000000,1,1498
2,18823,Tel Govt-NS LOC,ST-FEM,Telangana,NIMS Hyderabad,GENERAL MEDICINE,72000, 99969,5000000,1,1498
2,18853,Tel Govt-NS LOC,MIN-GEN-MSM,Telangana,Shadan IMSRC Peerancheru,PAEDIATRICS,750000,Info not available,2000000,1,800
2,18963,Tel Govt-NS LOC,BCB-GEN,Telangana,Surabhi InstituteofMSSiddipet,OBG,775000,Info not available,2000000,1,-
2,18991,Tel Govt-NS LOC,OPEN-FEM,Telangana,Osmania Med Coll Hyderabad,ORTHOPAEDICS,10000, 50686,2000000,1,4800
2,18995,Tel Govt-NS UNR,SC-GEN,Telangana,Osmania Med Coll Hyderabad,GENERAL SURGERY,10000, 50686,2000000,1,4800
2,19058,Tel Govt-NS LOC,SC-FEM,Telangana,Govt Med Coll Nizamabad,GENERAL MEDICINE,10000, 50686,2000000,1,500
2,19087,Tel Govt-NS LOC,OPEN-FEM,Telangana,Mediciti IMS Ghanpur,TBRD,700000,Info not available,2000000,1,720
2,19115,Tel Govt-NS LOC,OPEN-FEM,Telangana,Malla Reddy IMS Hyderabad,GENERAL SURGERY,700000,Info not available,2000000,1,940
2,19116,Tel Govt-NS LOC,SC-FEM,Telangana,Kakatiya Med Coll Warangal,OBG,10000, 50686,2000000,1,1150
2,19118,Tel Govt-NS LOC,OPEN-GEN,Telangana,Osmania Med Coll Hyderabad,RADIATION ONCOLOGY,10000, 50686,2000000,1,4800
2,19273,Tel Govt-NS LOC,OPEN-FEM,Telangana,Malla Reddy IMS Hyderabad,GENERAL SURGERY,700000,Info not available,2000000,1,940
2,19520,Tel Govt-NS LOC,OPEN-GEN,Telangana,Apollo IMSR Hyderabad,ANAESTHESIOLOGY,750000,Info not available,2000000,1,570
2,19566,Tel Govt-NS LOC,BCD-GEN,Telangana,MNR Med Coll Sangareddy,DERMATOLOGY,700000,Info not available,2000000,1,760
2,19606,Tel Govt-NS LOC,OPEN-GEN,Telangana,Gandhi Med Coll Secunderabad,PSYCHIATRY,10000, 50686,2000000,1,1200
2,19655,Tel Govt-NS LOC,OPEN-GEN,Telangana,Govt Med Coll Siddipet,OPHTHALMOLOGY,10000, 50686,2000000,1,-
2,19660,Tel Govt-NS LOC,OPEN-GEN,Telangana,CAIMS Karimnagar,OPHTHALMOLOGY,775000,Info not available,2000000,1,1000
2,19700,Tel Govt-NS LOC,MIN-GEN-MSM,Telangana,DCMS Hyderabad,TBRD,775000,Info not available,2000000,1,1400
2,19809,Tel Govt-NS LOC,BCE-GEN,Telangana,Gandhi Med Coll Secunderabad,OPHTHALMOLOGY,10000, 50686,2000000,1,1200
2,19936,Tel Govt-NS LOC,BCA-FEM,Telangana,Bhaskar Med Coll Yenkapally,DERMATOLOGY,750000,Info not available,2000000,1,850
2,20203,Tel Govt-NS LOC,BCD-GEN,Telangana,Govt Med Coll Nizamabad,ENT,10000, 50686,2000000,1,500
2,20242,Tel Govt-NS LOC,SC-GEN,Telangana,Kamineni (KAMSRC) Hyderabad,GENERAL MEDICINE,700000,Info not available,2000000,1,650
2,20350,Tel Govt-NS LOC,BCB-FEM,Telangana,Kakatiya Med Coll Warangal,ANAESTHESIOLOGY,10000, 50686,2000000,1,1150
2,20439,Tel Govt-NS LOC,OPEN-FEM,Telangana,Apollo IMSR Hyderabad,EMERGENCY MEDICINE,-,-,-,-,570
2,20485,Tel Govt-NS UNR,OPEN-FEM,Telangana,Malla Reddy(Women) Hyderabad,ANAESTHESIOLOGY,700000,Info not available,2000000,1,1050
2,20501,Tel Govt-NS LOC,BCA-GEN,Telangana,Apollo IMSR Hyderabad,PAEDIATRICS,750000,Info not available,2000000,1,570
2,20514,Tel Govt-NS LOC,OPEN-GEN,Telangana,Prathima IMS Karimnagar,OPHTHALMOLOGY,750000,Info not available,2000000,1,1060
2,20552,Tel Govt-NS UNR,SC-GEN,Telangana,Osmania Med Coll Hyderabad,OBG,10000, 50686,2000000,1,4800
2,20555,Tel Govt-NS LOC,BCB-GEN,Telangana,Gandhi Med Coll Secunderabad,ENT,10000, 50686,2000000,1,1200
2,20556,Tel Govt-NS LOC,OPEN-GEN,Telangana,Prathima IMS Karimnagar,GENERAL SURGERY,750000,Info not available,2000000,1,1060
2,20632,Tel Govt-NS LOC,OPEN-GEN,Telangana,NIMS Hyderabad,PATHOLOGY,72000, 99969,5000000,1,1498
2,20737,Tel Govt-NS LOC,SC-FEM,Telangana,Osmania Med Coll Hyderabad,GENERAL SURGERY,10000, 50686,2000000,1,4800
2,20792,Tel Govt-NS LOC,BCD-FEM,Telangana,Mahavir Inst of MS Vikarabad,GENERAL MEDICINE,700000,Info not available,2000000,1,700
2,21083,Tel Govt-NS LOC,OPEN-FEM,Telangana,CAIMS Karimnagar,TBRD,775000,Info not available,2000000,1,1000
2,21219,Tel Govt-NS LOC,OPEN-GEN,Telangana,Malla Reddy IMS Hyderabad,OPHTHALMOLOGY,700000,Info not available,2000000,1,940
2,21300,Tel Govt-NS LOC,BCA-GEN,Telangana,Rajiv Gandhi IMS Adilabad,ANAESTHESIOLOGY,10000, 50686,2000000,1,Info Not Available
2,21305,Tel Govt-NS LOC,OPEN-GEN,Telangana,Malla Reddy IMS Hyderabad,EMERGENCY MEDICINE,-,-,-,-,940
2,21308,Tel Govt-NS LOC,OPEN-GEN,Telangana,MNR Med Coll Sangareddy,GENERAL SURGERY,700000,Info not available,2000000,1,760
2,21314,Tel Govt-NS LOC,OPEN-GEN,Telangana,Osmania Med Coll Hyderabad,PSYCHIATRY,10000, 50686,2000000,1,4800
2,21377,Tel Govt-NS LOC,BCB-GEN,Telangana,Kamineni IMS Narketpally,GENERAL SURGERY,750000,Info not available,2000000,1,1060
2,21542,Tel Govt-NS LOC,BCA-GEN,Telangana,Kamineni IMS Narketpally,GENERAL MEDICINE,750000,Info not available,2000000,1,1060
2,21615,Tel Govt-NS LOC,OPEN-FEM,Telangana,Malla Reddy IMS Hyderabad,ENT,700000,Info not available,2000000,1,940
2,21758,Tel Govt-NS LOC,BCB-GEN,Telangana,Rajiv Gandhi IMS Adilabad,ENT,10000, 50686,2000000,1,Info Not Available
2,21899,Tel Govt-NS LOC,BCE-GEN,Telangana,CAIMS Karimnagar,PAEDIATRICS,775000,Info not available,2000000,1,1000
2,21965,Tel Govt-NS UNR,BCD-GEN,Telangana,MNR Med Coll Sangareddy,OBG,700000,Info not available,2000000,1,760
2,22120,Tel Govt-NS LOC,OPEN-FEM,Telangana,Mamata Med Coll Khammam,GENERAL SURGERY,750000,Info not available,2000000,1,1080
2,22201,Tel Govt-NS UNR,OPEN-GEN,Telangana,Osmania Med Coll Hyderabad,PATHOLOGY,10000, 50686,2000000,1,4800
2,22207,Tel Govt-NS LOC,BCD-FEM,Telangana,Apollo IMSR Hyderabad,TBRD,750000,Info not available,2000000,1,570
2,22215,Tel Govt-NS UNR,BCA-FEM,Telangana,MNR Med Coll Sangareddy,PAEDIATRICS,700000,Info not available,2000000,1,760
2,22267,Tel Govt-NS LOC,ST-GEN,Telangana,Kakatiya Med Coll Warangal,GENERAL MEDICINE,10000, 50686,2000000,1,1150
2,22293,Tel Govt-NS LOC,SC-GEN,Telangana,ESIC Med CollSanath Nagar,GENERAL SURGERY, 250000,107800,1000000,2,690
2,22344,Tel Govt-NS LOC,OPEN-GEN,Telangana,Mediciti IMS Ghanpur,GENERAL SURGERY,700000,Info not available,2000000,1,720
2,22369,Tel Govt-NS LOC,SC-GEN,Telangana,Osmania Med Coll Hyderabad,TBRD,10000, 50686,2000000,1,4800
2,22434,Tel Govt-NS LOC,BCB-GEN,Telangana,Osmania Med Coll Hyderabad,PSYCHIATRY,10000, 50686,2000000,1,4800
2,22448,Tel Govt-NS LOC,MIN-GEN-MSM,Telangana,Shadan IMSRC Peerancheru,TBRD,750000,Info not available,2000000,1,800
2,22463,Tel Govt-NS LOC,ST-GEN,Telangana,Gandhi Med Coll Secunderabad,GENERAL MEDICINE,10000, 50686,2000000,1,1200
2,22587,Tel Govt-NS LOC,OPEN-GEN,Telangana,MNR Med Coll Sangareddy,TBRD,700000,Info not available,2000000,1,760
2,22602,Tel Govt-NS UNR,OPEN-GEN,Telangana,CAIMS Karimnagar,ANAESTHESIOLOGY,775000,Info not available,2000000,1,1000
2,22684,Tel Govt-NS UNR,BCE-GEN,Telangana,SVS Med Coll Mehboobnagar,OBG,750000,Info not available,2000000,1,760
2,22749,Tel Govt-NS LOC,SC-FEM,Telangana,SVS Med Coll Mehboobnagar,GENERAL MEDICINE,750000,Info not available,2000000,1,760
2,22803,Tel Govt-NS LOC,SC-GEN,Telangana,Prathima IMS Karimnagar,RADIO DIAGNOSIS,750000,Info not available,2000000,1,1060
2,22820,Tel Govt-NS LOC,BCB-FEM,Telangana,Gandhi Med Coll Secunderabad,ORTHOPAEDICS,10000, 50686,2000000,1,1200
2,22852,Tel Govt-NS LOC,OPEN-GEN,Telangana,Dr Patnam MRInstofMSChevella,GENERAL SURGERY,-,-,-,-,-
2,22853,Tel Govt-NS LOC,OPEN-FEM,Telangana,Osmania Med Coll Hyderabad,PATHOLOGY,10000, 50686,2000000,1,4800
2,22889,Tel Govt-NS LOC,BCA-GEN,Telangana,Kamineni (KAMSRC) Hyderabad,TBRD,700000,Info not available,2000000,1,650
2,22934,Tel Govt-NS LOC,MIN-FEM-MSM,Telangana,DrVRK Womens MedCollAziznagar,OBG,700000,Info not available,2000000,1,500
2,22952,Tel Govt-NS LOC,SC-GEN,Telangana,MNR Med Coll Sangareddy,RADIO DIAGNOSIS,700000,Info not available,2000000,1,760
2,22955,Tel Govt-NS LOC,BCE-FEM,Telangana,Mamata Med Coll Khammam,GENERAL MEDICINE,750000,Info not available,2000000,1,1080
2,22999,Tel Govt-NS LOC,BCA-FEM,Telangana,Dr Patnam MRInstofMSChevella,GENERAL MEDICINE,-,-,-,-,-
2,23038,Tel Govt-NS LOC,BCE-GEN,Telangana,Rajiv Gandhi IMS Adilabad,ORTHOPAEDICS,10000, 50686,2000000,1,Info Not Available
2,23213,Tel Govt-NS LOC,OPEN-FEM,Telangana,Malla Reddy(Women) Hyderabad,OPHTHALMOLOGY,700000,Info not available,2000000,1,1050
2,23214,Tel Govt-NS UNR,MIN-FEM-MSM,Telangana,DrVRK Womens MedCollAziznagar,PAEDIATRICS,700000,Info not available,2000000,1,500
2,23223,Tel Govt-NS LOC,OPEN-GEN,Telangana,ESIC Med CollSanath Nagar,PSYCHIATRY, 250000,107800,1000000,2,690
2,23231,Tel Govt-NS LOC,OPEN-GEN,Telangana,Gandhi Med Coll Secunderabad,PATHOLOGY,10000, 50686,2000000,1,1200
2,23261,Tel Govt-NS LOC,OPEN-FEM,Telangana,CAIMS Karimnagar,ANAESTHESIOLOGY,775000,Info not available,2000000,1,1000
2,23319,Tel Govt-NS LOC,BCB-FEM,Telangana,Malla Reddy IMS Hyderabad,GENERAL SURGERY,700000,Info not available,2000000,1,940
2,23362,Tel Govt-NS LOC,OPEN-FEM,Telangana,Osmania Med Coll Hyderabad,PATHOLOGY,10000, 50686,2000000,1,4800
2,23363,Tel Govt-NS UNR,OPEN-FEM,Telangana,Kakatiya Med Coll Warangal,ORTHOPAEDICS,10000, 50686,2000000,1,1150
2,23408,Tel Govt-NS LOC,BCE-GEN,Telangana,Kakatiya Med Coll Warangal,ANAESTHESIOLOGY,10000, 50686,2000000,1,1150
2,23435,Tel Govt-NS LOC,MIN-GEN-MSM,Telangana,DCMS Hyderabad,GENERAL SURGERY,775000,Info not available,2000000,1,1400
2,23452,Tel Govt-NS LOC,SC-GEN,Telangana,CAIMS Karimnagar,GENERAL MEDICINE,775000,Info not available,2000000,1,1000
2,23453,Tel Govt-NS LOC,OPEN-FEM,Telangana,Prathima IMS Karimnagar,GENERAL SURGERY,750000,Info not available,2000000,1,1060
2,23470,Tel Govt-NS LOC,OPEN-GEN,Telangana,Prathima IMS Karimnagar,ORTHOPAEDICS,750000,Info not available,2000000,1,1060
2,23483,Tel Govt-NS LOC,OPEN-FEM,Telangana,CAIMS Karimnagar,GENERAL SURGERY,775000,Info not available,2000000,1,1000
2,23537,Tel Govt-NS LOC,BCD-GEN,Telangana,Malla Reddy(Women) Hyderabad,GENERAL SURGERY,700000,Info not available,2000000,1,1050
2,23555,Tel Govt-NS UNR,SC-GEN,Telangana,Kamineni IMS Narketpally,GENERAL MEDICINE,750000,Info not available,2000000,1,1060
2,23617,Tel Govt-NS LOC,OPEN-GEN,Telangana,Mamata Med Coll Khammam,ENT,750000,Info not available,2000000,1,1080
2,23667,Tel Govt-NS LOC,OPEN-GEN,Telangana,SVS Med Coll Mehboobnagar,OPHTHALMOLOGY,750000,Info not available,2000000,1,760
2,23669,Tel Govt-NS LOC,SC-GEN,Telangana,NIMS Hyderabad,ANAESTHESIOLOGY,72000, 99969,5000000,1,1498
2,23672,Tel Govt-NS UNR,OPEN-FEM,Telangana,Bhaskar Med Coll Yenkapally,OPHTHALMOLOGY,750000,Info not available,2000000,1,850
2,23750,Tel Govt-NS LOC,SC-GEN,Telangana,Kakatiya Med Coll Warangal,GENERAL SURGERY,10000, 50686,2000000,1,1150
2,23776,Tel Govt-NS LOC,BCB-FEM,Telangana,MNR Med Coll Sangareddy,TBRD,700000,Info not available,2000000,1,760
2,23777,Tel Govt-NS UNR,BCD-FEM,Telangana,Kamineni (KAMSRC) Hyderabad,GENERAL SURGERY,700000,Info not available,2000000,1,650
2,23860,Tel Govt-NS LOC,BCE-FEM,Telangana,Mamata Med Coll Khammam,PAEDIATRICS,750000,Info not available,2000000,1,1080
2,23921,Tel Govt-NS UNR,BCD-GEN,Telangana,Govt Med Coll Nizamabad,PSYCHIATRY,10000, 50686,2000000,1,500
2,23939,Tel Govt-NS LOC,BCB-GEN,Telangana,Mamata Med Coll Khammam,GENERAL SURGERY,750000,Info not available,2000000,1,1080
2,24003,Tel Govt-NS UNR,BCB-GEN,Telangana,CAIMS Karimnagar,ORTHOPAEDICS,775000,Info not available,2000000,1,1000
2,24024,Tel Govt-NS UNR,BCE-GEN,Telangana,MNR Med Coll Sangareddy,GENERAL SURGERY,700000,Info not available,2000000,1,760
2,24113,Tel Govt-NS LOC,OPEN-GEN,Telangana,Malla Reddy IMS Hyderabad,ANAESTHESIOLOGY,700000,Info not available,2000000,1,940
2,24159,Tel Govt-NS LOC,MIN-GEN-MSM,Telangana,DCMS Hyderabad,OBG,775000,Info not available,2000000,1,1400
2,24219,Tel Govt-NS LOC,OPEN-FEM,Telangana,ESIC Med CollSanath Nagar,PATHOLOGY, 250000,107800,1000000,2,690
2,24228,Tel Govt-NS LOC,BCB-FEM,Telangana,CAIMS Karimnagar,GENERAL SURGERY,775000,Info not available,2000000,1,1000
2,24351,Tel Govt-NS LOC,OPEN-GEN,Telangana,Kamineni (KAMSRC) Hyderabad,ANAESTHESIOLOGY,700000,Info not available,2000000,1,650
2,24397,Tel Govt-NS UNR,BCD-GEN,Telangana,Malla Reddy(Women) Hyderabad,EMERGENCY MEDICINE,700000,Info not available,2000000,1,1050
2,24541,Tel Govt-NS LOC,SC-GEN,Telangana,Govt Med Coll Nizamabad,OBG,10000, 50686,2000000,1,500
2,24545,Tel Govt-NS UNR,BCA-GEN,Telangana,Malla Reddy IMS Hyderabad,GENERAL SURGERY,700000,Info not available,2000000,1,940
2,24549,Tel Govt-NS LOC,OPEN-GEN,Telangana,Malla Reddy IMS Hyderabad,ANAESTHESIOLOGY,700000,Info not available,2000000,1,940
2,24610,Tel Govt-NS LOC,ST-FEM,Telangana,Osmania Med Coll Hyderabad,PAEDIATRICS,10000, 50686,2000000,1,4800
2,24706,Tel Govt-NS LOC,OPEN-FEM,Telangana,Kamineni IMS Narketpally,GENERAL SURGERY,750000,Info not available,2000000,1,1060
2,24995,Tel Govt-NS LOC,OPEN-GEN,Telangana,Malla Reddy IMS Hyderabad,ORTHOPAEDICS,700000,Info not available,2000000,1,940
2,25103,Tel Govt-NS LOC,MIN-FEM-MSM,Telangana,DrVRK Womens MedCollAziznagar,PAEDIATRICS,700000,Info not available,2000000,1,500
2,25308,Tel Govt-NS UNR,OPEN-GEN,Telangana,Mediciti IMS Ghanpur,OPHTHALMOLOGY,700000,Info not available,2000000,1,720
2,25363,Tel Govt-NS LOC,OPEN-FEM,Telangana,ESIC Med CollSanath Nagar,ORTHOPAEDICS, 250000,107800,1000000,2,690
2,25426,Tel Govt-NS LOC,OPEN-GEN,Telangana,Mamata Med Coll Khammam,OPHTHALMOLOGY,750000,Info not available,2000000,1,1080
2,25475,Tel Govt-NS LOC,OPEN-GEN,Telangana,Bhaskar Med Coll Yenkapally,ORTHOPAEDICS,750000,Info not available,2000000,1,850
2,25493,Tel Govt-NS LOC,BCA-GEN,Telangana,Malla Reddy(Women) Hyderabad,OBG,700000,Info not available,2000000,1,1050
2,25513,Tel Govt-NS LOC,OPEN-GEN,Telangana,Osmania Med Coll Hyderabad,RADIATION ONCOLOGY,10000, 50686,2000000,1,4800
2,25551,Tel Govt-NS UNR,OPEN-FEM,Telangana,Prathima IMS Karimnagar,ANAESTHESIOLOGY,750000,Info not available,2000000,1,1060
2,25595,Tel Govt-NS LOC,BCB-GEN,Telangana,Mamata Med Coll Khammam,OPHTHALMOLOGY,750000,Info not available,2000000,1,1080
2,25602,Tel Govt-NS LOC,MIN-GEN-MSM,Telangana,Shadan IMSRC Peerancheru,OBG,750000,Info not available,2000000,1,800
2,25668,Tel Govt-NS LOC,BCB-FEM,Telangana,Malla Reddy(Women) Hyderabad,GENERAL SURGERY,700000,Info not available,2000000,1,1050
2,25759,Tel Govt-NS UNR,BCD-GEN,Telangana,Mamata Med Coll Khammam,ANAESTHESIOLOGY,750000,Info not available,2000000,1,1080
2,25782,Tel Govt-NS LOC,OPEN-GEN,Telangana,Apollo IMSR Hyderabad,ORTHOPAEDICS,750000,Info not available,2000000,1,570
2,25886,Tel Govt-NS LOC,OPEN-FEM,Telangana,Kakatiya Med Coll Warangal,ORTHOPAEDICS,10000, 50686,2000000,1,1150
2,25930,Tel Govt-NS LOC,SC-GEN,Telangana,Bhaskar Med Coll Yenkapally,GENERAL MEDICINE,750000,Info not available,2000000,1,850
2,26029,Tel Govt-NS LOC,ST-GEN,Telangana,Osmania Med Coll Hyderabad,DERMATOLOGY,10000, 50686,2000000,1,4800
2,26067,Tel Govt-NS LOC,OPEN-GEN,Telangana,Osmania Med Coll Hyderabad,PATHOLOGY,10000, 50686,2000000,1,4800
2,26081,Tel Govt-NS LOC,OPEN-FEM,Telangana,Malla Reddy IMS Hyderabad,ANAESTHESIOLOGY,700000,Info not available,2000000,1,940
2,26271,Tel Govt-NS LOC,OPEN-GEN,Telangana,ESIC Med CollSanath Nagar,PMR, 250000,107800,1000000,2,690
2,26309,Tel Govt-NS LOC,OPEN-GEN,Telangana,Osmania Med Coll Hyderabad,DTBCD,10000, 50686,1000000,1,4800
2,26377,Tel Govt-NS LOC,BCB-FEM,Telangana,MNR Med Coll Sangareddy,GENERAL SURGERY,700000,Info not available,2000000,1,760
2,26385,Tel Govt-NS LOC,OPEN-GEN,Telangana,Mamata Med Coll Khammam,ORTHOPAEDICS,750000,Info not available,2000000,1,1080
2,26533,Tel Govt-NS LOC,OPEN-GEN,Telangana,Malla Reddy IMS Hyderabad,ANAESTHESIOLOGY,700000,Info not available,2000000,1,940
2,26606,Tel Govt-NS LOC,SC-GEN,Telangana,Kakatiya Med Coll Warangal,TBRD,10000, 50686,2000000,1,1150
2,26675,Tel Govt-NS LOC,SC-FEM,Telangana,NIMS Hyderabad,ANAESTHESIOLOGY,72000, 99969,5000000,1,1498
2,26776,Tel Govt-NS LOC,MIN-GEN-MSM,Telangana,Shadan IMSRC Peerancheru,GENERAL SURGERY,750000,Info not available,2000000,1,800
2,26805,Tel Govt-NS LOC,ST-GEN,Telangana,Osmania Med Coll Hyderabad,PAEDIATRICS,10000, 50686,2000000,1,4800
2,26917,Tel Govt-NS LOC,SC-GEN,Telangana,Osmania Med Coll Hyderabad,OPHTHALMOLOGY,10000, 50686,2000000,1,4800
2,26940,Tel Govt-NS LOC,BCE-GEN,Telangana,SVS Med Coll Mehboobnagar,TBRD,750000,Info not available,2000000,1,760
2,27147,Tel Govt-NS UNR,OPEN-FEM,Telangana,Kamineni IMS Narketpally,ENT,750000,Info not available,2000000,1,1060
2,27190,Tel Govt-NS LOC,BCA-GEN,Telangana,Dr Patnam MRInstofMSChevella,OBG,-,-,-,-,-
2,27243,Tel Govt-NS LOC,SC-GEN,Telangana,RVM IMSRC Siddipet,DERMATOLOGY,700000,Info not available,2000000,1,1110
2,27371,Tel Govt-NS LOC,BCE-GEN,Telangana,Apollo IMSR Hyderabad,ANAESTHESIOLOGY,750000,Info not available,2000000,1,570
2,27378,Tel Govt-NS LOC,MIN-GEN-MSM,Telangana,DCMS Hyderabad,ENT,775000,Info not available,2000000,1,1400
2,27380,Tel Govt-NS LOC,OPEN-GEN,Telangana,CAIMS Karimnagar,ENT,775000,Info not available,2000000,1,1000
2,27682,Tel Govt-NS LOC,BCA-GEN,Telangana,Mamata Med Coll Khammam,ANAESTHESIOLOGY,750000,Info not available,2000000,1,1080
2,27719,Tel Govt-NS LOC,OPEN-GEN,Telangana,Kamineni IMS Narketpally,ORTHOPAEDICS,750000,Info not available,2000000,1,1060
2,27782,Tel Govt-NS LOC,OPEN-GEN,Telangana,CAIMS Karimnagar,ORTHOPAEDICS,775000,Info not available,2000000,1,1000
2,27827,Tel Govt-NS LOC,OPEN-FEM,Telangana,SVS Med Coll Mehboobnagar,ANAESTHESIOLOGY,750000,Info not available,2000000,1,760
2,28034,Tel Govt-NS LOC,ST-FEM,Telangana,Osmania Med Coll Hyderabad,OBG,10000, 50686,2000000,1,4800
2,28061,Tel Govt-NS LOC,BCD-GEN,Telangana,MNR Med Coll Sangareddy,GENERAL SURGERY,700000,Info not available,2000000,1,760
2,28117,Tel Govt-NS LOC,SC-GEN,Telangana,CAIMS Karimnagar,OBG,775000,Info not available,2000000,1,1000
2,28119,Tel Govt-NS LOC,BCD-FEM,Telangana,Mamata Med Coll Khammam,ENT,750000,Info not available,2000000,1,1080
2,28241,Tel Govt-NS LOC,SC-FEM,Telangana,Osmania Med Coll Hyderabad,OPHTHALMOLOGY,10000, 50686,2000000,1,4800
2,28290,Tel Govt-NS LOC,BCA-GEN,Telangana,Apollo IMSR Hyderabad,ORTHOPAEDICS,750000,Info not available,2000000,1,570
2,28356,Tel Govt-NS LOC,OPEN-GEN,Telangana,Osmania Med Coll Hyderabad,PATHOLOGY,10000, 50686,2000000,1,4800
2,28370,Tel Govt-NS LOC,BCB-GEN,Telangana,Bhaskar Med Coll Yenkapally,ORTHOPAEDICS,750000,Info not available,2000000,1,850
2,28384,Tel Govt-NS LOC,BCD-GEN,Telangana,Bhaskar Med Coll Yenkapally,GENERAL SURGERY,750000,Info not available,2000000,1,850
2,28464,Tel Govt-NS LOC,MIN-GEN-MSM,Telangana,DCMS Hyderabad,ORTHOPAEDICS,775000,Info not available,2000000,1,1400
2,28469,Tel Govt-NS LOC,BCE-GEN,Telangana,Bhaskar Med Coll Yenkapally,TBRD,750000,Info not available,2000000,1,850
2,28495,Tel Govt-NS LOC,BCD-GEN,Telangana,Malla Reddy(Women) Hyderabad,ORTHOPAEDICS,700000,Info not available,2000000,1,1050
2,28529,Tel Govt-NS LOC,ST-GEN,Telangana,Osmania Med Coll Hyderabad,OBG,10000, 50686,2000000,1,4800
2,28536,Tel Govt-NS UNR,BCB-FEM,Telangana,SVS Med Coll Mehboobnagar,ENT,750000,Info not available,2000000,1,760
2,28670,Tel Govt-NS LOC,SC-GEN,Telangana,Kamineni (KAMSRC) Hyderabad,OBG,700000,Info not available,2000000,1,650
2,28734,Tel Govt-NS UNR,SC-GEN,Telangana,Osmania Med Coll Hyderabad,ANAESTHESIOLOGY,10000, 50686,2000000,1,4800
2,28742,Tel Govt-NS LOC,BCB-GEN,Telangana,SVS Med Coll Mehboobnagar,ANAESTHESIOLOGY,750000,Info not available,2000000,1,760
2,28904,Tel Govt-NS LOC,SC-FEM,Telangana,Osmania Med Coll Hyderabad,ANAESTHESIOLOGY,10000, 50686,2000000,1,4800
2,28911,Tel Govt-NS LOC,BCE-FEM,Telangana,Mediciti IMS Ghanpur,OBG,700000,Info not available,2000000,1,720
2,28969,Tel Govt-NS LOC,OPEN-GEN,Telangana,MNR Med Coll Sangareddy,ENT,700000,Info not available,2000000,1,760
2,29122,Tel Govt-NS LOC,SC-FEM,Telangana,SVS Med Coll Mehboobnagar,DERMATOLOGY,750000,Info not available,2000000,1,760
2,29137,Tel Govt-NS LOC,BCB-FEM,Telangana,Malla Reddy IMS Hyderabad,ANAESTHESIOLOGY,700000,Info not available,2000000,1,940
2,29141,Tel Govt-NS LOC,SC-FEM,Telangana,Bhaskar Med Coll Yenkapally,OPHTHALMOLOGY,750000,Info not available,2000000,1,850
2,29209,Tel Govt-NS LOC,SC-GEN,Telangana,Malla Reddy IMS Hyderabad,OBG,700000,Info not available,2000000,1,940
2,29305,Tel Govt-NS LOC,OPEN-GEN,Telangana,Prathima IMS Karimnagar,ANAESTHESIOLOGY,750000,Info not available,2000000,1,1060
2,29374,Tel Govt-NS LOC,OPEN-FEM,Telangana,Mediciti IMS Ghanpur,ANAESTHESIOLOGY,700000,Info not available,2000000,1,720
2,29397,Tel Govt-NS LOC,OPEN-GEN,Telangana,Mediciti IMS Ghanpur,ORTHOPAEDICS,700000,Info not available,2000000,1,720
2,29441,Tel Govt-NS LOC,OPEN-GEN,Telangana,Prathima IMS Karimnagar,ANAESTHESIOLOGY,750000,Info not available,2000000,1,1060
2,29483,Tel Govt-NS UNR,BCE-FEM,Telangana,Rajiv Gandhi IMS Adilabad,ANAESTHESIOLOGY,10000, 50686,2000000,1,Info Not Available
2,29498,Tel Govt-NS LOC,SC-FEM,Telangana,Govt Med Coll Siddipet,GENERAL SURGERY,10000, 50686,2000000,1,-
2,29867,Tel Govt-NS LOC,OPEN-GEN,Telangana,Osmania Med Coll Hyderabad,DO,10000, 50686,1000000,1,4800
2,29893,Tel Govt-NS LOC,SC-GEN,Telangana,Gandhi Med Coll Secunderabad,ANAESTHESIOLOGY,10000, 50686,2000000,1,1200
2,30047,Tel Govt-NS LOC,BCE-FEM,Telangana,Malla Reddy IMS Hyderabad,ANAESTHESIOLOGY,700000,Info not available,2000000,1,940
2,30129,Tel Govt-NS UNR,OPEN-GEN,Telangana,NIMS Hyderabad,HOSPITAL ADMINISTRATION,72000, 99969,5000000,1,1498
2,30193,Tel Govt-NS LOC,BCC-GEN,Telangana,Malla Reddy IMS Hyderabad,RADIO DIAGNOSIS,700000,Info not available,2000000,1,940
2,30205,Tel Govt-NS LOC,SC-FEM,Telangana,MNR Med Coll Sangareddy,GENERAL MEDICINE,700000,Info not available,2000000,1,760
2,30227,Tel Govt-NS LOC,BCE-FEM,Telangana,SVS Med Coll Mehboobnagar,OPHTHALMOLOGY,750000,Info not available,2000000,1,760
2,30276,Tel Govt-NS LOC,OPEN-FEM,Telangana,Kamineni (KAMSRC) Hyderabad,ORTHOPAEDICS,700000,Info not available,2000000,1,650
2,30306,Tel Govt-NS UNR,SC-GEN,Telangana,Osmania Med Coll Hyderabad,RADIATION ONCOLOGY,10000, 50686,2000000,1,4800
2,30372,Tel Govt-NS LOC,OPEN-GEN,Telangana,Dr Patnam MRInstofMSChevella,ORTHOPAEDICS,-,-,-,-,-
2,30373,Tel Govt-NS LOC,OPEN-GEN,Telangana,CAIMS Karimnagar,ANAESTHESIOLOGY,775000,Info not available,2000000,1,1000
2,30520,Tel Govt-NS LOC,OPEN-GEN,Telangana,SVS Med Coll Mehboobnagar,ANAESTHESIOLOGY,750000,Info not available,2000000,1,760
2,30521,Tel Govt-NS LOC,BCA-FEM,Telangana,RVM IMSRC Siddipet,GENERAL SURGERY,700000,Info not available,2000000,1,1110
2,30630,Tel Govt-NS LOC,BCB-FEM,Telangana,Osmania Med Coll Hyderabad,RADIATION ONCOLOGY,10000, 50686,2000000,1,4800
2,30780,Tel Govt-NS LOC,BCA-GEN,Telangana,Kamineni (KAMSRC) Hyderabad,ORTHOPAEDICS,700000,Info not available,2000000,1,650
2,30827,Tel Govt-NS LOC,BCC-FEM,Telangana,Govt Med Coll Nizamabad,ANAESTHESIOLOGY,10000, 50686,2000000,1,500
2,30909,Tel Govt-NS LOC,OPEN-GEN,Telangana,SVS Med Coll Mehboobnagar,ANAESTHESIOLOGY,750000,Info not available,2000000,1,760
2,30962,Tel Govt-NS LOC,SC-GEN,Telangana,Govt Med Coll Nizamabad,ANAESTHESIOLOGY,10000, 50686,2000000,1,500
2,30968,Tel Govt-NS LOC,OPEN-GEN,Telangana,CAIMS Karimnagar,ANAESTHESIOLOGY,775000,Info not available,2000000,1,1000
2,31024,Tel Govt-NS LOC,OPEN-GEN,Telangana,Bhaskar Med Coll Yenkapally,ANAESTHESIOLOGY,750000,Info not available,2000000,1,850
2,31105,Tel Govt-NS LOC,OPEN-GEN,Telangana,Osmania Med Coll Hyderabad,PATHOLOGY,10000, 50686,2000000,1,4800
2,31221,Tel Govt-NS LOC,MIN-FEM-MSM,Telangana,Shadan IMSRC Peerancheru,ENT,750000,Info not available,2000000,1,800
2,31270,Tel Govt-NS LOC,SC-FEM,Telangana,Surabhi InstituteofMSSiddipet,RADIO DIAGNOSIS,775000,Info not available,2000000,1,-
2,31278,Tel Govt-NS LOC,OPEN-GEN,Telangana,Kamineni IMS Narketpally,ANAESTHESIOLOGY,750000,Info not available,2000000,1,1060
2,31481,Tel Govt-NS LOC,BCB-GEN,Telangana,Kamineni IMS Narketpally,EMERGENCY MEDICINE,750000,Info not available,2000000,1,1060
2,31695,Tel Govt-NS LOC,SC-GEN,Telangana,Kakatiya Med Coll Warangal,ORTHOPAEDICS,10000, 50686,2000000,1,1150
2,31968,Tel Govt-NS LOC,OPEN-GEN,Telangana,Mediciti IMS Ghanpur,ANAESTHESIOLOGY,700000,Info not available,2000000,1,720
2,32001,Tel Govt-NS LOC,OPEN-FEM,Telangana,MNR Med Coll Sangareddy,ANAESTHESIOLOGY,700000,Info not available,2000000,1,760
2,32024,Tel Govt-NS LOC,SC-FEM,Telangana,Malla Reddy IMS Hyderabad,PAEDIATRICS,700000,Info not available,2000000,1,940
2,32070,Tel Govt-NS LOC,BCC-GEN,Telangana,ESIC Med CollSanath Nagar,SPM, 250000,107800,1000000,2,690
2,32166,Tel Govt-NS LOC,OPEN-GEN,Telangana,MNR Med Coll Sangareddy,ORTHOPAEDICS,700000,Info not available,2000000,1,760
2,32200,Tel Govt-NS LOC,OPEN-GEN,Telangana,MNR Med Coll Sangareddy,ANAESTHESIOLOGY,700000,Info not available,2000000,1,760
2,32302,Tel Govt-Serv LOC,OPEN-GEN,Telangana,Osmania Med Coll Hyderabad,GENERAL MEDICINE,10000, 50686,2000000,1,4800
2,32390,Tel Govt-NS LOC,BCD-GEN,Telangana,Kakatiya Med Coll Warangal,PATHOLOGY,10000, 50686,2000000,1,1150
2,32444,Tel Govt-Serv LOC,OPEN-GEN,Telangana,Osmania Med Coll Hyderabad,RADIO DIAGNOSIS,10000, 50686,2000000,1,4800
2,32470,Tel Govt-NS LOC,SC-FEM,Telangana,Prathima IMS Karimnagar,OBG,750000,Info not available,2000000,1,1060
2,32507,Tel Govt-NS UNR,SC-FEM,Telangana,Malla Reddy IMS Hyderabad,GENERAL MEDICINE,700000,Info not available,2000000,1,940
2,32553,Tel Govt-NS LOC,SC-FEM,Telangana,Prathima IMS Karimnagar,GENERAL MEDICINE,750000,Info not available,2000000,1,1060
2,32746,Tel Govt-NS LOC,BCD-GEN,Telangana,MNR Med Coll Sangareddy,OPHTHALMOLOGY,700000,Info not available,2000000,1,760
2,32747,Tel Govt-NS LOC,OPEN-GEN,Telangana,Govt Med Coll Mahabubnagar,PATHOLOGY,10000, 50686,2000000,1,900
2,32748,Tel Govt-NS LOC,BCD-FEM,Telangana,SVS Med Coll Mehboobnagar,ANAESTHESIOLOGY,750000,Info not available,2000000,1,760
2,32759,Tel Govt-NS LOC,OPEN-GEN,Telangana,Dr Patnam MRInstofMSChevella,ANAESTHESIOLOGY,700000,Info not available,2000000,1,-
2,32841,Tel Govt-NS LOC,BCB-FEM,Telangana,Gandhi Med Coll Secunderabad,PATHOLOGY,10000, 50686,2000000,1,1200
2,32981,Tel Govt-NS UNR,MIN-GEN-MSM,Telangana,DCMS Hyderabad,ANAESTHESIOLOGY,775000,Info not available,2000000,1,1400
2,33052,Tel Govt-NS LOC,MIN-GEN-MSM,Telangana,DCMS Hyderabad,ANAESTHESIOLOGY,775000,Info not available,2000000,1,1400
2,33179,Tel Govt-NS LOC,SC-GEN,Telangana,Surabhi InstituteofMSSiddipet,GENERAL MEDICINE,775000,Info not available,2000000,1,-
2,33208,Tel Govt-NS LOC,BCE-FEM,Telangana,Osmania Med Coll Hyderabad,DO,10000, 50686,1000000,1,4800
2,33269,Tel Govt-NS LOC,SC-FEM,Telangana,Malla Reddy(Women) Hyderabad,GENERAL MEDICINE,700000,Info not available,2000000,1,1050
2,33274,Tel Govt-NS LOC,BCB-GEN,Telangana,Kakatiya Med Coll Warangal,PSYCHIATRY,10000, 50686,2000000,1,1150
2,33334,Tel Govt-NS LOC,BCD-FEM,Telangana,Apollo IMSR Hyderabad,OPHTHALMOLOGY,750000,Info not available,2000000,1,570
2,33340,Tel Govt-NS LOC,ST-FEM,Telangana,Gandhi Med Coll Secunderabad,PAEDIATRICS,10000, 50686,2000000,1,1200
2,33486,Tel Govt-NS LOC,OPEN-FEM,Telangana,Mahavir Inst of MS Vikarabad,ANAESTHESIOLOGY,700000,Info not available,2000000,1,700
2,33528,Tel Govt-NS UNR,BCA-GEN,Telangana,MNR Med Coll Sangareddy,ANAESTHESIOLOGY,700000,Info not available,2000000,1,760
2,33755,Tel Govt-NS LOC,BCA-GEN,Telangana,Prathima IMS Karimnagar,GENERAL SURGERY,750000,Info not available,2000000,1,1060
2,33916,Tel Govt-NS LOC,BCB-GEN,Telangana,Prathima IMS Karimnagar,ANAESTHESIOLOGY,750000,Info not available,2000000,1,1060
2,33962,Tel Govt-NS LOC,MIN-GEN-MSM,Telangana,Shadan IMSRC Peerancheru,ANAESTHESIOLOGY,750000,Info not available,2000000,1,800
2,34039,Tel Govt-NS LOC,SC-GEN,Telangana,Osmania Med Coll Hyderabad,ORTHOPAEDICS,10000, 50686,2000000,1,4800
2,34041,Tel Govt-NS LOC,BCB-GEN,Telangana,Osmania Med Coll Hyderabad,PATHOLOGY,10000, 50686,2000000,1,4800
2,34100,Tel Govt-NS LOC,BCB-FEM,Telangana,Kamineni IMS Narketpally,ANAESTHESIOLOGY,750000,Info not available,2000000,1,1060
2,34114,Tel Govt-NS UNR,SC-FEM,Telangana,Prathima IMS Karimnagar,PAEDIATRICS,750000,Info not available,2000000,1,1060
2,34120,Tel Govt-NS LOC,BCA-GEN,Telangana,Kamineni (KAMSRC) Hyderabad,ANAESTHESIOLOGY,700000,Info not available,2000000,1,650
2,34162,Tel Govt-NS LOC,BCD-GEN,Telangana,SVS Med Coll Mehboobnagar,ORTHOPAEDICS,750000,Info not available,2000000,1,760
2,34187,Tel Govt-NS LOC,SC-GEN,Telangana,CAIMS Karimnagar,PAEDIATRICS,775000,Info not available,2000000,1,1000
2,34208,Tel Govt-NS LOC,BCA-FEM,Telangana,Mamata Med Coll Khammam,GENERAL SURGERY,750000,Info not available,2000000,1,1080
2,34558,Tel Govt-NS LOC,ST-FEM,Telangana,Kakatiya Med Coll Warangal,OBG,10000, 50686,2000000,1,1150
2,34613,Tel Govt-NS LOC,OPEN-FEM,Telangana,Apollo IMSR Hyderabad,PSYCHIATRY,750000,Info not available,2000000,1,570
2,34707,Tel Govt-NS UNR,BCC-GEN,Telangana,Prathima IMS Karimnagar,ORTHOPAEDICS,750000,Info not available,2000000,1,1060
2,34718,Tel Govt-NS LOC,BCD-GEN,Telangana,Mediciti IMS Ghanpur,ANAESTHESIOLOGY,700000,Info not available,2000000,1,720
2,34762,Tel Govt-NS LOC,OPEN-GEN,Telangana,Mamata Med Coll Khammam,PSYCHIATRY,750000,Info not available,2000000,1,1080
2,34798,Tel Govt-NS LOC,SC-GEN,Telangana,SVS Med Coll Mehboobnagar,OBG,750000,Info not available,2000000,1,760
2,34840,Tel Govt-NS LOC,BCB-GEN,Telangana,Mediciti IMS Ghanpur,ANAESTHESIOLOGY,700000,Info not available,2000000,1,720
2,35014,Tel Govt-NS LOC,SC-GEN,Telangana,Kamineni IMS Narketpally,PAEDIATRICS,750000,Info not available,2000000,1,1060
2,35107,Tel Govt-NS LOC,BCC-GEN,Telangana,Kamineni (KAMSRC) Hyderabad,GENERAL MEDICINE,700000,Info not available,2000000,1,650
2,35126,Tel Govt-NS LOC,BCA-GEN,Telangana,Prathima IMS Karimnagar,ANAESTHESIOLOGY,750000,Info not available,2000000,1,1060
2,35286,Tel Govt-NS LOC,OPEN-GEN,Telangana,Surabhi InstituteofMSSiddipet,ANAESTHESIOLOGY,775000,Info not available,2000000,1,-
2,35342,Tel Govt-NS LOC,BCD-GEN,Telangana,Prathima IMS Karimnagar,ANAESTHESIOLOGY,750000,Info not available,2000000,1,1060
2,35429,Tel Govt-NS LOC,OPEN-FEM,Telangana,SVS Med Coll Mehboobnagar,ORTHOPAEDICS,750000,Info not available,2000000,1,760
2,35497,Tel Govt-NS LOC,BCA-GEN,Telangana,Kamineni (KAMSRC) Hyderabad,EMERGENCY MEDICINE,700000,Info not available,2000000,1,650
2,35694,Tel Govt-NS LOC,OPEN-GEN,Telangana,Kakatiya Med Coll Warangal,PATHOLOGY,10000, 50686,2000000,1,1150
2,35838,Tel Govt-NS LOC,BCA-GEN,Telangana,Mahavir Inst of MS Vikarabad,GENERAL SURGERY,700000,Info not available,2000000,1,700
2,35938,Tel Govt-NS LOC,SC-GEN,Telangana,Mamata Med Coll Khammam,PAEDIATRICS,750000,Info not available,2000000,1,1080
2,36185,Tel Govt-NS LOC,ST-GEN,Telangana,Osmania Med Coll Hyderabad,GENERAL SURGERY,10000, 50686,2000000,1,4800
2,36348,Tel Govt-NS LOC,BCD-GEN,Telangana,Surabhi InstituteofMSSiddipet,ANAESTHESIOLOGY,775000,Info not available,2000000,1,-
2,36470,Tel Govt-NS LOC,BCB-FEM,Telangana,CAIMS Karimnagar,ANAESTHESIOLOGY,775000,Info not available,2000000,1,1000
2,36573,Tel Govt-NS LOC,MIN-FEM-MSM,Telangana,DCMS Hyderabad,GENERAL SURGERY,775000,Info not available,2000000,1,1400
2,36606,Tel Govt-NS LOC,BCB-FEM,Telangana,RVM IMSRC Siddipet,ANAESTHESIOLOGY,700000,Info not available,2000000,1,1110
2,36689,Tel Govt-NS LOC,BCB-GEN,Telangana,MNR Med Coll Sangareddy,ANAESTHESIOLOGY,700000,Info not available,2000000,1,760
2,36692,Tel Govt-NS LOC,SC-GEN,Telangana,Kakatiya Med Coll Warangal,ENT,10000, 50686,2000000,1,1150
2,36741,Tel Govt-Serv LOC,OPEN-GEN,Telangana,ESIC Med CollSanath Nagar,RADIO DIAGNOSIS, 250000,107800,1000000,2,690
2,36901,Tel Govt-NS LOC,BCA-GEN,Telangana,Kamineni IMS Narketpally,ORTHOPAEDICS,750000,Info not available,2000000,1,1060
2,36949,Tel Govt-NS LOC,BCA-FEM,Telangana,Malla Reddy IMS Hyderabad,ANAESTHESIOLOGY,700000,Info not available,2000000,1,940
2,37020,Tel Govt-NS LOC,MIN-GEN-MSM,Telangana,DCMS Hyderabad,OPHTHALMOLOGY,775000,Info not available,2000000,1,1400
2,37221,Tel Govt-NS LOC,BCA-FEM,Telangana,Malla Reddy(Women) Hyderabad,ANAESTHESIOLOGY,700000,Info not available,2000000,1,1050
2,37307,Tel Govt-NS LOC,SC-FEM,Telangana,Kamineni IMS Narketpally,OBG,750000,Info not available,2000000,1,1060
2,37621,Tel Govt-NS LOC,BCA-GEN,Telangana,Dr Patnam MRInstofMSChevella,ANAESTHESIOLOGY,700000,Info not available,2000000,1,-
2,37638,Tel Govt-NS UNR,OPEN-GEN,Telangana,Kamineni (KAMSRC) Hyderabad,IHBT,700000,Info not available,2000000,1,650
2,37644,Tel Govt-NS LOC,SC-GEN,Telangana,Surabhi InstituteofMSSiddipet,PAEDIATRICS,775000,Info not available,2000000,1,-
2,37752,Tel Govt-NS LOC,SC-GEN,Telangana,Malla Reddy IMS Hyderabad,GENERAL SURGERY,700000,Info not available,2000000,1,940
2,37761,Tel Govt-NS LOC,OPEN-GEN,Telangana,NIMS Hyderabad,MICROBIOLOGY,72000, 99969,5000000,1,1498
2,38024,Tel Govt-NS LOC,MIN-FEM-MSM,Telangana,Shadan IMSRC Peerancheru,ANAESTHESIOLOGY,750000,Info not available,2000000,1,800
2,38044,Tel Govt-NS LOC,SC-GEN,Telangana,Apollo IMSR Hyderabad,GENERAL SURGERY,750000,Info not available,2000000,1,570
2,38082,Tel Govt-NS LOC,BCD-FEM,Telangana,Mamata Med Coll Khammam,ORTHOPAEDICS,750000,Info not available,2000000,1,1080
2,38122,Tel Govt-NS LOC,SC-FEM,Telangana,Kakatiya Med Coll Warangal,ANAESTHESIOLOGY,10000, 50686,2000000,1,1150
2,38158,Tel Govt-NS LOC,BCE-GEN,Telangana,Govt Med Coll Nizamabad,PATHOLOGY,10000, 50686,2000000,1,500
2,38186,Tel Govt-NS UNR,SC-GEN,Telangana,Rajiv Gandhi IMS Adilabad,OPHTHALMOLOGY,10000, 50686,2000000,1,Info Not Available
2,38212,Tel Govt-NS LOC,SC-FEM,Telangana,RVM IMSRC Siddipet,OBG,700000,Info not available,2000000,1,1110
2,38258,Tel Govt-NS UNR,SC-FEM,Telangana,Mamata Med Coll Khammam,TBRD,750000,Info not available,2000000,1,1080
2,38301,Tel Govt-NS LOC,SC-GEN,Telangana,Malla Reddy IMS Hyderabad,GENERAL SURGERY,700000,Info not available,2000000,1,940
2,38343,Tel Govt-NS LOC,ST-GEN,Telangana,Osmania Med Coll Hyderabad,TBRD,10000, 50686,2000000,1,4800
2,38681,Tel Govt-NS LOC,BCC-GEN,Telangana,Bhaskar Med Coll Yenkapally,ORTHOPAEDICS,750000,Info not available,2000000,1,850
2,38785,Tel Govt-NS LOC,ST-FEM,Telangana,Prathima IMS Karimnagar,DERMATOLOGY,750000,Info not available,2000000,1,1060
2,38972,Tel Govt-NS LOC,MIN-FEM-MSM,Telangana,Shadan IMSRC Peerancheru,OPHTHALMOLOGY,750000,Info not available,2000000,1,800
2,39345,Tel Govt-NS LOC,SC-FEM,Telangana,Osmania Med Coll Hyderabad,ENT,10000, 50686,2000000,1,4800
2,39437,Tel Govt-NS UNR,SC-FEM,Telangana,Mediciti IMS Ghanpur,GENERAL SURGERY,700000,Info not available,2000000,1,720
2,39525,Tel Govt-NS LOC,OPEN-FEM,Telangana,Mediciti IMS Ghanpur,ORTHOPAEDICS,700000,Info not available,2000000,1,720
2,39598,Tel Govt-NS LOC,MIN-GEN-MSM,Telangana,Shadan IMSRC Peerancheru,ORTHOPAEDICS,750000,Info not available,2000000,1,800
2,39763,Tel Govt-NS LOC,ST-GEN,Telangana,NIMS Hyderabad,ANAESTHESIOLOGY,72000, 99969,5000000,1,1498
2,39804,Tel Govt-NS LOC,SC-GEN,Telangana,RVM IMSRC Siddipet,ORTHOPAEDICS,700000,Info not available,2000000,1,1110
2,39805,Tel Govt-NS UNR,SC-GEN,Telangana,Bhaskar Med Coll Yenkapally,ENT,750000,Info not available,2000000,1,850
2,39833,Tel Govt-NS LOC,BCE-FEM,Telangana,MNR Med Coll Sangareddy,PSYCHIATRY,700000,Info not available,2000000,1,760
2,39901,Tel Govt-NS LOC,OPEN-FEM,Telangana,Gandhi Med Coll Secunderabad,MICROBIOLOGY,10000, 50686,2000000,1,1200
2,39905,Tel Govt-NS LOC,BCA-GEN,Telangana,Malla Reddy IMS Hyderabad,OPHTHALMOLOGY,700000,Info not available,2000000,1,940
2,40002,Tel Govt-NS LOC,BCA-GEN,Telangana,Osmania Med Coll Hyderabad,PSYCHIATRY,10000, 50686,2000000,1,4800
2,40361,Tel Govt-NS LOC,SC-GEN,Telangana,Osmania Med Coll Hyderabad,PSYCHIATRY,10000, 50686,2000000,1,4800
2,40463,Tel Govt-NS LOC,MIN-FEM-MSM,Telangana,DrVRK Womens MedCollAziznagar,ORTHOPAEDICS,700000,Info not available,2000000,1,500
2,40786,Tel Govt-NS LOC,ST-GEN,Telangana,Bhaskar Med Coll Yenkapally,RADIO DIAGNOSIS,750000,Info not available,2000000,1,850
2,40802,Tel Govt-NS LOC,SC-GEN,Telangana,Dr Patnam MRInstofMSChevella,OBG,-,-,-,-,-
2,40825,Tel Govt-NS LOC,OPEN-GEN,Telangana,Rajiv Gandhi IMS Adilabad,PATHOLOGY,10000, 50686,2000000,1,Info Not Available
2,40881,Tel Govt-NS LOC,OPEN-FEM,Telangana,Osmania Med Coll Hyderabad,MICROBIOLOGY,10000, 50686,2000000,1,4800
2,40921,Tel Govt-NS LOC,BCA-GEN,Telangana,Gandhi Med Coll Secunderabad,PATHOLOGY,10000, 50686,2000000,1,1200
2,40945,Tel Govt-NS LOC,ST-FEM,Telangana,Kamineni (KAMSRC) Hyderabad,RADIO DIAGNOSIS,700000,Info not available,2000000,1,650
2,41024,Tel Govt-NS LOC,OPEN-GEN,Telangana,Osmania Med Coll Hyderabad,MICROBIOLOGY,10000, 50686,2000000,1,4800
2,41101,Tel Govt-NS LOC,ST-FEM,Telangana,Kamineni IMS Narketpally,RADIO DIAGNOSIS,750000,Info not available,2000000,1,1060
2,41164,Tel Govt-NS LOC,OPEN-FEM,Telangana,Prathima IMS Karimnagar,ORTHOPAEDICS,750000,Info not available,2000000,1,1060
2,41398,Tel Govt-NS LOC,MIN-FEM-MSM,Telangana,DCMS Hyderabad,ANAESTHESIOLOGY,775000,Info not available,2000000,1,1400
2,41750,Tel Govt-NS UNR,OPEN-FEM,Telangana,Kakatiya Med Coll Warangal,SPM,10000, 50686,2000000,1,1150
2,41794,Tel Govt-NS UNR,ST-GEN,Telangana,Mediciti IMS Ghanpur,RADIO DIAGNOSIS,700000,Info not available,2000000,1,720
2,41922,Tel Govt-NS LOC,SC-FEM,Telangana,Kakatiya Med Coll Warangal,OPHTHALMOLOGY,10000, 50686,2000000,1,1150
2,42021,Tel Govt-NS LOC,BCC-GEN,Telangana,NIMS Hyderabad,PATHOLOGY,72000, 99969,5000000,1,1498
2,42053,Tel Govt-NS LOC,ST-GEN,Telangana,Osmania Med Coll Hyderabad,ORTHOPAEDICS,10000, 50686,2000000,1,4800
2,42162,Tel Govt-NS LOC,BCE-GEN,Telangana,Malla Reddy IMS Hyderabad,ENT,700000,Info not available,2000000,1,940
2,42785,Tel Govt-Serv UNR,OPEN-GEN,Telangana,Osmania Med Coll Hyderabad,PAEDIATRICS,10000, 50686,2000000,1,4800
2,42845,Tel Govt-NS LOC,BCA-FEM,Telangana,Kamineni IMS Narketpally,OPHTHALMOLOGY,750000,Info not available,2000000,1,1060
2,42877,Tel Govt-NS LOC,BCB-FEM,Telangana,Malla Reddy(Women) Hyderabad,ORTHOPAEDICS,700000,Info not available,2000000,1,1050
2,42928,Tel Govt-NS LOC,OPEN-FEM,Telangana,Kamineni (KAMSRC) Hyderabad,SPM,430000,Info not available,2000000,1,650
2,42955,Tel Govt-NS LOC,SC-GEN,Telangana,Osmania Med Coll Hyderabad,PATHOLOGY,10000, 50686,2000000,1,4800
2,43002,Tel Govt-NS LOC,OPEN-FEM,Telangana,Kamineni (KAMSRC) Hyderabad,PATHOLOGY,430000,Info not available,2000000,1,650
2,43359,Tel Govt-NS LOC,SC-GEN,Telangana,Osmania Med Coll Hyderabad,PATHOLOGY,10000, 50686,2000000,1,4800
2,43806,Tel Govt-NS LOC,SC-GEN,Telangana,Kamineni (KAMSRC) Hyderabad,ANAESTHESIOLOGY,700000,Info not available,2000000,1,650
2,43938,Tel Govt-NS LOC,SC-GEN,Telangana,MNR Med Coll Sangareddy,GENERAL SURGERY,700000,Info not available,2000000,1,760
2,44233,Tel Govt-NS LOC,BCE-GEN,Telangana,ESIC Med CollSanath Nagar,PMR, 250000,107800,1000000,2,690
2,44390,Tel Govt-NS LOC,OPEN-GEN,Telangana,Gandhi Med Coll Secunderabad,MICROBIOLOGY,10000, 50686,2000000,1,1200
2,44444,Tel Govt-NS UNR,SC-FEM,Telangana,Mediciti IMS Ghanpur,ANAESTHESIOLOGY,700000,Info not available,2000000,1,720
2,44559,Tel Govt-NS LOC,SC-FEM,Telangana,Gandhi Med Coll Secunderabad,ORTHOPAEDICS,10000, 50686,2000000,1,1200
2,44621,Tel Govt-NS LOC,SC-GEN,Telangana,Dr Patnam MRInstofMSChevella,ENT,700000,Info not available,2000000,1,-
2,44830,Tel Govt-NS LOC,MIN-FEM-MSM,Telangana,DrVRK Womens MedCollAziznagar,ENT,700000,Info not available,2000000,1,500
2,45123,Tel Govt-NS LOC,SC-GEN,Telangana,Kamineni IMS Narketpally,GENERAL SURGERY,750000,Info not available,2000000,1,1060
2,45228,Tel Govt-Serv LOC,OPEN-GEN,Telangana,Gandhi Med Coll Secunderabad,GENERAL MEDICINE,10000, 50686,2000000,1,1200
2,45292,Tel Govt-NS LOC,BCA-FEM,Telangana,Mediciti IMS Ghanpur,ENT,700000,Info not available,2000000,1,720
2,45409,Tel Govt-NS LOC,BCE-GEN,Telangana,Kakatiya Med Coll Warangal,PSYCHIATRY,10000, 50686,2000000,1,1150
2,45735,Tel Govt-NS LOC,ST-FEM,Telangana,Malla Reddy IMS Hyderabad,GENERAL MEDICINE,700000,Info not available,2000000,1,940
2,45773,Tel Govt-NS LOC,MIN-GEN-MSM,Telangana,DCMS Hyderabad,PATHOLOGY,430000,Info not available,2000000,1,1400
2,46034,Tel Govt-NS LOC,SC-FEM,Telangana,SVS Med Coll Mehboobnagar,GENERAL SURGERY,750000,Info not available,2000000,1,760
2,46285,Tel Govt-NS LOC,BCE-FEM,Telangana,SVS Med Coll Mehboobnagar,GENERAL SURGERY,750000,Info not available,2000000,1,760
2,46498,Tel Govt-NS LOC,SC-GEN,Telangana,Malla Reddy(Women) Hyderabad,ANAESTHESIOLOGY,700000,Info not available,2000000,1,1050
2,46689,Tel Govt-NS LOC,SC-GEN,Telangana,Prathima IMS Karimnagar,OPHTHALMOLOGY,750000,Info not available,2000000,1,1060
2,46786,Tel Govt-NS LOC,SC-GEN,Telangana,Malla Reddy IMS Hyderabad,ANAESTHESIOLOGY,700000,Info not available,2000000,1,940
2,47111,Tel Govt-NS LOC,SC-GEN,Telangana,MNR Med Coll Sangareddy,ORTHOPAEDICS,700000,Info not available,2000000,1,760
2,47187,Tel Govt-NS LOC,BCE-FEM,Telangana,SVS Med Coll Mehboobnagar,ORTHOPAEDICS,750000,Info not available,2000000,1,760
2,47765,Tel Govt-NS LOC,BCA-GEN,Telangana,NIMS Hyderabad,MICROBIOLOGY,72000, 99969,5000000,1,1498
2,48118,Tel Govt-NS LOC,OPEN-GEN,Telangana,Malla Reddy IMS Hyderabad,PATHOLOGY,430000,Info not available,2000000,1,940
2,48506,Tel Govt-NS LOC,SC-GEN,Telangana,Prathima IMS Karimnagar,ORTHOPAEDICS,750000,Info not available,2000000,1,1060
2,48656,Tel Govt-NS LOC,OPEN-GEN,Telangana,Gandhi Med Coll Secunderabad,PHARMACOLOGY,10000, 50686,2000000,1,1200
2,48788,Tel Govt-NS LOC,SC-FEM,Telangana,Malla Reddy IMS Hyderabad,ORTHOPAEDICS,700000,Info not available,2000000,1,940
2,48849,Tel Govt-NS LOC,SC-GEN,Telangana,Dr Patnam MRInstofMSChevella,GENERAL SURGERY,-,-,-,-,-
2,49027,Tel Govt-NS LOC,BCE-FEM,Telangana,CAIMS Karimnagar,GENERAL SURGERY,775000,Info not available,2000000,1,1000
2,49111,Tel Govt-NS LOC,OPEN-GEN,Telangana,Rajiv Gandhi IMS Adilabad,SPM,10000, 50686,2000000,1,Info Not Available
2,49328,Tel Govt-NS LOC,SC-FEM,Telangana,Govt Med Coll Siddipet,PSYCHIATRY,10000, 50686,2000000,1,-
2,49360,Tel Govt-NS LOC,OPEN-FEM,Telangana,Gandhi Med Coll Secunderabad,HOSPITAL ADMINISTRATION,10000, 50686,2000000,1,1200
2,49364,Tel Govt-NS UNR,ST-GEN,Telangana,Mediciti IMS Ghanpur,PAEDIATRICS,-,-,-,-,720
2,50140,Tel Govt-NS LOC,ST-GEN,Telangana,Osmania Med Coll Hyderabad,ANAESTHESIOLOGY,10000, 50686,2000000,1,4800
2,50162,Tel Govt-NS UNR,OPEN-GEN,Telangana,Govt Med Coll Nizamabad,MICROBIOLOGY,10000, 50686,2000000,1,500
2,50682,Tel Govt-NS LOC,ST-GEN,Telangana,Govt Med Coll Nizamabad,GENERAL SURGERY,10000, 50686,2000000,1,500
2,50794,Tel Govt-NS LOC,OPEN-GEN,Telangana,ESIC Med CollSanath Nagar,MICROBIOLOGY, 250000,107800,1000000,2,690
2,50958,Tel Govt-NS LOC,SC-GEN,Telangana,Kamineni IMS Narketpally,PSYCHIATRY,750000,Info not available,2000000,1,1060
2,51158,Tel Govt-NS LOC,BCA-FEM,Telangana,Malla Reddy IMS Hyderabad,PSYCHIATRY,700000,Info not available,2000000,1,940
2,51467,Tel Govt-NS LOC,ST-GEN,Telangana,SVS Med Coll Mehboobnagar,GENERAL MEDICINE,750000,Info not available,2000000,1,760
2,51709,Tel Govt-NS LOC,ST-GEN,Telangana,CAIMS Karimnagar,GENERAL MEDICINE,775000,Info not available,2000000,1,1000
2,52075,Tel Govt-Serv LOC,OPEN-FEM,Telangana,Gandhi Med Coll Secunderabad,DERMATOLOGY,10000, 50686,2000000,1,1200
2,52360,Tel Govt-NS LOC,SC-GEN,Telangana,SVS Med Coll Mehboobnagar,ANAESTHESIOLOGY,750000,Info not available,2000000,1,760
2,52545,Tel Govt-NS LOC,BCD-FEM,Telangana,SVS Med Coll Mehboobnagar,PSYCHIATRY,750000,Info not available,2000000,1,760
2,52603,Tel Govt-NS LOC,OPEN-GEN,Telangana,Mamata AcadofMedSciBachupally,PATHOLOGY,430000,Info not available,2000000,1,-
2,52714,Tel Govt-NS LOC,SC-FEM,Telangana,CAIMS Karimnagar,ANAESTHESIOLOGY,775000,Info not available,2000000,1,1000
2,52858,Tel Govt-NS LOC,SC-GEN,Telangana,Mamata Med Coll Khammam,ANAESTHESIOLOGY,750000,Info not available,2000000,1,1080
2,53031,Tel Govt-NS LOC,ST-GEN,Telangana,Govt Med Coll Siddipet,OBG,10000, 50686,2000000,1,-
2,53511,Tel Govt-NS LOC,SC-FEM,Telangana,Prathima IMS Karimnagar,GENERAL SURGERY,750000,Info not available,2000000,1,1060
2,53945,Tel Govt-NS UNR,OPEN-GEN,Telangana,Osmania Med Coll Hyderabad,PHARMACOLOGY,10000, 50686,2000000,1,4800
2,54190,Tel Govt-NS LOC,MIN-FEM-MSM,Telangana,DrVRK Womens MedCollAziznagar,PATHOLOGY,430000,Info not available,2000000,1,500
2,54241,Tel Govt-NS LOC,ST-GEN,Telangana,Osmania Med Coll Hyderabad,ENT,10000, 50686,2000000,1,4800
2,54349,Tel Govt-NS LOC,BCC-GEN,Telangana,Osmania Med Coll Hyderabad,SPM,10000, 50686,2000000,1,4800
2,54501,Tel Govt-NS LOC,ST-GEN,Telangana,Malla Reddy IMS Hyderabad,PAEDIATRICS,700000,Info not available,2000000,1,940
2,54818,Tel Govt-NS LOC,ST-FEM,Telangana,ESIC Med CollSanath Nagar,ANAESTHESIOLOGY, 250000,107800,1000000,2,690
2,54908,Tel Govt-NS LOC,BCB-GEN,Telangana,Govt Med Coll Mahabubnagar,SPM,10000, 50686,2000000,1,900
2,55080,Tel Govt-NS LOC,BCB-FEM,Telangana,Govt Med Coll Siddipet,PATHOLOGY,10000, 50686,2000000,1,-
2,55134,Tel Govt-NS LOC,BCE-GEN,Telangana,ESIC Med CollSanath Nagar,IHBT, 250000,107800,1000000,2,690
2,55309,Tel Govt-NS LOC,SC-GEN,Telangana,RVM IMSRC Siddipet,TBRD,700000,Info not available,2000000,1,1110
2,55596,Tel Govt-NS LOC,SC-FEM,Telangana,MNR Med Coll Sangareddy,ENT,700000,Info not available,2000000,1,760
2,55616,Tel Govt-Serv LOC,OPEN-GEN,Telangana,Osmania Med Coll Hyderabad,DERMATOLOGY,10000, 50686,2000000,1,4800
2,55646,Tel Govt-NS LOC,ST-GEN,Telangana,Malla Reddy IMS Hyderabad,OBG,700000,Info not available,2000000,1,940
2,56239,Tel Govt-NS UNR,ST-GEN,Telangana,Bhaskar Med Coll Yenkapally,GENERAL SURGERY,750000,Info not available,2000000,1,850
2,56445,Tel Govt-NS LOC,SC-GEN,Telangana,Prathima IMS Karimnagar,ANAESTHESIOLOGY,750000,Info not available,2000000,1,1060
2,56844,Tel Govt-NS LOC,SC-GEN,Telangana,MNR Med Coll Sangareddy,ANAESTHESIOLOGY,700000,Info not available,2000000,1,760
2,57066,Tel Govt-NS LOC,SC-GEN,Telangana,Mediciti IMS Ghanpur,OPHTHALMOLOGY,700000,Info not available,2000000,1,720
2,57149,Tel Govt-Serv LOC,OPEN-GEN,Telangana,Osmania Med Coll Hyderabad,PAEDIATRICS,10000, 50686,2000000,1,4800
2,57628,Tel Govt-Serv UNR,OPEN-FEM,Telangana,Kakatiya Med Coll Warangal,GENERAL MEDICINE,10000, 50686,2000000,1,1150
2,57643,Tel Govt-NS LOC,BCA-GEN,Telangana,Malla Reddy(Women) Hyderabad,RADIATION ONCOLOGY,700000,Info not available,2000000,1,1050
2,57982,Tel Govt-NS LOC,BCE-FEM,Telangana,Mamata AcadofMedSciBachupally,PATHOLOGY,430000,Info not available,2000000,1,-
2,58179,Tel Govt-Serv LOC,BCA-GEN,Telangana,Kakatiya Med Coll Warangal,GENERAL MEDICINE,10000, 50686,2000000,1,1150
2,58370,Tel Govt-NS LOC,OPEN-GEN,Telangana,SVS Med Coll Mehboobnagar,PATHOLOGY,460000,Info not available,2000000,1,760
2,58770,Tel Govt-Serv LOC,OPEN-GEN,Telangana,SVS Med Coll Mehboobnagar,GENERAL MEDICINE,750000,Info not available,2000000,1,760
2,58882,Tel Govt-NS UNR,ST-FEM,Telangana,Osmania Med Coll Hyderabad,OPHTHALMOLOGY,10000, 50686,2000000,1,4800
2,59051,Tel Govt-NS LOC,OPEN-FEM,Telangana,Osmania Med Coll Hyderabad,PHARMACOLOGY,10000, 50686,2000000,1,4800
2,59392,Tel Govt-NS LOC,ST-FEM,Telangana,Kakatiya Med Coll Warangal,GENERAL SURGERY,10000, 50686,2000000,1,1150
2,59776,Tel Govt-Serv LOC,OPEN-GEN,Telangana,Malla Reddy IMS Hyderabad,RADIO DIAGNOSIS,700000,Info not available,2000000,1,940
2,60004,Tel Govt-NS LOC,OPEN-GEN,Telangana,Osmania Med Coll Hyderabad,DPH,10000, 50686,1000000,1,4800
2,60354,Tel Govt-NS LOC,OPEN-GEN,Telangana,ESIC Med CollSanath Nagar,PHARMACOLOGY, 250000,107800,1000000,2,690
2,60500,Tel Govt-NS LOC,OPEN-GEN,Telangana,Mamata Med Coll Khammam,PATHOLOGY,430000,Info not available,2000000,1,1080
2,60721,Tel Govt-Serv LOC,OPEN-GEN,Telangana,Bhaskar Med Coll Yenkapally,DERMATOLOGY,750000,Info not available,2000000,1,850
2,61210,Tel Govt-NS LOC,BCB-FEM,Telangana,CAIMS Karimnagar,PSYCHIATRY,775000,Info not available,2000000,1,1000
2,61546,Tel Govt-NS LOC,ST-GEN,Telangana,Mediciti IMS Ghanpur,GENERAL MEDICINE,700000,Info not available,2000000,1,720
2,62056,Tel Govt-NS LOC,ST-GEN,Telangana,Mediciti IMS Ghanpur,DERMATOLOGY,700000,Info not available,2000000,1,720
2,62073,Tel Govt-NS LOC,SC-FEM,Telangana,CAIMS Karimnagar,ORTHOPAEDICS,775000,Info not available,2000000,1,1000
2,62418,Tel Govt-NS LOC,BCB-GEN,Telangana,Osmania Med Coll Hyderabad,MICROBIOLOGY,10000, 50686,2000000,1,4800
2,62421,Tel Govt-NS UNR,ST-FEM,Telangana,Apollo IMSR Hyderabad,GENERAL MEDICINE,750000,Info not available,2000000,1,570
2,62459,Tel Govt-NS LOC,ST-FEM,Telangana,Osmania Med Coll Hyderabad,GENERAL SURGERY,10000, 50686,2000000,1,4800
2,63562,Tel Govt-NS LOC,OPEN-FEM,Telangana,Kakatiya Med Coll Warangal,PHARMACOLOGY,10000, 50686,2000000,1,1150
2,63782,Tel Govt-NS LOC,ST-GEN,Telangana,Prathima IMS Karimnagar,PAEDIATRICS,750000,Info not available,2000000,1,1060
2,63863,Tel Govt-Serv LOC,OPEN-FEM,Telangana,Osmania Med Coll Hyderabad,OBG,10000, 50686,2000000,1,4800
2,63927,Tel Govt-NS LOC,OPEN-FEM,Telangana,Gandhi Med Coll Secunderabad,FORENSIC MEDICINE,10000, 50686,2000000,1,1200
2,64130,Tel Govt-NS UNR,SC-GEN,Telangana,Rajiv Gandhi IMS Adilabad,PATHOLOGY,10000, 50686,2000000,1,Info Not Available
2,65414,Tel Govt-NS UNR,ST-GEN,Telangana,Mamata Med Coll Khammam,OBG,750000,Info not available,2000000,1,1080
2,65435,Tel Govt-Serv LOC,SC-GEN,Telangana,Osmania Med Coll Hyderabad,DERMATOLOGY,10000, 50686,2000000,1,4800
2,65514,Tel Govt-NS UNR,ST-GEN,Telangana,Mediciti IMS Ghanpur,ORTHOPAEDICS,700000,Info not available,2000000,1,720
2,65781,Tel Govt-NS LOC,OPEN-FEM,Telangana,NIMS Hyderabad,BIOCHEMISTRY,72000, 99969,5000000,1,1498
2,65893,Tel Govt-NS LOC,OPEN-GEN,Telangana,Kamineni IMS Narketpally,PATHOLOGY,430000,Info not available,2000000,1,1060
2,65947,Tel Govt-NS UNR,SC-GEN,Telangana,Osmania Med Coll Hyderabad,MICROBIOLOGY,10000, 50686,2000000,1,4800
2,66027,Tel Govt-NS LOC,OPEN-GEN,Telangana,NIMS Hyderabad,BIOCHEMISTRY,72000, 99969,5000000,1,1498
2,66346,Tel Govt-NS LOC,SC-GEN,Telangana,Prathima IMS Karimnagar,PSYCHIATRY,750000,Info not available,2000000,1,1060
2,66462,Tel Govt-NS LOC,ST-FEM,Telangana,Kakatiya Med Coll Warangal,ANAESTHESIOLOGY,10000, 50686,2000000,1,1150
2,66528,Tel Govt-NS UNR,OPEN-FEM,Telangana,SVS Med Coll Mehboobnagar,PATHOLOGY,460000,Info not available,2000000,1,760
2,66922,Tel Govt-NS LOC,SC-GEN,Telangana,Gandhi Med Coll Secunderabad,SPM,10000, 50686,2000000,1,1200
2,66953,Tel Govt-NS LOC,OPEN-FEM,Telangana,Govt Med Coll Siddipet,MICROBIOLOGY,10000, 50686,2000000,1,-
2,66964,Tel Govt-NS LOC,ST-FEM,Telangana,Govt Med Coll Siddipet,ENT,10000, 50686,2000000,1,-
2,66992,Tel Govt-Serv UNR,OPEN-GEN,Telangana,Mediciti IMS Ghanpur,GENERAL MEDICINE,700000,Info not available,2000000,1,720
2,67071,Tel Govt-NS LOC,OPEN-FEM,Telangana,Osmania Med Coll Hyderabad,BIOCHEMISTRY,10000, 50686,2000000,1,4800
2,67510,Tel Govt-NS LOC,ST-GEN,Telangana,SVS Med Coll Mehboobnagar,GENERAL SURGERY,750000,Info not available,2000000,1,760
2,67773,Tel Govt-NS LOC,OPEN-GEN,Telangana,Govt Med Coll Nalgonda,PHARMACOLOGY,10000, 50686,2000000,1,-
2,67983,Tel Govt-NS LOC,ST-GEN,Telangana,RVM IMSRC Siddipet,GENERAL MEDICINE,700000,Info not available,2000000,1,1110
2,67993,Tel Govt-Serv LOC,OPEN-GEN,Telangana,Apollo IMSR Hyderabad,RADIO DIAGNOSIS,750000,Info not available,2000000,1,570
2,68103,Tel Govt-NS LOC,BCD-FEM,Telangana,Mamata Med Coll Khammam,PSYCHIATRY,750000,Info not available,2000000,1,1080
2,68145,Tel Govt-NS LOC,OPEN-GEN,Telangana,Govt Med Coll Suryapet,MICROBIOLOGY,10000, 50686,2000000,1,-
2,69114,Tel Govt-Serv LOC,BCB-GEN,Telangana,Osmania Med Coll Hyderabad,GENERAL MEDICINE,10000, 50686,2000000,1,4800
2,69241,Tel Govt-Serv LOC,OPEN-FEM,Telangana,Kakatiya Med Coll Warangal,PAEDIATRICS,10000, 50686,2000000,1,1150
2,69365,Tel Govt-NS LOC,OPEN-FEM,Telangana,Gandhi Med Coll Secunderabad,PHYSIOLOGY,10000, 50686,2000000,1,1200
2,70014,Tel Govt-NS LOC,OPEN-GEN,Telangana,CAIMS Karimnagar,PATHOLOGY,430000,Info not available,2000000,1,1000
2,70662,Tel Govt-NS LOC,OPEN-GEN,Telangana,Osmania Med Coll Hyderabad,BIOCHEMISTRY,10000, 50686,2000000,1,4800
2,70754,Tel Govt-NS UNR,OPEN-FEM,Telangana,Osmania Med Coll Hyderabad,FORENSIC MEDICINE,10000, 50686,2000000,1,4800
2,70936,Tel Govt-NS LOC,ST-GEN,Telangana,Malla Reddy(Women) Hyderabad,ANAESTHESIOLOGY,700000,Info not available,2000000,1,1050
2,71048,Tel Govt-Serv LOC,BCD-GEN,Telangana,Govt Med Coll Nizamabad,GENERAL MEDICINE,10000, 50686,2000000,1,500
2,71201,Tel Govt-NS LOC,SC-GEN,Telangana,Osmania Med Coll Hyderabad,PHARMACOLOGY,10000, 50686,2000000,1,4800
2,71261,Tel Govt-Serv LOC,SC-GEN,Telangana,Osmania Med Coll Hyderabad,RADIO DIAGNOSIS,10000, 50686,2000000,1,4800
2,71818,Tel Govt-NS LOC,ST-GEN,Telangana,Osmania Med Coll Hyderabad,OPHTHALMOLOGY,10000, 50686,2000000,1,4800
2,71920,Tel Govt-NS LOC,ST-FEM,Telangana,Dr Patnam MRInstofMSChevella,GENERAL MEDICINE,-,-,-,-,-
2,72035,Tel Govt-NS LOC,ST-GEN,Telangana,Malla Reddy IMS Hyderabad,GENERAL SURGERY,700000,Info not available,2000000,1,940
2,72215,Tel Govt-NS LOC,OPEN-GEN,Telangana,Prathima IMS Karimnagar,PATHOLOGY,462250,Info not available,2000000,1,1060
2,72228,Tel Govt-NS LOC,OPEN-GEN,Telangana,ESIC Med CollSanath Nagar,BIOCHEMISTRY, 250000,107800,1000000,2,690
2,72242,Tel Govt-NS LOC,OPEN-GEN,Telangana,Osmania Med Coll Hyderabad,PHYSIOLOGY,10000, 50686,2000000,1,4800
2,72455,Tel Govt-NS LOC,ST-FEM,Telangana,Mahavir Inst of MS Vikarabad,PAEDIATRICS,700000,Info not available,2000000,1,700
2,72553,Tel Govt-NS UNR,OPEN-GEN,Telangana,Osmania Med Coll Hyderabad,BIOCHEMISTRY,10000, 50686,2000000,1,4800
2,72765,Tel Govt-Serv LOC,OPEN-GEN,Telangana,Gandhi Med Coll Secunderabad,PAEDIATRICS,10000, 50686,2000000,1,1200
2,73201,Tel Govt-NS LOC,ST-GEN,Telangana,Osmania Med Coll Hyderabad,PSYCHIATRY,10000, 50686,2000000,1,4800
2,73298,Tel Govt-NS LOC,SC-GEN,Telangana,NIMS Hyderabad,HOSPITAL ADMINISTRATION,72000, 99969,5000000,1,1498
2,73984,Tel Govt-NS UNR,BCD-GEN,Telangana,Malla Reddy IMS Hyderabad,PATHOLOGY,430000,Info not available,2000000,1,940
2,74399,Tel Govt-NS LOC,BCA-GEN,Telangana,Govt Med Coll Nizamabad,PHARMACOLOGY,10000, 50686,2000000,1,500
2,74448,Tel Govt-NS LOC,ST-GEN,Telangana,Kakatiya Med Coll Warangal,EMERGENCY MEDICINE,10000, 50686,2000000,1,1150
2,74623,Tel Govt-NS LOC,ST-GEN,Telangana,Malla Reddy(Women) Hyderabad,OBG,700000,Info not available,2000000,1,1050
2,74781,Tel Govt-Serv LOC,MIN-GEN-MSM,Telangana,DCMS Hyderabad,RADIO DIAGNOSIS,775000,Info not available,2000000,1,1400
2,74828,Tel Govt-NS LOC,SC-GEN,Telangana,NIMS Hyderabad,BIOCHEMISTRY,72000, 99969,5000000,1,1498
2,75024,Tel Govt-NS LOC,BCD-GEN,Telangana,Gandhi Med Coll Secunderabad,MICROBIOLOGY,10000, 50686,2000000,1,1200
2,75233,Tel Govt-NS LOC,ST-FEM,Telangana,CAIMS Karimnagar,OBG,775000,Info not available,2000000,1,1000
2,75422,Tel Govt-NS LOC,BCB-GEN,Telangana,Gandhi Med Coll Secunderabad,PHARMACOLOGY,10000, 50686,2000000,1,1200
2,77278,Tel Govt-NS LOC,BCA-GEN,Telangana,Kamineni (KAMSRC) Hyderabad,PATHOLOGY,430000,Info not available,2000000,1,650
2,77976,Tel Govt-NS LOC,BCA-GEN,Telangana,Kakatiya Med Coll Warangal,MICROBIOLOGY,10000, 50686,2000000,1,1150
2,78035,Tel Govt-NS LOC,BCB-GEN,Telangana,NIMS Hyderabad,HOSPITAL ADMINISTRATION,72000, 99969,5000000,1,1498
2,78330,Tel Govt-NS LOC,BCD-FEM,Telangana,CAIMS Karimnagar,PATHOLOGY,430000,Info not available,2000000,1,1000
2,78951,Tel Govt-Serv LOC,OPEN-GEN,Telangana,Kamineni (KAMSRC) Hyderabad,GENERAL MEDICINE,700000,Info not available,2000000,1,650
2,79235,Tel Govt-NS UNR,BCE-GEN,Telangana,Osmania Med Coll Hyderabad,PHARMACOLOGY,10000, 50686,2000000,1,4800
2,79254,Tel Govt-NS LOC,OPEN-GEN,Telangana,Kakatiya Med Coll Warangal,BIOCHEMISTRY,10000, 50686,2000000,1,1150
2,79597,Tel Govt-NS LOC,OPEN-GEN,Telangana,Gandhi Med Coll Secunderabad,BIOCHEMISTRY,10000, 50686,2000000,1,1200
2,79796,Tel Govt-Serv UNR,OPEN-GEN,Telangana,Kakatiya Med Coll Warangal,EMERGENCY MEDICINE,10000, 50686,2000000,1,1150
2,80538,Tel Govt-NS LOC,ST-GEN,Telangana,NIMS Hyderabad,PATHOLOGY,72000, 99969,5000000,1,1498
2,80676,Tel Govt-NS LOC,ST-GEN,Telangana,Mahavir Inst of MS Vikarabad,OBG,700000,Info not available,2000000,1,700
2,81130,Tel Govt-Serv LOC,OPEN-GEN,Telangana,Gandhi Med Coll Secunderabad,OBG,10000, 50686,2000000,1,1200
2,81852,Tel Govt-NS LOC,OPEN-GEN,Telangana,Osmania Med Coll Hyderabad,FORENSIC MEDICINE,10000, 50686,2000000,1,4800
2,82120,Tel Govt-Serv LOC,ST-GEN,Telangana,Osmania Med Coll Hyderabad,PAEDIATRICS,10000, 50686,2000000,1,4800
2,82231,Tel Govt-Serv UNR,OPEN-GEN,Telangana,Malla Reddy IMS Hyderabad,OBG,700000,Info not available,2000000,1,940
2,84033,Tel Govt-Serv UNR,OPEN-GEN,Telangana,Govt Med Coll Nizamabad,GENERAL SURGERY,10000, 50686,2000000,1,500
2,84284,Tel Govt-Serv LOC,OPEN-GEN,Telangana,Malla Reddy IMS Hyderabad,GENERAL MEDICINE,700000,Info not available,2000000,1,940
2,84634,Tel Govt-NS LOC,ST-GEN,Telangana,Malla Reddy IMS Hyderabad,OPHTHALMOLOGY,700000,Info not available,2000000,1,940
2,84636,Tel Govt-NS LOC,BCB-GEN,Telangana,RVM IMSRC Siddipet,PATHOLOGY,430000,Info not available,2000000,1,1110
2,84780,Tel Govt-Serv LOC,ST-GEN,Telangana,Rajiv Gandhi IMS Adilabad,GENERAL MEDICINE,10000, 50686,2000000,1,Info Not Available
2,85034,Tel Govt-NS LOC,SC-GEN,Telangana,Osmania Med Coll Hyderabad,BIOCHEMISTRY,10000, 50686,2000000,1,4800
2,85266,Tel Govt-NS LOC,OPEN-GEN,Telangana,Osmania Med Coll Hyderabad,ANATOMY,10000, 50686,2000000,1,4800
2,85368,Tel Govt-NS LOC,SC-FEM,Telangana,SVS Med Coll Mehboobnagar,PATHOLOGY,460000,Info not available,2000000,1,760
2,85744,Tel Govt-NS LOC,OPEN-GEN,Telangana,ESIC Med CollSanath Nagar,PHYSIOLOGY, 250000,107800,1000000,2,690
2,85859,Tel Govt-NS LOC,BCB-FEM,Telangana,Kakatiya Med Coll Warangal,MICROBIOLOGY,10000, 50686,2000000,1,1150
2,86403,Tel Govt-NS LOC,ST-FEM,Telangana,Mediciti IMS Ghanpur,TBRD,700000,Info not available,2000000,1,720
2,86548,Tel Govt-NS LOC,OPEN-FEM,Telangana,Mediciti IMS Ghanpur,PHYSIOLOGY,170000,Info not available,2000000,1,720
2,86576,Tel Govt-NS LOC,SC-GEN,Telangana,Gandhi Med Coll Secunderabad,FORENSIC MEDICINE,10000, 50686,2000000,1,1200
2,87179,Tel Govt-NS UNR,ST-FEM,Telangana,Malla Reddy IMS Hyderabad,ANAESTHESIOLOGY,700000,Info not available,2000000,1,940
2,87210,Tel Govt-NS LOC,SC-GEN,Telangana,Mamata AcadofMedSciBachupally,PATHOLOGY,430000,Info not available,2000000,1,-
2,87320,Tel Govt-Serv UNR,SC-GEN,Telangana,Malla Reddy IMS Hyderabad,GENERAL MEDICINE,700000,Info not available,2000000,1,940
2,87833,Tel Govt-Serv LOC,OPEN-GEN,Telangana,Prathima IMS Karimnagar,PAEDIATRICS,750000,Info not available,2000000,1,1060
2,88047,Tel Govt-Serv UNR,BCA-GEN,Telangana,Osmania Med Coll Hyderabad,OBG,10000, 50686,2000000,1,4800
2,89135,Tel Govt-NS LOC,SC-FEM,Telangana,Govt Med Coll Mahabubnagar,MICROBIOLOGY,10000, 50686,2000000,1,900
2,89318,Tel Govt-NS LOC,OPEN-FEM,Telangana,Kakatiya Med Coll Warangal,BIOCHEMISTRY,10000, 50686,2000000,1,1150
2,89381,Tel Govt-Serv LOC,BCB-GEN,Telangana,Gandhi Med Coll Secunderabad,RADIO DIAGNOSIS,10000, 50686,2000000,1,1200
2,89907,Tel Govt-Serv LOC,OPEN-GEN,Telangana,Osmania Med Coll Hyderabad,TBRD,10000, 50686,2000000,1,4800
2,90054,Tel Govt-NS UNR,ST-GEN,Telangana,Kamineni IMS Narketpally,ANAESTHESIOLOGY,750000,Info not available,2000000,1,1060
2,91611,Tel Govt-Serv UNR,SC-GEN,Telangana,Malla Reddy IMS Hyderabad,PAEDIATRICS,700000,Info not available,2000000,1,940
2,91632,Tel Govt-Serv LOC,ST-GEN,Telangana,SVS Med Coll Mehboobnagar,RADIO DIAGNOSIS,750000,Info not available,2000000,1,760
2,91708,Tel Govt-Serv LOC,ST-GEN,Telangana,Surabhi InstituteofMSSiddipet,GENERAL MEDICINE,775000,Info not available,2000000,1,-
2,92126,Tel Govt-Serv UNR,ST-GEN,Telangana,Rajiv Gandhi IMS Adilabad,DERMATOLOGY,10000, 50686,2000000,1,Info Not Available
2,92491,Tel Govt-Serv LOC,BCB-GEN,Telangana,Osmania Med Coll Hyderabad,PAEDIATRICS,10000, 50686,2000000,1,4800
2,92673,Tel Govt-Serv UNR,BCD-GEN,Telangana,Osmania Med Coll Hyderabad,GENERAL SURGERY,10000, 50686,2000000,1,4800
2,93124,Tel Govt-NS LOC,ST-FEM,Telangana,Kamineni (KAMSRC) Hyderabad,GENERAL SURGERY,700000,Info not available,2000000,1,650
2,93439,Tel Govt-Serv LOC,OPEN-FEM,Telangana,Bhaskar Med Coll Yenkapally,RADIO DIAGNOSIS,750000,Info not available,2000000,1,850
2,93500,Tel Govt-NS LOC,ST-GEN,Telangana,Prathima IMS Karimnagar,ORTHOPAEDICS,750000,Info not available,2000000,1,1060
2,93546,Tel Govt-Serv UNR,OPEN-GEN,Telangana,Osmania Med Coll Hyderabad,ANAESTHESIOLOGY,10000, 50686,2000000,1,4800
2,93977,Tel Govt-NS LOC,OPEN-GEN-PHO,Telangana,Gandhi Med Coll Secunderabad,GENERAL MEDICINE,10000, 50686,2000000,1,1200
2,95261,Tel Govt-NS LOC,OPEN-GEN,Telangana,Kakatiya Med Coll Warangal,FORENSIC MEDICINE,10000, 50686,2000000,1,1150
2,95632,Tel Govt-NS LOC,BCA-FEM,Telangana,NIMS Hyderabad,BIOCHEMISTRY,72000, 99969,5000000,1,1498
2,96053,Tel Govt-Serv LOC,SC-GEN,Telangana,Osmania Med Coll Hyderabad,PAEDIATRICS,10000, 50686,2000000,1,4800
2,96054,Tel Govt-Serv LOC,OPEN-GEN,Telangana,Osmania Med Coll Hyderabad,OBG,10000, 50686,2000000,1,4800
2,96370,Tel Govt-NS LOC,BCE-GEN,Telangana,Govt Med Coll Nalgonda,MICROBIOLOGY,10000, 50686,2000000,1,-
2,96479,Tel Govt-Serv LOC,OPEN-GEN,Telangana,Prathima IMS Karimnagar,RADIO DIAGNOSIS,750000,Info not available,2000000,1,1060
2,96641,Tel Govt-Serv LOC,OPEN-GEN,Telangana,Malla Reddy IMS Hyderabad,PAEDIATRICS,700000,Info not available,2000000,1,940
2,97015,Tel Govt-Serv LOC,OPEN-GEN,Telangana,Osmania Med Coll Hyderabad,GENERAL SURGERY,10000, 50686,2000000,1,4800
2,97069,Tel Govt-Serv LOC,SC-GEN,Telangana,SVS Med Coll Mehboobnagar,GENERAL MEDICINE,750000,Info not available,2000000,1,760
2,97127,Tel Govt-Serv LOC,BCB-GEN,Telangana,SVS Med Coll Mehboobnagar,DERMATOLOGY,750000,Info not available,2000000,1,760
2,97643,Tel Govt-NS LOC,SC-GEN,Telangana,Malla Reddy IMS Hyderabad,PATHOLOGY,430000,Info not available,2000000,1,940
2,98615,Tel Govt-Serv UNR,BCE-GEN,Telangana,Mamata Med Coll Khammam,RADIO DIAGNOSIS,750000,Info not available,2000000,1,1080
2,98844,Tel Govt-NS LOC,OPEN-GEN,Telangana,Govt Med Coll Siddipet,FORENSIC MEDICINE,10000, 50686,2000000,1,-
2,99582,Tel Govt-Serv UNR,BCB-GEN,Telangana,Mediciti IMS Ghanpur,TBRD,700000,Info not available,2000000,1,720
2,99583,Tel Govt-Serv LOC,OPEN-FEM,Telangana,Kakatiya Med Coll Warangal,GENERAL SURGERY,10000, 50686,2000000,1,1150
2,99585,Tel Govt-Serv LOC,OPEN-GEN,Telangana,Kamineni IMS Narketpally,GENERAL MEDICINE,750000,Info not available,2000000,1,1060
2,99598,Tel Govt-NS LOC,OPEN-GEN,Telangana,Rajiv Gandhi IMS Adilabad,FORENSIC MEDICINE,10000, 50686,2000000,1,Info Not Available
2,99657,Tel Govt-NS LOC,ST-GEN,Telangana,Govt Med Coll Mahabubnagar,PHARMACOLOGY,10000, 50686,2000000,1,900
2,99720,Tel Govt-Serv LOC,OPEN-FEM,Telangana,Mediciti IMS Ghanpur,RADIO DIAGNOSIS,700000,Info not available,2000000,1,720
2,100024,Tel Govt-NS LOC,ST-GEN,Telangana,Dr Patnam MRInstofMSChevella,ORTHOPAEDICS,-,-,-,-,-
2,100216,Tel Govt-NS LOC,SC-GEN,Telangana,ESIC Med CollSanath Nagar,EMERGENCY MEDICINE, 250000,107800,1000000,2,690
2,100278,Tel Govt-NS LOC,MIN-GEN-MSM,Telangana,Shadan IMSRC Peerancheru,PHYSIOLOGY,200000,Info not available,2000000,1,800
2,100938,Tel Govt-NS LOC,ST-GEN,Telangana,Osmania Med Coll Hyderabad,RADIATION ONCOLOGY,10000, 50686,2000000,1,4800
2,101893,Tel Govt-Serv LOC,OPEN-GEN,Telangana,Dr Patnam MRInstofMSChevella,DERMATOLOGY,-,-,-,-,-
2,102738,Tel Govt-NS LOC,ST-GEN,Telangana,CAIMS Karimnagar,GENERAL SURGERY,775000,Info not available,2000000,1,1000
2,103058,Tel Govt-Serv UNR,OPEN-GEN,Telangana,Bhaskar Med Coll Yenkapally,ORTHOPAEDICS,750000,Info not available,2000000,1,850
2,103181,Tel Govt-NS LOC,MIN-GEN-MSM,Telangana,DCMS Hyderabad,BIOCHEMISTRY,216000,Info not available,2000000,1,1400
2,103383,Tel Govt-Serv LOC,BCA-GEN,Telangana,CAIMS Karimnagar,RADIO DIAGNOSIS,775000,Info not available,2000000,1,1000
2,103398,Tel Govt-NS LOC,SC-FEM,Telangana,Dr Patnam MRInstofMSChevella,PATHOLOGY,430000,Info not available,2000000,1,-
2,103548,Tel Govt-NS LOC,BCA-FEM,Telangana,Kamineni IMS Narketpally,PATHOLOGY,430000,Info not available,2000000,1,1060
2,105261,Tel Govt-NS UNR,ST-FEM,Telangana,Mediciti IMS Ghanpur,PSYCHIATRY,700000,Info not available,2000000,1,720
2,107617,Tel Govt-Serv LOC,BCB-GEN,Telangana,Prathima IMS Karimnagar,GENERAL MEDICINE,750000,Info not available,2000000,1,1060
2,107892,Tel Govt-NS LOC,ST-GEN,Telangana,Bhaskar Med Coll Yenkapally,PSYCHIATRY,750000,Info not available,2000000,1,850
2,108131,Tel Govt-NS LOC,OPEN-GEN,Telangana,Gandhi Med Coll Secunderabad,ANATOMY,10000, 50686,2000000,1,1200
2,109163,Tel Govt-Serv LOC,SC-GEN,Telangana,Gandhi Med Coll Secunderabad,ORTHOPAEDICS,10000, 50686,2000000,1,1200
2,109379,Tel Govt-Serv LOC,SC-FEM,Telangana,Gandhi Med Coll Secunderabad,GENERAL MEDICINE,10000, 50686,2000000,1,1200
2,111079,Tel Govt-Serv LOC,BCD-GEN,Telangana,MNR Med Coll Sangareddy,DERMATOLOGY,700000,Info not available,2000000,1,760
2,111394,Tel Govt-NS LOC,ST-GEN,Telangana,Prathima IMS Karimnagar,GENERAL SURGERY,750000,Info not available,2000000,1,1060
2,111436,Tel Govt-Serv LOC,BCD-GEN,Telangana,MNR Med Coll Sangareddy,RADIO DIAGNOSIS,700000,Info not available,2000000,1,760
2,111483,Tel Govt-Serv LOC,OPEN-GEN,Telangana,Kakatiya Med Coll Warangal,ORTHOPAEDICS,10000, 50686,2000000,1,1150
2,112201,Tel Govt-Serv LOC,SC-GEN,Telangana,Osmania Med Coll Hyderabad,OBG,10000, 50686,2000000,1,4800
2,112951,Tel Govt-Serv LOC,SC-GEN,Telangana,Rajiv Gandhi IMS Adilabad,TBRD,10000, 50686,2000000,1,Info Not Available
2,113093,Tel Govt-NS LOC,BCA-GEN,Telangana,Govt Med Coll Mahabubnagar,FORENSIC MEDICINE,10000, 50686,2000000,1,900
2,113116,Tel Govt-NS LOC,OPEN-FEM,Telangana,Govt Med Coll Suryapet,PHARMACOLOGY,10000, 50686,2000000,1,-
2,113551,Tel Govt-Serv LOC,SC-FEM,Telangana,Kakatiya Med Coll Warangal,PAEDIATRICS,10000, 50686,2000000,1,1150
2,113960,Tel Govt-Serv LOC,ST-GEN,Telangana,Osmania Med Coll Hyderabad,GENERAL SURGERY,10000, 50686,2000000,1,4800
2,114060,Tel Govt-NS UNR,MIN-GEN-MSM,Telangana,DCMS Hyderabad,ANATOMY,216000,Info not available,2000000,1,1400
2,114109,Tel Govt-Serv LOC,SC-GEN,Telangana,Dr Patnam MRInstofMSChevella,GENERAL MEDICINE,-,-,-,-,-
2,114149,Tel Govt-Serv LOC,SC-FEM,Telangana,Kamineni (KAMSRC) Hyderabad,RADIO DIAGNOSIS,700000,Info not available,2000000,1,650
2,114386,Tel Govt-Serv LOC,OPEN-GEN,Telangana,Osmania Med Coll Hyderabad,OPHTHALMOLOGY,10000, 50686,2000000,1,4800
2,115485,Tel Govt-Serv LOC,SC-GEN,Telangana,Gandhi Med Coll Secunderabad,GENERAL SURGERY,10000, 50686,2000000,1,1200
2,116387,Tel Govt-Serv UNR,MIN-GEN-MSM,Telangana,DCMS Hyderabad,ORTHOPAEDICS,775000,Info not available,2000000,1,1400
2,116743,Tel Govt-Serv LOC,BCA-GEN,Telangana,ESIC Med CollSanath Nagar,GENERAL MEDICINE, 250000,107800,1000000,2,690
2,117099,Tel Govt-NS LOC,BCE-GEN,Telangana,Mamata Med Coll Khammam,SPM,430000,Info not available,2000000,1,1080
2,117215,Tel Govt-NS UNR,BCA-GEN,Telangana,Osmania Med Coll Hyderabad,BIOCHEMISTRY,10000, 50686,2000000,1,4800
2,117583,Tel Govt-Serv LOC,OPEN-GEN,Telangana,Gandhi Med Coll Secunderabad,ANAESTHESIOLOGY,10000, 50686,2000000,1,1200
2,117618,Tel Govt-NS LOC,ST-GEN,Telangana,CAIMS Karimnagar,OPHTHALMOLOGY,775000,Info not available,2000000,1,1000
2,117648,Tel Govt-Serv LOC,OPEN-GEN,Telangana,Gandhi Med Coll Secunderabad,OPHTHALMOLOGY,10000, 50686,2000000,1,1200
2,118142,Tel Govt-Serv LOC,BCD-GEN,Telangana,Gandhi Med Coll Secunderabad,OBG,10000, 50686,2000000,1,1200
2,118230,Tel Govt-NS LOC,OPEN-GEN,Telangana,Govt Med Coll Nalgonda,BIOCHEMISTRY,10000, 50686,2000000,1,-
2,118330,Tel Govt-NS LOC,ST-GEN,Telangana,Mediciti IMS Ghanpur,ANAESTHESIOLOGY,700000,Info not available,2000000,1,720
2,118587,Tel Govt-NS LOC,BCD-GEN,Telangana,Govt Med Coll Siddipet,SPM,10000, 50686,2000000,1,-
2,119526,Tel Govt-NS LOC,ST-GEN,Telangana,Osmania Med Coll Hyderabad,PATHOLOGY,10000, 50686,2000000,1,4800
2,119731,Tel Govt-Serv UNR,BCE-GEN,Telangana,Osmania Med Coll Hyderabad,RADIATION ONCOLOGY,10000, 50686,2000000,1,4800
2,119740,Tel Govt-NS LOC,BCA-GEN,Telangana,Apollo IMSR Hyderabad,SPM,430000,Info not available,2000000,1,570
2,120106,Tel Govt-Serv LOC,MIN-GEN-MSM,Telangana,DCMS Hyderabad,GENERAL MEDICINE,775000,Info not available,2000000,1,1400
2,120383,Tel Govt-NS LOC,ST-GEN,Telangana,Bhaskar Med Coll Yenkapally,ANAESTHESIOLOGY,750000,Info not available,2000000,1,850
3,168,Tel Govt-NS UNR,OPEN-GEN,Telangana,NIMS Hyderabad,RADIO DIAGNOSIS,72000, 99969,5000000,1,1498
3,194,Tel Govt-NS LOC,OPEN-FEM,Telangana,NIMS Hyderabad,RADIO DIAGNOSIS,72000, 99969,5000000,1,1498
3,260,Tel Govt-NS UNR,OPEN-GEN,Telangana,NIMS Hyderabad,GENERAL MEDICINE,72000, 99969,5000000,1,1498
3,282,Tel Govt-NS LOC,OPEN-GEN,Telangana,NIMS Hyderabad,RADIO DIAGNOSIS,72000, 99969,5000000,1,1498
3,291,Tel Govt-NS LOC,BCB-GEN,Telangana,NIMS Hyderabad,RADIO DIAGNOSIS,72000, 99969,5000000,1,1498
3,297,Tel Govt-NS LOC,OPEN-GEN,Telangana,NIMS Hyderabad,GENERAL MEDICINE,72000, 99969,5000000,1,1498
3,436,Tel Govt-NS LOC,OPEN-FEM,Telangana,NIMS Hyderabad,GENERAL MEDICINE,72000, 99969,5000000,1,1498
3,446,Tel Govt-NS LOC,OPEN-GEN,Telangana,Osmania Med Coll Hyderabad,RADIO DIAGNOSIS,10000, 50686,2000000,1,4800
3,515,Tel Govt-NS LOC,OPEN-GEN,Telangana,NIMS Hyderabad,GENERAL MEDICINE,72000, 99969,5000000,1,1498
3,527,Tel Govt-NS LOC,OPEN-FEM,Telangana,Osmania Med Coll Hyderabad,RADIO DIAGNOSIS,10000, 50686,2000000,1,4800
3,633,Tel Govt-NS LOC,OPEN-FEM,Telangana,Gandhi Med Coll Secunderabad,GENERAL MEDICINE,10000, 50686,2000000,1,1200
3,637,Tel Govt-NS LOC,OPEN-GEN,Telangana,Gandhi Med Coll Secunderabad,GENERAL MEDICINE,10000, 50686,2000000,1,1200
3,649,Tel Govt-NS LOC,OPEN-GEN,Telangana,Gandhi Med Coll Secunderabad,GENERAL MEDICINE,10000, 50686,2000000,1,1200
3,690,Tel Govt-NS LOC,OPEN-GEN,Telangana,Gandhi Med Coll Secunderabad,RADIO DIAGNOSIS,10000, 50686,2000000,1,1200
3,708,Tel Govt-NS LOC,OPEN-FEM,Telangana,Osmania Med Coll Hyderabad,GENERAL MEDICINE,10000, 50686,2000000,1,4800
3,745,Tel Govt-NS LOC,OPEN-GEN,Telangana,Osmania Med Coll Hyderabad,GENERAL MEDICINE,10000, 50686,2000000,1,4800
3,766,Tel Govt-NS UNR,OPEN-GEN,Telangana,Osmania Med Coll Hyderabad,DERMATOLOGY,10000, 50686,2000000,1,4800
3,820,Tel Govt-NS UNR,BCB-GEN,Telangana,Osmania Med Coll Hyderabad,RADIO DIAGNOSIS,10000, 50686,2000000,1,4800
3,833,Tel Govt-NS LOC,BCB-GEN,Telangana,Osmania Med Coll Hyderabad,GENERAL MEDICINE,10000, 50686,2000000,1,4800
3,972,Tel Govt-NS LOC,BCB-FEM,Telangana,Osmania Med Coll Hyderabad,RADIO DIAGNOSIS,10000, 50686,2000000,1,4800
3,1088,Tel Govt-NS LOC,OPEN-GEN,Telangana,Osmania Med Coll Hyderabad,GENERAL MEDICINE,10000, 50686,2000000,1,4800
3,1089,Tel Govt-NS LOC,BCD-GEN,Telangana,NIMS Hyderabad,GENERAL MEDICINE,72000, 99969,5000000,1,1498
3,1179,Tel Govt-NS LOC,OPEN-GEN,Telangana,Kakatiya Med Coll Warangal,RADIO DIAGNOSIS,10000, 50686,2000000,1,1150
3,1199,Tel Govt-NS LOC,OPEN-GEN,Telangana,Osmania Med Coll Hyderabad,DERMATOLOGY,10000, 50686,2000000,1,4800
3,1284,Tel Govt-NS UNR,BCB-FEM,Telangana,Gandhi Med Coll Secunderabad,GENERAL MEDICINE,10000, 50686,2000000,1,1200
3,1347,Tel Govt-NS UNR,OPEN-FEM,Telangana,Osmania Med Coll Hyderabad,PAEDIATRICS,10000, 50686,2000000,1,4800
3,1364,Tel Govt-NS UNR,OPEN-GEN,Telangana,Gandhi Med Coll Secunderabad,GENERAL SURGERY,10000, 50686,2000000,1,1200
3,1372,Tel Govt-NS LOC,OPEN-FEM,Telangana,Gandhi Med Coll Secunderabad,GENERAL SURGERY,10000, 50686,2000000,1,1200
3,1446,Tel Govt-NS LOC,BCD-FEM,Telangana,Osmania Med Coll Hyderabad,GENERAL MEDICINE,10000, 50686,2000000,1,4800
3,1492,Tel Govt-NS LOC,BCD-GEN,Telangana,Kakatiya Med Coll Warangal,GENERAL MEDICINE,10000, 50686,2000000,1,1150
3,1551,Tel Govt-NS LOC,OPEN-FEM,Telangana,Gandhi Med Coll Secunderabad,DERMATOLOGY,10000, 50686,2000000,1,1200
3,1656,Tel Govt-NS LOC,BCB-GEN,Telangana,Gandhi Med Coll Secunderabad,RADIO DIAGNOSIS,10000, 50686,2000000,1,1200
3,1744,Tel Govt-NS LOC,BCB-FEM,Telangana,NIMS Hyderabad,GENERAL MEDICINE,72000, 99969,5000000,1,1498
3,1792,Tel Govt-NS LOC,OPEN-GEN,Telangana,Gandhi Med Coll Secunderabad,GENERAL SURGERY,10000, 50686,2000000,1,1200
3,1964,Tel Govt-NS LOC,OPEN-FEM,Telangana,Osmania Med Coll Hyderabad,PAEDIATRICS,10000, 50686,2000000,1,4800
3,2180,Tel Govt-NS LOC,OPEN-GEN,Telangana,Gandhi Med Coll Secunderabad,GENERAL SURGERY,10000, 50686,2000000,1,1200
3,2258,Tel Govt-NS UNR,OPEN-FEM,Telangana,Malla Reddy IMS Hyderabad,RADIO DIAGNOSIS,700000,Info not available,2000000,1,940
3,2289,Tel Govt-NS LOC,OPEN-GEN,Telangana,Kakatiya Med Coll Warangal,GENERAL MEDICINE,10000, 50686,2000000,1,1150
3,2342,Tel Govt-NS LOC,OPEN-GEN,Telangana,Kakatiya Med Coll Warangal,GENERAL MEDICINE,10000, 50686,2000000,1,1150
3,2386,Tel Govt-NS LOC,OPEN-FEM,Telangana,Kakatiya Med Coll Warangal,GENERAL MEDICINE,10000, 50686,2000000,1,1150
3,2398,Tel Govt-NS UNR,OPEN-GEN,Telangana,Osmania Med Coll Hyderabad,PAEDIATRICS,10000, 50686,2000000,1,4800
3,2405,Tel Govt-NS LOC,BCE-GEN,Telangana,Kakatiya Med Coll Warangal,GENERAL MEDICINE,10000, 50686,2000000,1,1150
3,2613,Tel Govt-NS LOC,BCD-GEN,Telangana,Kakatiya Med Coll Warangal,RADIO DIAGNOSIS,10000, 50686,2000000,1,1150
3,2614,Tel Govt-NS LOC,OPEN-GEN,Telangana,Osmania Med Coll Hyderabad,PAEDIATRICS,10000, 50686,2000000,1,4800
3,2631,Tel Govt-NS LOC,OPEN-GEN,Telangana,Osmania Med Coll Hyderabad,PAEDIATRICS,10000, 50686,2000000,1,4800
3,2724,Tel Govt-NS LOC,OPEN-GEN,Telangana,Govt Med Coll Nizamabad,GENERAL MEDICINE,10000, 50686,2000000,1,500
3,2793,Tel Govt-NS LOC,OPEN-GEN,Telangana,Osmania Med Coll Hyderabad,PAEDIATRICS,10000, 50686,2000000,1,4800
3,2799,Tel Govt-NS LOC,OPEN-GEN,Telangana,Apollo IMSR Hyderabad,RADIO DIAGNOSIS,750000,Info not available,2000000,1,570
3,2843,Tel Govt-NS LOC,OPEN-GEN,Telangana,Gandhi Med Coll Secunderabad,GENERAL SURGERY,10000, 50686,2000000,1,1200
3,2888,Tel Govt-NS LOC,OPEN-GEN,Telangana,Malla Reddy IMS Hyderabad,RADIO DIAGNOSIS,700000,Info not available,2000000,1,940
3,2896,Tel Govt-NS LOC,OPEN-GEN,Telangana,Osmania Med Coll Hyderabad,PAEDIATRICS,10000, 50686,2000000,1,4800
3,2988,Tel Govt-NS LOC,BCE-GEN,Telangana,Osmania Med Coll Hyderabad,DERMATOLOGY,10000, 50686,2000000,1,4800
3,3193,Tel Govt-NS LOC,OPEN-GEN,Telangana,Malla Reddy IMS Hyderabad,RADIO DIAGNOSIS,700000,Info not available,2000000,1,940
3,3242,Tel Govt-NS LOC,OPEN-GEN,Telangana,Osmania Med Coll Hyderabad,PAEDIATRICS,10000, 50686,2000000,1,4800
3,3286,Tel Govt-NS LOC,OPEN-FEM,Telangana,Malla Reddy IMS Hyderabad,GENERAL MEDICINE,700000,Info not available,2000000,1,940
3,3307,Tel Govt-NS LOC,OPEN-GEN,Telangana,Osmania Med Coll Hyderabad,PAEDIATRICS,10000, 50686,2000000,1,4800
3,3335,Tel Govt-NS LOC,BCA-GEN,Telangana,Osmania Med Coll Hyderabad,PAEDIATRICS,10000, 50686,2000000,1,4800
3,3340,Tel Govt-NS LOC,OPEN-GEN,Telangana,Osmania Med Coll Hyderabad,GENERAL SURGERY,10000, 50686,2000000,1,4800
3,3496,Tel Govt-NS LOC,BCB-FEM,Telangana,Osmania Med Coll Hyderabad,PAEDIATRICS,10000, 50686,2000000,1,4800
3,3528,Tel Govt-NS UNR,BCB-GEN,Telangana,Kakatiya Med Coll Warangal,GENERAL MEDICINE,10000, 50686,2000000,1,1150
3,3557,Tel Govt-NS UNR,OPEN-FEM,Telangana,Rajiv Gandhi IMS Adilabad,GENERAL MEDICINE,10000, 50686,2000000,1,Info Not Available
3,3587,Tel Govt-NS LOC,BCA-FEM,Telangana,Osmania Med Coll Hyderabad,PAEDIATRICS,10000, 50686,2000000,1,4800
3,3596,Tel Govt-NS LOC,OPEN-GEN,Telangana,Gandhi Med Coll Secunderabad,OBG,10000, 50686,2000000,1,1200
3,3600,Tel Govt-NS LOC,BCB-GEN,Telangana,Kakatiya Med Coll Warangal,GENERAL MEDICINE,10000, 50686,2000000,1,1150
3,3602,Tel Govt-NS LOC,BCB-GEN,Telangana,Govt Med Coll Nizamabad,GENERAL MEDICINE,10000, 50686,2000000,1,500
3,3624,Tel Govt-NS LOC,BCB-GEN,Telangana,Osmania Med Coll Hyderabad,PAEDIATRICS,10000, 50686,2000000,1,4800
3,3666,Tel Govt-NS LOC,OPEN-FEM,Telangana,SVS Med Coll Mehboobnagar,RADIO DIAGNOSIS,750000,Info not available,2000000,1,760
3,3667,Tel Govt-NS LOC,OPEN-GEN,Telangana,Rajiv Gandhi IMS Adilabad,GENERAL MEDICINE,10000, 50686,2000000,1,Info Not Available
3,3674,Tel Govt-NS LOC,OPEN-GEN,Telangana,Osmania Med Coll Hyderabad,PAEDIATRICS,10000, 50686,2000000,1,4800
3,3731,Tel Govt-NS LOC,BCE-GEN,Telangana,Govt Med Coll Nizamabad,GENERAL MEDICINE,10000, 50686,2000000,1,500
3,3749,Tel Govt-NS LOC,OPEN-GEN,Telangana,Osmania Med Coll Hyderabad,GENERAL SURGERY,10000, 50686,2000000,1,4800
3,3821,Tel Govt-NS UNR,OPEN-GEN,Telangana,Gandhi Med Coll Secunderabad,PAEDIATRICS,10000, 50686,2000000,1,1200
3,3824,Tel Govt-NS LOC,OPEN-GEN,Telangana,Gandhi Med Coll Secunderabad,OBG,10000, 50686,2000000,1,1200
3,3844,Tel Govt-NS LOC,BCB-GEN,Telangana,Malla Reddy IMS Hyderabad,RADIO DIAGNOSIS,700000,Info not available,2000000,1,940
3,3875,Tel Govt-NS LOC,BCD-GEN,Telangana,Osmania Med Coll Hyderabad,PAEDIATRICS,10000, 50686,2000000,1,4800
3,3932,Tel Govt-NS LOC,OPEN-GEN,Telangana,Malla Reddy(Women) Hyderabad,RADIO DIAGNOSIS,700000,Info not available,2000000,1,1050
3,3977,Tel Govt-NS UNR,BCB-GEN,Telangana,Kakatiya Med Coll Warangal,PAEDIATRICS,10000, 50686,2000000,1,1150
3,4062,Tel Govt-NS LOC,OPEN-GEN,Telangana,Apollo IMSR Hyderabad,GENERAL MEDICINE,750000,Info not available,2000000,1,570
3,4220,Tel Govt-NS LOC,OPEN-FEM,Telangana,Osmania Med Coll Hyderabad,PAEDIATRICS,10000, 50686,2000000,1,4800
3,4229,Tel Govt-NS UNR,OPEN-FEM,Telangana,Osmania Med Coll Hyderabad,OBG,10000, 50686,2000000,1,4800
3,4330,Tel Govt-NS LOC,OPEN-FEM,Telangana,Kakatiya Med Coll Warangal,OBG,10000, 50686,2000000,1,1150
3,4333,Tel Govt-NS LOC,OPEN-GEN,Telangana,ESIC Med CollSanath Nagar,PAEDIATRICS, 250000,107800,1000000,2,690
3,4341,Tel Govt-NS LOC,OPEN-FEM,Telangana,Kakatiya Med Coll Warangal,PAEDIATRICS,10000, 50686,2000000,1,1150
3,4385,Tel Govt-NS LOC,BCE-GEN,Telangana,Osmania Med Coll Hyderabad,PAEDIATRICS,10000, 50686,2000000,1,4800
3,4394,Tel Govt-NS LOC,BCA-GEN,Telangana,Kamineni (KAMSRC) Hyderabad,RADIO DIAGNOSIS,700000,Info not available,2000000,1,650
3,4420,Tel Govt-NS LOC,BCD-FEM,Telangana,Osmania Med Coll Hyderabad,PAEDIATRICS,10000, 50686,2000000,1,4800
3,4452,Tel Govt-NS LOC,OPEN-FEM,Telangana,Kamineni (KAMSRC) Hyderabad,RADIO DIAGNOSIS,700000,Info not available,2000000,1,650
3,4502,Tel Govt-NS LOC,OPEN-FEM,Telangana,Osmania Med Coll Hyderabad,GENERAL SURGERY,10000, 50686,2000000,1,4800
3,4504,Tel Govt-NS LOC,OPEN-FEM,Telangana,Osmania Med Coll Hyderabad,OBG,10000, 50686,2000000,1,4800
3,4536,Tel Govt-NS LOC,OPEN-GEN,Telangana,Gandhi Med Coll Secunderabad,DERMATOLOGY,10000, 50686,2000000,1,1200
3,4574,Tel Govt-NS LOC,BCD-FEM,Telangana,Gandhi Med Coll Secunderabad,OBG,10000, 50686,2000000,1,1200
3,4576,Tel Govt-NS LOC,OPEN-GEN,Telangana,Kamineni (KAMSRC) Hyderabad,GENERAL MEDICINE,700000,Info not available,2000000,1,650
3,4579,Tel Govt-NS UNR,OPEN-GEN,Telangana,Gandhi Med Coll Secunderabad,OBG,10000, 50686,2000000,1,1200
3,4619,Tel Govt-NS LOC,BCB-GEN,Telangana,Gandhi Med Coll Secunderabad,PAEDIATRICS,10000, 50686,2000000,1,1200
3,4641,Tel Govt-NS LOC,OPEN-FEM,Telangana,Gandhi Med Coll Secunderabad,PAEDIATRICS,10000, 50686,2000000,1,1200
3,4645,Tel Govt-NS LOC,OPEN-GEN,Telangana,Osmania Med Coll Hyderabad,GENERAL SURGERY,10000, 50686,2000000,1,4800
3,4701,Tel Govt-NS UNR,OPEN-FEM,Telangana,Kakatiya Med Coll Warangal,DERMATOLOGY,10000, 50686,2000000,1,1150
3,4729,Tel Govt-NS LOC,OPEN-FEM,Telangana,Osmania Med Coll Hyderabad,GENERAL SURGERY,10000, 50686,2000000,1,4800
3,4796,Tel Govt-NS LOC,OPEN-GEN,Telangana,Kakatiya Med Coll Warangal,PAEDIATRICS,10000, 50686,2000000,1,1150
3,4851,Tel Govt-NS LOC,OPEN-FEM,Telangana,Gandhi Med Coll Secunderabad,OBG,10000, 50686,2000000,1,1200
3,4872,Tel Govt-NS LOC,BCD-GEN,Telangana,Osmania Med Coll Hyderabad,GENERAL SURGERY,10000, 50686,2000000,1,4800
3,4930,Tel Govt-NS LOC,OPEN-GEN,Telangana,Osmania Med Coll Hyderabad,OBG,10000, 50686,2000000,1,4800
3,4980,Tel Govt-NS LOC,SC-GEN,Telangana,Gandhi Med Coll Secunderabad,RADIO DIAGNOSIS,10000, 50686,2000000,1,1200
3,4997,Tel Govt-NS LOC,BCB-GEN,Telangana,Gandhi Med Coll Secunderabad,GENERAL SURGERY,10000, 50686,2000000,1,1200
3,5043,Tel Govt-NS LOC,OPEN-GEN,Telangana,CAIMS Karimnagar,RADIO DIAGNOSIS,775000,Info not available,2000000,1,1000
3,5068,Tel Govt-NS LOC,OPEN-GEN,Telangana,Mamata Med Coll Khammam,RADIO DIAGNOSIS,750000,Info not available,2000000,1,1080
3,5095,Tel Govt-NS LOC,SC-GEN,Telangana,Gandhi Med Coll Secunderabad,GENERAL MEDICINE,10000, 50686,2000000,1,1200
3,5129,Tel Govt-NS LOC,ST-GEN,Telangana,NIMS Hyderabad,RADIO DIAGNOSIS,72000, 99969,5000000,1,1498
3,5246,Tel Govt-NS LOC,OPEN-FEM,Telangana,Gandhi Med Coll Secunderabad,OBG,10000, 50686,2000000,1,1200
3,5249,Tel Govt-NS LOC,OPEN-GEN,Telangana,Gandhi Med Coll Secunderabad,PAEDIATRICS,10000, 50686,2000000,1,1200
3,5330,Tel Govt-NS UNR,OPEN-GEN,Telangana,Kakatiya Med Coll Warangal,OBG,10000, 50686,2000000,1,1150
3,5438,Tel Govt-NS LOC,OPEN-FEM,Telangana,Osmania Med Coll Hyderabad,DERMATOLOGY,10000, 50686,2000000,1,4800
3,5439,Tel Govt-NS UNR,OPEN-FEM,Telangana,Kamineni (KAMSRC) Hyderabad,GENERAL MEDICINE,700000,Info not available,2000000,1,650
3,5475,Tel Govt-NS LOC,BCD-FEM,Telangana,ESIC Med CollSanath Nagar,GENERAL MEDICINE, 250000,107800,1000000,2,690
3,5493,Tel Govt-NS LOC,OPEN-GEN,Telangana,Prathima IMS Karimnagar,GENERAL MEDICINE,750000,Info not available,2000000,1,1060
3,5570,Tel Govt-NS LOC,OPEN-FEM,Telangana,NIMS Hyderabad,ANAESTHESIOLOGY,72000, 99969,5000000,1,1498
3,5633,Tel Govt-NS LOC,OPEN-GEN,Telangana,Osmania Med Coll Hyderabad,OBG,10000, 50686,2000000,1,4800
3,5636,Tel Govt-NS UNR,OPEN-GEN,Telangana,Osmania Med Coll Hyderabad,OBG,10000, 50686,2000000,1,4800
3,5649,Tel Govt-NS LOC,BCD-FEM,Telangana,Apollo IMSR Hyderabad,RADIO DIAGNOSIS,750000,Info not available,2000000,1,570
3,5789,Tel Govt-NS LOC,BCE-GEN,Telangana,Osmania Med Coll Hyderabad,GENERAL SURGERY,10000, 50686,2000000,1,4800
3,5811,Tel Govt-NS LOC,OPEN-GEN,Telangana,Gandhi Med Coll Secunderabad,ORTHOPAEDICS,10000, 50686,2000000,1,1200
3,5815,Tel Govt-NS LOC,BCB-GEN,Telangana,Malla Reddy IMS Hyderabad,GENERAL MEDICINE,700000,Info not available,2000000,1,940
3,5820,Tel Govt-NS LOC,OPEN-GEN,Telangana,Prathima IMS Karimnagar,RADIO DIAGNOSIS,750000,Info not available,2000000,1,1060
3,5832,Tel Govt-NS LOC,OPEN-GEN,Telangana,Bhaskar Med Coll Yenkapally,RADIO DIAGNOSIS,750000,Info not available,2000000,1,850
3,5848,Tel Govt-NS LOC,OPEN-GEN,Telangana,ESIC Med CollSanath Nagar,DERMATOLOGY, 250000,107800,1000000,2,690
3,5921,Tel Govt-NS LOC,OPEN-FEM,Telangana,Osmania Med Coll Hyderabad,TBRD,10000, 50686,2000000,1,4800
3,5988,Tel Govt-NS LOC,OPEN-GEN,Telangana,MNR Med Coll Sangareddy,RADIO DIAGNOSIS,700000,Info not available,2000000,1,760
3,6124,Tel Govt-NS LOC,OPEN-GEN,Telangana,Malla Reddy IMS Hyderabad,GENERAL MEDICINE,700000,Info not available,2000000,1,940
3,6204,Tel Govt-NS LOC,BCD-FEM,Telangana,Malla Reddy IMS Hyderabad,GENERAL MEDICINE,700000,Info not available,2000000,1,940
3,6229,Tel Govt-NS LOC,OPEN-FEM,Telangana,RVM IMSRC Siddipet,RADIO DIAGNOSIS,700000,Info not available,2000000,1,1110
3,6287,Tel Govt-NS LOC,BCA-FEM,Telangana,ESIC Med CollSanath Nagar,GENERAL MEDICINE, 250000,107800,1000000,2,690
3,6304,Tel Govt-NS LOC,BCC-GEN,Telangana,Osmania Med Coll Hyderabad,PAEDIATRICS,10000, 50686,2000000,1,4800
3,6335,Tel Govt-NS LOC,BCA-FEM,Telangana,Gandhi Med Coll Secunderabad,GENERAL MEDICINE,10000, 50686,2000000,1,1200
3,6367,Tel Govt-NS LOC,BCE-GEN,Telangana,Osmania Med Coll Hyderabad,OBG,10000, 50686,2000000,1,4800
3,6426,Tel Govt-NS LOC,BCB-GEN,Telangana,CAIMS Karimnagar,RADIO DIAGNOSIS,775000,Info not available,2000000,1,1000
3,6427,Tel Govt-NS LOC,OPEN-GEN,Telangana,NIMS Hyderabad,ANAESTHESIOLOGY,72000, 99969,5000000,1,1498
3,6518,Tel Govt-NS LOC,BCB-GEN,Telangana,Gandhi Med Coll Secunderabad,OBG,10000, 50686,2000000,1,1200
3,6653,Tel Govt-NS UNR,OPEN-GEN,Telangana,Osmania Med Coll Hyderabad,GENERAL SURGERY,10000, 50686,2000000,1,4800
3,6657,Tel Govt-NS UNR,ST-GEN,Telangana,Osmania Med Coll Hyderabad,GENERAL MEDICINE,10000, 50686,2000000,1,4800
3,6659,Tel Govt-NS LOC,BCB-GEN,Telangana,Osmania Med Coll Hyderabad,GENERAL SURGERY,10000, 50686,2000000,1,4800
3,6718,Tel Govt-NS LOC,BCD-FEM,Telangana,Osmania Med Coll Hyderabad,OBG,10000, 50686,2000000,1,4800
3,6739,Tel Govt-NS UNR,BCB-GEN,Telangana,Prathima IMS Karimnagar,RADIO DIAGNOSIS,750000,Info not available,2000000,1,1060
3,6777,Tel Govt-NS LOC,BCB-GEN,Telangana,Osmania Med Coll Hyderabad,OBG,10000, 50686,2000000,1,4800
3,6804,Tel Govt-NS LOC,OPEN-GEN,Telangana,Malla Reddy IMS Hyderabad,GENERAL MEDICINE,700000,Info not available,2000000,1,940
3,6805,Tel Govt-NS LOC,OPEN-GEN,Telangana,Malla Reddy IMS Hyderabad,GENERAL MEDICINE,700000,Info not available,2000000,1,940
3,6821,Tel Govt-NS LOC,OPEN-FEM,Telangana,CAIMS Karimnagar,DERMATOLOGY,775000,Info not available,2000000,1,1000
3,6899,Tel Govt-NS LOC,BCD-GEN,Telangana,Osmania Med Coll Hyderabad,OBG,10000, 50686,2000000,1,4800
3,6952,Tel Govt-NS LOC,OPEN-FEM,Telangana,NIMS Hyderabad,ORTHOPAEDICS,72000, 99969,5000000,1,1498
3,6992,Tel Govt-NS LOC,BCA-GEN,Telangana,Rajiv Gandhi IMS Adilabad,GENERAL MEDICINE,10000, 50686,2000000,1,Info Not Available
3,7011,Tel Govt-NS LOC,BCB-GEN,Telangana,Kakatiya Med Coll Warangal,PAEDIATRICS,10000, 50686,2000000,1,1150
3,7076,Tel Govt-NS LOC,SC-GEN,Telangana,NIMS Hyderabad,GENERAL MEDICINE,72000, 99969,5000000,1,1498
3,7117,Tel Govt-NS LOC,OPEN-FEM,Telangana,Osmania Med Coll Hyderabad,OBG,10000, 50686,2000000,1,4800
3,7124,Tel Govt-NS LOC,OPEN-GEN,Telangana,Osmania Med Coll Hyderabad,OBG,10000, 50686,2000000,1,4800
3,7127,Tel Govt-NS LOC,OPEN-GEN,Telangana,Malla Reddy(Women) Hyderabad,GENERAL MEDICINE,700000,Info not available,2000000,1,1050
3,7183,Tel Govt-NS LOC,OPEN-FEM,Telangana,Malla Reddy IMS Hyderabad,PAEDIATRICS,700000,Info not available,2000000,1,940
3,7195,Tel Govt-NS LOC,OPEN-FEM,Telangana,SVS Med Coll Mehboobnagar,GENERAL MEDICINE,750000,Info not available,2000000,1,760
3,7315,Tel Govt-NS LOC,SC-GEN,Telangana,ESIC Med CollSanath Nagar,RADIO DIAGNOSIS, 250000,107800,1000000,2,690
3,7438,Tel Govt-NS LOC,OPEN-GEN,Telangana,Malla Reddy IMS Hyderabad,PAEDIATRICS,700000,Info not available,2000000,1,940
3,7522,Tel Govt-NS LOC,OPEN-FEM,Telangana,Osmania Med Coll Hyderabad,OBG,10000, 50686,2000000,1,4800
3,7524,Tel Govt-NS LOC,BCB-GEN,Telangana,Govt Med Coll Nizamabad,PAEDIATRICS,10000, 50686,2000000,1,500
3,7569,Tel Govt-NS LOC,MIN-FEM-MSM,Telangana,DCMS Hyderabad,GENERAL MEDICINE,775000,Info not available,2000000,1,1400
3,7636,Tel Govt-NS LOC,SC-FEM,Telangana,NIMS Hyderabad,RADIO DIAGNOSIS,72000, 99969,5000000,1,1498
3,7659,Tel Govt-NS LOC,BCA-FEM,Telangana,Gandhi Med Coll Secunderabad,OBG,10000, 50686,2000000,1,1200
3,7672,Tel Govt-NS LOC,OPEN-GEN,Telangana,Mediciti IMS Ghanpur,RADIO DIAGNOSIS,700000,Info not available,2000000,1,720
3,7683,Tel Govt-NS UNR,OPEN-GEN,Telangana,SVS Med Coll Mehboobnagar,GENERAL MEDICINE,750000,Info not available,2000000,1,760
3,7691,Tel Govt-NS LOC,OPEN-FEM,Telangana,Mediciti IMS Ghanpur,RADIO DIAGNOSIS,700000,Info not available,2000000,1,720
3,7713,Tel Govt-NS LOC,BCD-GEN,Telangana,Kakatiya Med Coll Warangal,PAEDIATRICS,10000, 50686,2000000,1,1150
3,7748,Tel Govt-NS UNR,OPEN-FEM,Telangana,Prathima IMS Karimnagar,GENERAL MEDICINE,750000,Info not available,2000000,1,1060
3,7771,Tel Govt-NS LOC,OPEN-GEN,Telangana,Osmania Med Coll Hyderabad,OBG,10000, 50686,2000000,1,4800
3,7783,Tel Govt-NS LOC,BCB-GEN,Telangana,Prathima IMS Karimnagar,GENERAL MEDICINE,750000,Info not available,2000000,1,1060
3,7784,Tel Govt-NS LOC,BCB-GEN,Telangana,Prathima IMS Karimnagar,GENERAL MEDICINE,750000,Info not available,2000000,1,1060
3,7844,Tel Govt-NS LOC,OPEN-GEN,Telangana,Dr Patnam MRInstofMSChevella,RADIO DIAGNOSIS,-,-,-,-,-
3,7868,Tel Govt-NS LOC,OPEN-GEN,Telangana,ESIC Med CollSanath Nagar,TBRD, 250000,107800,1000000,2,690
3,7923,Tel Govt-NS LOC,OPEN-GEN,Telangana,Rajiv Gandhi IMS Adilabad,DERMATOLOGY,10000, 50686,2000000,1,Info Not Available
3,8027,Tel Govt-NS LOC,OPEN-GEN,Telangana,ESIC Med CollSanath Nagar,GENERAL SURGERY, 250000,107800,1000000,2,690
3,8045,Tel Govt-NS LOC,BCD-GEN,Telangana,Gandhi Med Coll Secunderabad,DERMATOLOGY,10000, 50686,2000000,1,1200
3,8052,Tel Govt-NS LOC,OPEN-GEN,Telangana,Osmania Med Coll Hyderabad,OBG,10000, 50686,2000000,1,4800
3,8097,Tel Govt-NS LOC,SC-GEN,Telangana,Kakatiya Med Coll Warangal,GENERAL MEDICINE,10000, 50686,2000000,1,1150
3,8198,Tel Govt-NS LOC,OPEN-GEN,Telangana,Osmania Med Coll Hyderabad,OBG,10000, 50686,2000000,1,4800
3,8322,Tel Govt-NS LOC,OPEN-GEN,Telangana,Osmania Med Coll Hyderabad,OBG,10000, 50686,2000000,1,4800
3,8323,Tel Govt-NS LOC,BCD-GEN,Telangana,NIMS Hyderabad,ANAESTHESIOLOGY,72000, 99969,5000000,1,1498
3,8341,Tel Govt-NS LOC,OPEN-GEN,Telangana,RVM IMSRC Siddipet,GENERAL MEDICINE,700000,Info not available,2000000,1,1110
3,8361,Tel Govt-NS LOC,OPEN-GEN,Telangana,Govt Med Coll Nizamabad,OBG,10000, 50686,2000000,1,500
3,8398,Tel Govt-NS LOC,OPEN-GEN,Telangana,Kakatiya Med Coll Warangal,OBG,10000, 50686,2000000,1,1150
3,8408,Tel Govt-NS UNR,OPEN-GEN,Telangana,Malla Reddy IMS Hyderabad,PAEDIATRICS,700000,Info not available,2000000,1,940
3,8424,Tel Govt-NS LOC,OPEN-GEN,Telangana,Osmania Med Coll Hyderabad,GENERAL SURGERY,10000, 50686,2000000,1,4800
3,8428,Tel Govt-NS UNR,OPEN-GEN,Telangana,Kakatiya Med Coll Warangal,TBRD,10000, 50686,2000000,1,1150
3,8454,Tel Govt-NS LOC,OPEN-GEN,Telangana,NIMS Hyderabad,ANAESTHESIOLOGY,72000, 99969,5000000,1,1498
3,8466,Tel Govt-NS LOC,OPEN-GEN,Telangana,ESIC Med CollSanath Nagar,OBG, 250000,107800,1000000,2,690
3,8486,Tel Govt-NS LOC,BCA-GEN,Telangana,Osmania Med Coll Hyderabad,GENERAL SURGERY,10000, 50686,2000000,1,4800
3,8508,Tel Govt-NS LOC,OPEN-GEN,Telangana,SVS Med Coll Mehboobnagar,GENERAL MEDICINE,750000,Info not available,2000000,1,760
3,8536,Tel Govt-NS LOC,OPEN-GEN,Telangana,Kakatiya Med Coll Warangal,GENERAL SURGERY,10000, 50686,2000000,1,1150
3,8546,Tel Govt-NS UNR,OPEN-GEN,Telangana,NIMS Hyderabad,ANAESTHESIOLOGY,72000, 99969,5000000,1,1498
3,8599,Tel Govt-NS LOC,BCB-FEM,Telangana,Apollo IMSR Hyderabad,GENERAL MEDICINE,750000,Info not available,2000000,1,570
3,8646,Tel Govt-NS UNR,OPEN-GEN,Telangana,Osmania Med Coll Hyderabad,ORTHOPAEDICS,10000, 50686,2000000,1,4800
3,8656,Tel Govt-NS LOC,BCD-FEM,Telangana,Prathima IMS Karimnagar,GENERAL MEDICINE,750000,Info not available,2000000,1,1060
3,8738,Tel Govt-NS LOC,OPEN-GEN,Telangana,CAIMS Karimnagar,GENERAL MEDICINE,775000,Info not available,2000000,1,1000
3,8838,Tel Govt-NS LOC,OPEN-FEM,Telangana,Prathima IMS Karimnagar,PAEDIATRICS,750000,Info not available,2000000,1,1060
3,8841,Tel Govt-NS LOC,SC-GEN,Telangana,ESIC Med CollSanath Nagar,GENERAL MEDICINE, 250000,107800,1000000,2,690
3,8909,Tel Govt-NS LOC,OPEN-FEM,Telangana,Mamata Med Coll Khammam,GENERAL MEDICINE,750000,Info not available,2000000,1,1080
3,8918,Tel Govt-NS LOC,OPEN-GEN,Telangana,Mediciti IMS Ghanpur,GENERAL MEDICINE,700000,Info not available,2000000,1,720
3,9033,Tel Govt-NS UNR,OPEN-GEN,Telangana,Osmania Med Coll Hyderabad,OPHTHALMOLOGY,10000, 50686,2000000,1,4800
3,9075,Tel Govt-NS LOC,SC-GEN,Telangana,Osmania Med Coll Hyderabad,PAEDIATRICS,10000, 50686,2000000,1,4800
3,9082,Tel Govt-NS LOC,OPEN-GEN,Telangana,NIMS Hyderabad,EMERGENCY MEDICINE,72000, 99969,5000000,1,1498
3,9105,Tel Govt-NS UNR,BCB-GEN,Telangana,CAIMS Karimnagar,GENERAL MEDICINE,775000,Info not available,2000000,1,1000
3,9137,Tel Govt-NS LOC,OPEN-GEN,Telangana,Osmania Med Coll Hyderabad,TBRD,10000, 50686,2000000,1,4800
3,9138,Tel Govt-NS LOC,BCB-GEN,Telangana,Kakatiya Med Coll Warangal,GENERAL SURGERY,10000, 50686,2000000,1,1150
3,9144,Tel Govt-NS UNR,OPEN-GEN,Telangana,Osmania Med Coll Hyderabad,ENT,10000, 50686,2000000,1,4800
3,9186,Tel Govt-NS LOC,BCD-GEN,Telangana,Kakatiya Med Coll Warangal,OBG,10000, 50686,2000000,1,1150
3,9316,Tel Govt-NS LOC,SC-GEN,Telangana,Osmania Med Coll Hyderabad,GENERAL MEDICINE,10000, 50686,2000000,1,4800
3,9325,Tel Govt-NS LOC,BCB-FEM,Telangana,Osmania Med Coll Hyderabad,OBG,10000, 50686,2000000,1,4800
3,9405,Tel Govt-NS LOC,OPEN-FEM,Telangana,NIMS Hyderabad,ANAESTHESIOLOGY,72000, 99969,5000000,1,1498
3,9408,Tel Govt-NS UNR,BCA-GEN,Telangana,Bhaskar Med Coll Yenkapally,RADIO DIAGNOSIS,750000,Info not available,2000000,1,850
3,9436,Tel Govt-NS LOC,SC-FEM,Telangana,Osmania Med Coll Hyderabad,RADIO DIAGNOSIS,10000, 50686,2000000,1,4800
3,9445,Tel Govt-NS LOC,OPEN-GEN,Telangana,Mahavir Inst of MS Vikarabad,RADIO DIAGNOSIS,700000,Info not available,2000000,1,700
3,9500,Tel Govt-NS UNR,OPEN-FEM,Telangana,Kakatiya Med Coll Warangal,GENERAL SURGERY,10000, 50686,2000000,1,1150
3,9521,Tel Govt-NS LOC,BCD-GEN,Telangana,Malla Reddy(Women) Hyderabad,GENERAL MEDICINE,700000,Info not available,2000000,1,1050
3,9715,Tel Govt-NS LOC,BCA-GEN,Telangana,Kakatiya Med Coll Warangal,DERMATOLOGY,10000, 50686,2000000,1,1150
3,9726,Tel Govt-NS LOC,SC-FEM,Telangana,Gandhi Med Coll Secunderabad,DERMATOLOGY,10000, 50686,2000000,1,1200
3,9789,Tel Govt-NS LOC,BCB-GEN,Telangana,Mamata Med Coll Khammam,GENERAL MEDICINE,750000,Info not available,2000000,1,1080
3,9818,Tel Govt-NS LOC,OPEN-FEM,Telangana,Apollo IMSR Hyderabad,PAEDIATRICS,750000,Info not available,2000000,1,570
3,9831,Tel Govt-NS LOC,OPEN-GEN,Telangana,SVS Med Coll Mehboobnagar,PAEDIATRICS,750000,Info not available,2000000,1,760
3,9937,Tel Govt-NS LOC,BCB-FEM,Telangana,Prathima IMS Karimnagar,RADIO DIAGNOSIS,750000,Info not available,2000000,1,1060
3,9948,Tel Govt-NS LOC,BCA-GEN,Telangana,Osmania Med Coll Hyderabad,OBG,10000, 50686,2000000,1,4800
3,9958,Tel Govt-NS LOC,OPEN-FEM,Telangana,Govt Med Coll Siddipet,OBG,10000, 50686,2000000,1,-
3,9960,Tel Govt-NS LOC,OPEN-FEM,Telangana,Osmania Med Coll Hyderabad,ENT,10000, 50686,2000000,1,4800
3,9987,Tel Govt-NS LOC,BCB-GEN,Telangana,Osmania Med Coll Hyderabad,DERMATOLOGY,10000, 50686,2000000,1,4800
3,10029,Tel Govt-NS LOC,OPEN-GEN,Telangana,Prathima IMS Karimnagar,PAEDIATRICS,750000,Info not available,2000000,1,1060
3,10052,Tel Govt-NS LOC,OPEN-FEM,Telangana,Gandhi Med Coll Secunderabad,TBRD,10000, 50686,2000000,1,1200
3,10101,Tel Govt-NS LOC,SC-GEN,Telangana,Gandhi Med Coll Secunderabad,OBG,10000, 50686,2000000,1,1200
3,10197,Tel Govt-NS LOC,OPEN-GEN,Telangana,Kamineni IMS Narketpally,GENERAL MEDICINE,750000,Info not available,2000000,1,1060
3,10211,Tel Govt-NS LOC,OPEN-FEM,Telangana,Malla Reddy(Women) Hyderabad,PAEDIATRICS,700000,Info not available,2000000,1,1050
3,10222,Tel Govt-NS LOC,OPEN-GEN,Telangana,ESIC Med CollSanath Nagar,ANAESTHESIOLOGY, 250000,107800,1000000,2,690
3,10465,Tel Govt-NS LOC,MIN-FEM-MSM,Telangana,DCMS Hyderabad,RADIO DIAGNOSIS,775000,Info not available,2000000,1,1400
3,10502,Tel Govt-NS LOC,OPEN-GEN,Telangana,Govt Med Coll Siddipet,OBG,10000, 50686,2000000,1,-
3,10544,Tel Govt-NS LOC,BCB-GEN,Telangana,Kakatiya Med Coll Warangal,OBG,10000, 50686,2000000,1,1150
3,10595,Tel Govt-NS LOC,BCD-GEN,Telangana,SVS Med Coll Mehboobnagar,RADIO DIAGNOSIS,750000,Info not available,2000000,1,760
3,10639,Tel Govt-NS LOC,OPEN-GEN,Telangana,Govt Med Coll Mahabubnagar,OBG,10000, 50686,2000000,1,900
3,10665,Tel Govt-NS LOC,OPEN-FEM,Telangana,Osmania Med Coll Hyderabad,OPHTHALMOLOGY,10000, 50686,2000000,1,4800
3,10674,Tel Govt-NS LOC,OPEN-FEM,Telangana,Kakatiya Med Coll Warangal,TBRD,10000, 50686,2000000,1,1150
3,10680,Tel Govt-NS LOC,OPEN-GEN,Telangana,NIMS Hyderabad,ORTHOPAEDICS,72000, 99969,5000000,1,1498
3,10686,Tel Govt-NS LOC,OPEN-GEN,Telangana,NIMS Hyderabad,ANAESTHESIOLOGY,72000, 99969,5000000,1,1498
3,10738,Tel Govt-NS LOC,BCA-FEM,Telangana,Osmania Med Coll Hyderabad,OBG,10000, 50686,2000000,1,4800
3,10758,Tel Govt-NS LOC,BCD-FEM,Telangana,CAIMS Karimnagar,RADIO DIAGNOSIS,775000,Info not available,2000000,1,1000
3,10779,Tel Govt-NS LOC,BCD-GEN,Telangana,Rajiv Gandhi IMS Adilabad,OBG,10000, 50686,2000000,1,Info Not Available
3,10800,Tel Govt-NS UNR,OPEN-FEM,Telangana,Prathima IMS Karimnagar,GENERAL SURGERY,750000,Info not available,2000000,1,1060
3,10855,Tel Govt-NS LOC,OPEN-GEN,Telangana,Kamineni (KAMSRC) Hyderabad,DERMATOLOGY,700000,Info not available,2000000,1,650
3,10895,Tel Govt-NS LOC,OPEN-FEM,Telangana,Osmania Med Coll Hyderabad,OPHTHALMOLOGY,10000, 50686,2000000,1,4800
3,10914,Tel Govt-NS LOC,OPEN-GEN,Telangana,Mamata Med Coll Khammam,GENERAL MEDICINE,750000,Info not available,2000000,1,1080
3,10917,Tel Govt-NS LOC,BCE-FEM,Telangana,Govt Med Coll Siddipet,OBG,10000, 50686,2000000,1,-
3,10977,Tel Govt-NS LOC,BCA-FEM,Telangana,CAIMS Karimnagar,RADIO DIAGNOSIS,775000,Info not available,2000000,1,1000
3,10988,Tel Govt-NS UNR,BCB-GEN,Telangana,CAIMS Karimnagar,DERMATOLOGY,775000,Info not available,2000000,1,1000
3,11009,Tel Govt-NS LOC,OPEN-GEN,Telangana,Kamineni (KAMSRC) Hyderabad,PAEDIATRICS,700000,Info not available,2000000,1,650
3,11012,Tel Govt-NS LOC,OPEN-GEN,Telangana,Osmania Med Coll Hyderabad,OPHTHALMOLOGY,10000, 50686,2000000,1,4800
3,11060,Tel Govt-NS LOC,OPEN-FEM,Telangana,Mediciti IMS Ghanpur,GENERAL MEDICINE,700000,Info not available,2000000,1,720
3,11109,Tel Govt-NS LOC,OPEN-FEM,Telangana,Kamineni IMS Narketpally,GENERAL SURGERY,750000,Info not available,2000000,1,1060
3,11158,Tel Govt-NS LOC,MIN-GEN-MSM,Telangana,DCMS Hyderabad,RADIO DIAGNOSIS,775000,Info not available,2000000,1,1400
3,11176,Tel Govt-NS LOC,BCB-GEN,Telangana,SVS Med Coll Mehboobnagar,GENERAL MEDICINE,750000,Info not available,2000000,1,760
3,11252,Tel Govt-NS LOC,BCB-FEM,Telangana,Kakatiya Med Coll Warangal,GENERAL SURGERY,10000, 50686,2000000,1,1150
3,11295,Tel Govt-NS LOC,BCD-GEN,Telangana,SVS Med Coll Mehboobnagar,GENERAL MEDICINE,750000,Info not available,2000000,1,760
3,11296,Tel Govt-NS LOC,OPEN-GEN,Telangana,Malla Reddy(Women) Hyderabad,DERMATOLOGY,700000,Info not available,2000000,1,1050
3,11299,Tel Govt-NS LOC,OPEN-GEN,Telangana,Apollo IMSR Hyderabad,DERMATOLOGY,750000,Info not available,2000000,1,570
3,11323,Tel Govt-NS LOC,BCB-GEN,Telangana,Kamineni (KAMSRC) Hyderabad,DERMATOLOGY,700000,Info not available,2000000,1,650
3,11483,Tel Govt-NS LOC,OPEN-GEN,Telangana,Osmania Med Coll Hyderabad,OPHTHALMOLOGY,10000, 50686,2000000,1,4800
3,11509,Tel Govt-NS LOC,OPEN-FEM,Telangana,Dr Patnam MRInstofMSChevella,GENERAL MEDICINE,-,-,-,-,-
3,11621,Tel Govt-NS LOC,OPEN-GEN,Telangana,Bhaskar Med Coll Yenkapally,DERMATOLOGY,750000,Info not available,2000000,1,850
3,11773,Tel Govt-NS LOC,OPEN-GEN,Telangana,Gandhi Med Coll Secunderabad,ENT,10000, 50686,2000000,1,1200
3,11780,Tel Govt-NS LOC,OPEN-GEN,Telangana,Govt Med Coll Siddipet,GENERAL SURGERY,10000, 50686,2000000,1,-
3,11808,Tel Govt-NS LOC,OPEN-GEN,Telangana,Rajiv Gandhi IMS Adilabad,GENERAL SURGERY,10000, 50686,2000000,1,Info Not Available
3,11850,Tel Govt-NS LOC,BCA-FEM,Telangana,Gandhi Med Coll Secunderabad,GENERAL SURGERY,10000, 50686,2000000,1,1200
3,11924,Tel Govt-NS LOC,BCB-GEN,Telangana,CAIMS Karimnagar,GENERAL MEDICINE,775000,Info not available,2000000,1,1000
3,11961,Tel Govt-NS UNR,BCB-FEM,Telangana,MNR Med Coll Sangareddy,RADIO DIAGNOSIS,700000,Info not available,2000000,1,760
3,11963,Tel Govt-NS LOC,OPEN-FEM,Telangana,CAIMS Karimnagar,GENERAL MEDICINE,775000,Info not available,2000000,1,1000
3,12000,Tel Govt-NS LOC,BCB-GEN,Telangana,Osmania Med Coll Hyderabad,ENT,10000, 50686,2000000,1,4800
3,12044,Tel Govt-NS LOC,OPEN-GEN,Telangana,NIMS Hyderabad,ORTHOPAEDICS,72000, 99969,5000000,1,1498
3,12109,Tel Govt-NS UNR,MIN-GEN-MSM,Telangana,Shadan IMSRC Peerancheru,GENERAL MEDICINE,750000,Info not available,2000000,1,800
3,12295,Tel Govt-NS UNR,BCD-FEM,Telangana,SVS Med Coll Mehboobnagar,PAEDIATRICS,750000,Info not available,2000000,1,760
3,12297,Tel Govt-NS LOC,OPEN-FEM,Telangana,Prathima IMS Karimnagar,OBG,750000,Info not available,2000000,1,1060
3,12320,Tel Govt-NS LOC,BCA-FEM,Telangana,Gandhi Med Coll Secunderabad,TBRD,10000, 50686,2000000,1,1200
3,12339,Tel Govt-NS LOC,OPEN-GEN,Telangana,CAIMS Karimnagar,PAEDIATRICS,775000,Info not available,2000000,1,1000
3,12355,Tel Govt-NS LOC,OPEN-FEM,Telangana,Osmania Med Coll Hyderabad,OPHTHALMOLOGY,10000, 50686,2000000,1,4800
3,12358,Tel Govt-NS LOC,OPEN-GEN,Telangana,Osmania Med Coll Hyderabad,ORTHOPAEDICS,10000, 50686,2000000,1,4800
3,12363,Tel Govt-NS LOC,OPEN-GEN,Telangana,Osmania Med Coll Hyderabad,ORTHOPAEDICS,10000, 50686,2000000,1,4800
3,12392,Tel Govt-NS LOC,OPEN-GEN,Telangana,Bhaskar Med Coll Yenkapally,GENERAL MEDICINE,750000,Info not available,2000000,1,850
3,12396,Tel Govt-NS LOC,OPEN-GEN,Telangana,MNR Med Coll Sangareddy,GENERAL MEDICINE,700000,Info not available,2000000,1,760
3,12552,Tel Govt-NS LOC,OPEN-GEN,Telangana,Mamata Med Coll Khammam,PAEDIATRICS,750000,Info not available,2000000,1,1080
3,12553,Tel Govt-NS LOC,BCA-GEN,Telangana,Mediciti IMS Ghanpur,RADIO DIAGNOSIS,700000,Info not available,2000000,1,720
3,12555,Tel Govt-NS LOC,BCB-GEN,Telangana,MNR Med Coll Sangareddy,GENERAL MEDICINE,700000,Info not available,2000000,1,760
3,12625,Tel Govt-NS LOC,BCB-GEN,Telangana,NIMS Hyderabad,ANAESTHESIOLOGY,72000, 99969,5000000,1,1498
3,12673,Tel Govt-NS LOC,BCC-GEN,Telangana,Osmania Med Coll Hyderabad,GENERAL SURGERY,10000, 50686,2000000,1,4800
3,12742,Tel Govt-NS LOC,OPEN-GEN,Telangana,Kakatiya Med Coll Warangal,ORTHOPAEDICS,10000, 50686,2000000,1,1150
3,12787,Tel Govt-NS LOC,BCB-FEM,Telangana,CAIMS Karimnagar,GENERAL MEDICINE,775000,Info not available,2000000,1,1000
3,12788,Tel Govt-NS LOC,MIN-GEN-MSM,Telangana,DCMS Hyderabad,GENERAL MEDICINE,775000,Info not available,2000000,1,1400
3,12814,Tel Govt-NS UNR,BCD-GEN,Telangana,Mediciti IMS Ghanpur,GENERAL MEDICINE,700000,Info not available,2000000,1,720
3,12846,Tel Govt-NS UNR,OPEN-GEN,Telangana,Osmania Med Coll Hyderabad,ANAESTHESIOLOGY,10000, 50686,2000000,1,4800
3,12860,Tel Govt-NS LOC,OPEN-GEN,Telangana,NIMS Hyderabad,RADIATION ONCOLOGY,72000, 99969,5000000,1,1498
3,12990,Tel Govt-NS LOC,OPEN-GEN,Telangana,Mahavir Inst of MS Vikarabad,GENERAL MEDICINE,700000,Info not available,2000000,1,700
3,13015,Tel Govt-NS LOC,OPEN-FEM,Telangana,ESIC Med CollSanath Nagar,ORTHOPAEDICS, 250000,107800,1000000,2,690
3,13211,Tel Govt-NS LOC,SC-GEN,Telangana,Malla Reddy IMS Hyderabad,GENERAL MEDICINE,700000,Info not available,2000000,1,940
3,13253,Tel Govt-NS LOC,BCD-GEN,Telangana,Malla Reddy(Women) Hyderabad,RADIO DIAGNOSIS,700000,Info not available,2000000,1,1050
3,13283,Tel Govt-NS LOC,BCB-GEN,Telangana,NIMS Hyderabad,ORTHOPAEDICS,72000, 99969,5000000,1,1498
3,13335,Tel Govt-NS UNR,OPEN-GEN,Telangana,CAIMS Karimnagar,OBG,775000,Info not available,2000000,1,1000
3,13337,Tel Govt-NS LOC,BCA-GEN,Telangana,Osmania Med Coll Hyderabad,ANAESTHESIOLOGY,10000, 50686,2000000,1,4800
3,13464,Tel Govt-NS LOC,BCD-FEM,Telangana,Kakatiya Med Coll Warangal,GENERAL SURGERY,10000, 50686,2000000,1,1150
3,13486,Tel Govt-NS LOC,OPEN-FEM,Telangana,Malla Reddy IMS Hyderabad,OBG,700000,Info not available,2000000,1,940
3,13641,Tel Govt-NS LOC,BCA-GEN,Telangana,Prathima IMS Karimnagar,GENERAL MEDICINE,750000,Info not available,2000000,1,1060
3,13646,Tel Govt-NS LOC,BCB-GEN,Telangana,Govt Med Coll Nizamabad,TBRD,10000, 50686,2000000,1,500
3,13650,Tel Govt-NS LOC,OPEN-GEN,Telangana,Gandhi Med Coll Secunderabad,ANAESTHESIOLOGY,10000, 50686,2000000,1,1200
3,13744,Tel Govt-NS LOC,BCB-GEN,Telangana,Osmania Med Coll Hyderabad,ANAESTHESIOLOGY,10000, 50686,2000000,1,4800
3,13880,Tel Govt-NS LOC,OPEN-GEN,Telangana,Kamineni IMS Narketpally,PAEDIATRICS,750000,Info not available,2000000,1,1060
3,13918,Tel Govt-NS LOC,BCD-GEN,Telangana,Mediciti IMS Ghanpur,DERMATOLOGY,700000,Info not available,2000000,1,720
3,13942,Tel Govt-NS LOC,OPEN-FEM,Telangana,Mamata Med Coll Khammam,DERMATOLOGY,750000,Info not available,2000000,1,1080
3,13982,Tel Govt-NS LOC,OPEN-FEM,Telangana,Dr Patnam MRInstofMSChevella,PAEDIATRICS,-,-,-,-,-
3,14002,Tel Govt-NS LOC,BCD-GEN,Telangana,Osmania Med Coll Hyderabad,OPHTHALMOLOGY,10000, 50686,2000000,1,4800
3,14022,Tel Govt-NS LOC,BCB-FEM,Telangana,Malla Reddy(Women) Hyderabad,GENERAL MEDICINE,700000,Info not available,2000000,1,1050
3,14149,Tel Govt-NS LOC,OPEN-GEN,Telangana,Malla Reddy IMS Hyderabad,OBG,700000,Info not available,2000000,1,940
3,14153,Tel Govt-NS LOC,BCE-FEM,Telangana,Mediciti IMS Ghanpur,RADIO DIAGNOSIS,700000,Info not available,2000000,1,720
3,14167,Tel Govt-NS LOC,BCB-GEN,Telangana,Osmania Med Coll Hyderabad,ORTHOPAEDICS,10000, 50686,2000000,1,4800
3,14192,Tel Govt-NS LOC,OPEN-FEM,Telangana,MNR Med Coll Sangareddy,GENERAL MEDICINE,700000,Info not available,2000000,1,760
3,14212,Tel Govt-NS LOC,OPEN-GEN,Telangana,Rajiv Gandhi IMS Adilabad,ORTHOPAEDICS,10000, 50686,2000000,1,Info Not Available
3,14234,Tel Govt-NS LOC,OPEN-FEM,Telangana,Gandhi Med Coll Secunderabad,ANAESTHESIOLOGY,10000, 50686,2000000,1,1200
3,14263,Tel Govt-NS LOC,OPEN-GEN,Telangana,Kamineni IMS Narketpally,DERMATOLOGY,750000,Info not available,2000000,1,1060
3,14269,Tel Govt-NS UNR,OPEN-GEN,Telangana,Kakatiya Med Coll Warangal,ANAESTHESIOLOGY,10000, 50686,2000000,1,1150
3,14273,Tel Govt-NS UNR,BCA-FEM,Telangana,Gandhi Med Coll Secunderabad,ORTHOPAEDICS,10000, 50686,2000000,1,1200
3,14521,Tel Govt-NS LOC,OPEN-FEM,Telangana,Osmania Med Coll Hyderabad,PSYCHIATRY,10000, 50686,2000000,1,4800
3,14591,Tel Govt-NS LOC,BCB-FEM,Telangana,Govt Med Coll Siddipet,OBG,10000, 50686,2000000,1,-
3,14644,Tel Govt-NS LOC,MIN-GEN-MSM,Telangana,DCMS Hyderabad,PAEDIATRICS,775000,Info not available,2000000,1,1400
3,14651,Tel Govt-NS LOC,SC-FEM,Telangana,Osmania Med Coll Hyderabad,OBG,10000, 50686,2000000,1,4800
3,14652,Tel Govt-NS LOC,BCD-GEN,Telangana,Malla Reddy(Women) Hyderabad,PAEDIATRICS,700000,Info not available,2000000,1,1050
3,14657,Tel Govt-NS LOC,OPEN-GEN,Telangana,Malla Reddy IMS Hyderabad,OBG,700000,Info not available,2000000,1,940
3,14658,Tel Govt-NS LOC,BCB-FEM,Telangana,Mahavir Inst of MS Vikarabad,DERMATOLOGY,700000,Info not available,2000000,1,700
3,14670,Tel Govt-NS LOC,BCD-FEM,Telangana,Malla Reddy IMS Hyderabad,DERMATOLOGY,700000,Info not available,2000000,1,940
3,14678,Tel Govt-NS UNR,MIN-GEN-MSM,Telangana,Shadan IMSRC Peerancheru,RADIO DIAGNOSIS,750000,Info not available,2000000,1,800
3,14729,Tel Govt-NS LOC,OPEN-FEM,Telangana,Osmania Med Coll Hyderabad,ANAESTHESIOLOGY,10000, 50686,2000000,1,4800
3,14764,Tel Govt-NS LOC,OPEN-GEN,Telangana,SVS Med Coll Mehboobnagar,OBG,750000,Info not available,2000000,1,760
3,14801,Tel Govt-NS LOC,OPEN-GEN,Telangana,Apollo IMSR Hyderabad,GENERAL SURGERY,750000,Info not available,2000000,1,570
3,14857,Tel Govt-NS LOC,BCD-GEN,Telangana,Kakatiya Med Coll Warangal,ORTHOPAEDICS,10000, 50686,2000000,1,1150
3,14905,Tel Govt-NS UNR,OPEN-FEM,Telangana,Kamineni (KAMSRC) Hyderabad,OBG,700000,Info not available,2000000,1,650
3,15010,Tel Govt-NS LOC,BCA-GEN,Telangana,Osmania Med Coll Hyderabad,OPHTHALMOLOGY,10000, 50686,2000000,1,4800
3,15080,Tel Govt-NS LOC,BCB-GEN,Telangana,MNR Med Coll Sangareddy,PAEDIATRICS,700000,Info not available,2000000,1,760
3,15135,Tel Govt-NS UNR,BCB-GEN,Telangana,Govt Med Coll Nizamabad,GENERAL SURGERY,10000, 50686,2000000,1,500
3,15159,Tel Govt-NS LOC,OPEN-GEN,Telangana,Prathima IMS Karimnagar,GENERAL SURGERY,750000,Info not available,2000000,1,1060
3,15169,Tel Govt-NS LOC,MIN-GEN-MSM,Telangana,DCMS Hyderabad,PAEDIATRICS,775000,Info not available,2000000,1,1400
3,15184,Tel Govt-NS LOC,OPEN-GEN,Telangana,Kamineni (KAMSRC) Hyderabad,OBG,700000,Info not available,2000000,1,650
3,15199,Tel Govt-NS LOC,OPEN-GEN,Telangana,Osmania Med Coll Hyderabad,ENT,10000, 50686,2000000,1,4800
3,15267,Tel Govt-NS LOC,BCD-GEN,Telangana,Kakatiya Med Coll Warangal,GENERAL SURGERY,10000, 50686,2000000,1,1150
3,15268,Tel Govt-NS LOC,ST-GEN,Telangana,Osmania Med Coll Hyderabad,RADIO DIAGNOSIS,10000, 50686,2000000,1,4800
3,15284,Tel Govt-NS UNR,SC-GEN,Telangana,NIMS Hyderabad,ORTHOPAEDICS,72000, 99969,5000000,1,1498
3,15330,Tel Govt-NS LOC,BCD-GEN,Telangana,Rajiv Gandhi IMS Adilabad,TBRD,10000, 50686,2000000,1,Info Not Available
3,15366,Tel Govt-NS LOC,OPEN-GEN,Telangana,Prathima IMS Karimnagar,OBG,750000,Info not available,2000000,1,1060
3,15381,Tel Govt-NS LOC,OPEN-GEN,Telangana,Rajiv Gandhi IMS Adilabad,TBRD,10000, 50686,2000000,1,Info Not Available
3,15411,Tel Govt-NS LOC,BCD-FEM,Telangana,Rajiv Gandhi IMS Adilabad,GENERAL SURGERY,10000, 50686,2000000,1,Info Not Available
3,15486,Tel Govt-NS LOC,BCB-GEN,Telangana,RVM IMSRC Siddipet,PAEDIATRICS,700000,Info not available,2000000,1,1110
3,15542,Tel Govt-NS LOC,BCD-GEN,Telangana,Kamineni IMS Narketpally,RADIO DIAGNOSIS,750000,Info not available,2000000,1,1060
3,15546,Tel Govt-NS LOC,OPEN-FEM,Telangana,MNR Med Coll Sangareddy,GENERAL MEDICINE,700000,Info not available,2000000,1,760
3,15594,Tel Govt-NS LOC,OPEN-GEN,Telangana,Malla Reddy IMS Hyderabad,GENERAL SURGERY,700000,Info not available,2000000,1,940
3,15899,Tel Govt-NS LOC,OPEN-GEN,Telangana,Apollo IMSR Hyderabad,OBG,750000,Info not available,2000000,1,570
3,15960,Tel Govt-NS LOC,BCB-FEM,Telangana,SVS Med Coll Mehboobnagar,PAEDIATRICS,750000,Info not available,2000000,1,760
3,16044,Tel Govt-NS LOC,OPEN-FEM,Telangana,Mamata Med Coll Khammam,OBG,750000,Info not available,2000000,1,1080
3,16050,Tel Govt-NS LOC,BCB-FEM,Telangana,Kamineni IMS Narketpally,GENERAL MEDICINE,750000,Info not available,2000000,1,1060
3,16073,Tel Govt-NS LOC,BCB-GEN,Telangana,Govt Med Coll Nizamabad,GENERAL SURGERY,10000, 50686,2000000,1,500
3,16116,Tel Govt-NS LOC,MIN-FEM-MSM,Telangana,DCMS Hyderabad,DERMATOLOGY,775000,Info not available,2000000,1,1400
3,16242,Tel Govt-NS UNR,BCB-GEN,Telangana,Prathima IMS Karimnagar,OBG,750000,Info not available,2000000,1,1060
3,16272,Tel Govt-NS UNR,BCA-GEN,Telangana,Mamata Med Coll Khammam,GENERAL MEDICINE,750000,Info not available,2000000,1,1080
3,16293,Tel Govt-NS LOC,OPEN-FEM,Telangana,Gandhi Med Coll Secunderabad,ENT,10000, 50686,2000000,1,1200
3,16332,Tel Govt-NS LOC,OPEN-GEN,Telangana,Osmania Med Coll Hyderabad,OPHTHALMOLOGY,10000, 50686,2000000,1,4800
3,16364,Tel Govt-NS LOC,OPEN-GEN,Telangana,Prathima IMS Karimnagar,TBRD,750000,Info not available,2000000,1,1060
3,16447,Tel Govt-NS LOC,BCA-GEN,Telangana,Bhaskar Med Coll Yenkapally,GENERAL MEDICINE,750000,Info not available,2000000,1,850
3,16451,Tel Govt-NS LOC,BCD-GEN,Telangana,Malla Reddy IMS Hyderabad,OBG,700000,Info not available,2000000,1,940
3,16479,Tel Govt-NS LOC,OPEN-FEM,Telangana,ESIC Med CollSanath Nagar,ENT, 250000,107800,1000000,2,690
3,16514,Tel Govt-NS LOC,OPEN-FEM,Telangana,Kakatiya Med Coll Warangal,ANAESTHESIOLOGY,10000, 50686,2000000,1,1150
3,16523,Tel Govt-NS LOC,OPEN-GEN,Telangana,Kamineni IMS Narketpally,OBG,750000,Info not available,2000000,1,1060
3,16526,Tel Govt-NS LOC,MIN-FEM-MSM,Telangana,DCMS Hyderabad,OBG,775000,Info not available,2000000,1,1400
3,16530,Tel Govt-NS LOC,OPEN-GEN,Telangana,Mamata Med Coll Khammam,OBG,750000,Info not available,2000000,1,1080
3,16544,Tel Govt-NS LOC,SC-GEN,Telangana,Osmania Med Coll Hyderabad,DERMATOLOGY,10000, 50686,2000000,1,4800
3,16576,Tel Govt-NS UNR,OPEN-GEN,Telangana,Malla Reddy IMS Hyderabad,GENERAL SURGERY,700000,Info not available,2000000,1,940
3,16600,Tel Govt-NS LOC,BCD-GEN,Telangana,NIMS Hyderabad,RADIATION ONCOLOGY,72000, 99969,5000000,1,1498
3,16657,Tel Govt-NS LOC,OPEN-GEN,Telangana,Bhaskar Med Coll Yenkapally,OBG,750000,Info not available,2000000,1,850
3,16679,Tel Govt-NS LOC,BCE-GEN,Telangana,Bhaskar Med Coll Yenkapally,RADIO DIAGNOSIS,750000,Info not available,2000000,1,850
3,16740,Tel Govt-NS UNR,BCB-GEN,Telangana,Gandhi Med Coll Secunderabad,ANAESTHESIOLOGY,10000, 50686,2000000,1,1200
3,16786,Tel Govt-NS LOC,BCE-GEN,Telangana,Malla Reddy IMS Hyderabad,OBG,700000,Info not available,2000000,1,940
3,16803,Tel Govt-NS LOC,MIN-FEM-MSM,Telangana,Shadan IMSRC Peerancheru,GENERAL MEDICINE,750000,Info not available,2000000,1,800
3,16823,Tel Govt-NS LOC,OPEN-GEN,Telangana,Mediciti IMS Ghanpur,OBG,700000,Info not available,2000000,1,720
3,16951,Tel Govt-NS LOC,BCC-FEM,Telangana,Gandhi Med Coll Secunderabad,OBG,10000, 50686,2000000,1,1200
3,16974,Tel Govt-NS LOC,OPEN-FEM,Telangana,Osmania Med Coll Hyderabad,ANAESTHESIOLOGY,10000, 50686,2000000,1,4800
3,17142,Tel Govt-NS UNR,SC-GEN,Telangana,Osmania Med Coll Hyderabad,PAEDIATRICS,10000, 50686,2000000,1,4800
3,17143,Tel Govt-NS LOC,BCB-FEM,Telangana,Osmania Med Coll Hyderabad,OPHTHALMOLOGY,10000, 50686,2000000,1,4800
3,17145,Tel Govt-NS UNR,BCA-GEN,Telangana,Mediciti IMS Ghanpur,OBG,700000,Info not available,2000000,1,720
3,17153,Tel Govt-NS LOC,OPEN-GEN,Telangana,Kakatiya Med Coll Warangal,ENT,10000, 50686,2000000,1,1150
3,17198,Tel Govt-NS UNR,OPEN-GEN,Telangana,Osmania Med Coll Hyderabad,PSYCHIATRY,10000, 50686,2000000,1,4800
3,17236,Tel Govt-NS LOC,MIN-GEN-MSM,Telangana,Shadan IMSRC Peerancheru,RADIO DIAGNOSIS,750000,Info not available,2000000,1,800
3,17252,Tel Govt-NS LOC,MIN-GEN-MSM,Telangana,Shadan IMSRC Peerancheru,DERMATOLOGY,750000,Info not available,2000000,1,800
3,17358,Tel Govt-NS LOC,BCA-GEN,Telangana,Malla Reddy IMS Hyderabad,PAEDIATRICS,700000,Info not available,2000000,1,940
3,17459,Tel Govt-NS LOC,OPEN-FEM,Telangana,MNR Med Coll Sangareddy,OBG,700000,Info not available,2000000,1,760
3,17512,Tel Govt-NS LOC,OPEN-GEN,Telangana,Osmania Med Coll Hyderabad,PSYCHIATRY,10000, 50686,2000000,1,4800
3,17605,Tel Govt-NS LOC,OPEN-FEM,Telangana,SVS Med Coll Mehboobnagar,GENERAL SURGERY,750000,Info not available,2000000,1,760
3,17658,Tel Govt-NS LOC,BCB-FEM,Telangana,Kamineni IMS Narketpally,OBG,750000,Info not available,2000000,1,1060
3,17708,Tel Govt-NS LOC,BCE-GEN,Telangana,Malla Reddy IMS Hyderabad,GENERAL MEDICINE,700000,Info not available,2000000,1,940
3,17729,Tel Govt-NS LOC,BCB-GEN,Telangana,Dr Patnam MRInstofMSChevella,PAEDIATRICS,-,-,-,-,-
3,17744,Tel Govt-NS LOC,BCB-GEN,Telangana,SVS Med Coll Mehboobnagar,GENERAL SURGERY,750000,Info not available,2000000,1,760
3,17818,Tel Govt-NS LOC,OPEN-GEN,Telangana,CAIMS Karimnagar,GENERAL SURGERY,775000,Info not available,2000000,1,1000
3,17966,Tel Govt-NS LOC,BCA-GEN,Telangana,Gandhi Med Coll Secunderabad,ENT,10000, 50686,2000000,1,1200
3,18016,Tel Govt-NS LOC,SC-GEN,Telangana,Gandhi Med Coll Secunderabad,GENERAL SURGERY,10000, 50686,2000000,1,1200
3,18090,Tel Govt-NS LOC,SC-FEM,Telangana,Osmania Med Coll Hyderabad,PAEDIATRICS,10000, 50686,2000000,1,4800
3,18196,Tel Govt-NS LOC,BCD-FEM,Telangana,Surabhi InstituteofMSSiddipet,GENERAL MEDICINE,775000,Info not available,2000000,1,-
3,18392,Tel Govt-NS LOC,BCE-GEN,Telangana,Prathima IMS Karimnagar,GENERAL MEDICINE,750000,Info not available,2000000,1,1060
3,18418,Tel Govt-NS LOC,OPEN-GEN,Telangana,Gandhi Med Coll Secunderabad,ANAESTHESIOLOGY,10000, 50686,2000000,1,1200
3,18458,Tel Govt-NS LOC,BCB-GEN,Telangana,Bhaskar Med Coll Yenkapally,OBG,750000,Info not available,2000000,1,850
3,18492,Tel Govt-NS LOC,SC-GEN,Telangana,Osmania Med Coll Hyderabad,OBG,10000, 50686,2000000,1,4800
3,18493,Tel Govt-NS LOC,MIN-GEN-MSM,Telangana,Shadan IMSRC Peerancheru,GENERAL MEDICINE,750000,Info not available,2000000,1,800
3,18720,Tel Govt-NS LOC,BCA-GEN,Telangana,Prathima IMS Karimnagar,OBG,750000,Info not available,2000000,1,1060
3,18732,Tel Govt-NS UNR,MIN-FEM-MSM,Telangana,DCMS Hyderabad,OBG,775000,Info not available,2000000,1,1400
3,18745,Tel Govt-NS LOC,BCD-GEN,Telangana,Apollo IMSR Hyderabad,OBG,750000,Info not available,2000000,1,570
3,18759,Tel Govt-NS LOC,OPEN-GEN-PHO,Telangana,NIMS Hyderabad,RADIO DIAGNOSIS,72000, 99969,5000000,1,1498
3,18823,Tel Govt-NS LOC,ST-FEM,Telangana,NIMS Hyderabad,GENERAL MEDICINE,72000, 99969,5000000,1,1498
3,18853,Tel Govt-NS LOC,MIN-GEN-MSM,Telangana,Shadan IMSRC Peerancheru,PAEDIATRICS,750000,Info not available,2000000,1,800
3,18865,Tel Govt-NS LOC,OPEN-GEN,Telangana,Osmania Med Coll Hyderabad,ANAESTHESIOLOGY,10000, 50686,2000000,1,4800
3,18890,Tel Govt-NS LOC,OPEN-GEN,Telangana,Kakatiya Med Coll Warangal,EMERGENCY MEDICINE,10000, 50686,2000000,1,1150
3,18963,Tel Govt-NS LOC,BCB-FEM,Telangana,Prathima IMS Karimnagar,PAEDIATRICS,750000,Info not available,2000000,1,1060
3,18991,Tel Govt-NS LOC,OPEN-GEN,Telangana,ESIC Med CollSanath Nagar,OPHTHALMOLOGY, 250000,107800,1000000,2,690
3,18995,Tel Govt-NS UNR,SC-GEN,Telangana,Osmania Med Coll Hyderabad,GENERAL SURGERY,10000, 50686,2000000,1,4800
3,19058,Tel Govt-NS LOC,SC-GEN,Telangana,Gandhi Med Coll Secunderabad,PAEDIATRICS,10000, 50686,2000000,1,1200
3,19087,Tel Govt-NS LOC,OPEN-FEM,Telangana,Surabhi InstituteofMSSiddipet,PAEDIATRICS,775000,Info not available,2000000,1,-
3,19092,Tel Govt-NS LOC,OPEN-FEM,Telangana,Surabhi InstituteofMSSiddipet,OBG,775000,Info not available,2000000,1,-
3,19115,Tel Govt-NS LOC,OPEN-GEN,Telangana,SVS Med Coll Mehboobnagar,GENERAL SURGERY,750000,Info not available,2000000,1,760
3,19116,Tel Govt-NS LOC,SC-FEM,Telangana,Govt Med Coll Nizamabad,GENERAL MEDICINE,10000, 50686,2000000,1,500
3,19118,Tel Govt-NS LOC,OPEN-GEN,Telangana,Osmania Med Coll Hyderabad,RADIATION ONCOLOGY,10000, 50686,2000000,1,4800
3,19273,Tel Govt-NS LOC,OPEN-FEM,Telangana,Malla Reddy IMS Hyderabad,GENERAL SURGERY,700000,Info not available,2000000,1,940
3,19352,Tel Govt-NS LOC,OPEN-GEN,Telangana,Malla Reddy IMS Hyderabad,GENERAL SURGERY,700000,Info not available,2000000,1,940
3,19520,Tel Govt-NS LOC,OPEN-FEM,Telangana,Osmania Med Coll Hyderabad,ANAESTHESIOLOGY,10000, 50686,2000000,1,4800
3,19562,Tel Govt-NS LOC,SC-GEN,Telangana,Kakatiya Med Coll Warangal,PAEDIATRICS,10000, 50686,2000000,1,1150
3,19566,Tel Govt-NS LOC,BCD-GEN,Telangana,MNR Med Coll Sangareddy,DERMATOLOGY,700000,Info not available,2000000,1,760
3,19660,Tel Govt-NS LOC,OPEN-FEM,Telangana,Gandhi Med Coll Secunderabad,OPHTHALMOLOGY,10000, 50686,2000000,1,1200
3,19809,Tel Govt-NS LOC,BCE-GEN,Telangana,Gandhi Med Coll Secunderabad,OPHTHALMOLOGY,10000, 50686,2000000,1,1200
3,19877,Tel Govt-NS LOC,OPEN-GEN,Telangana,Kakatiya Med Coll Warangal,OPHTHALMOLOGY,10000, 50686,2000000,1,1150
3,19936,Tel Govt-NS LOC,BCA-FEM,Telangana,Bhaskar Med Coll Yenkapally,DERMATOLOGY,750000,Info not available,2000000,1,850
3,19957,Tel Govt-NS LOC,OPEN-GEN,Telangana,Osmania Med Coll Hyderabad,ANAESTHESIOLOGY,10000, 50686,2000000,1,4800
3,20016,Tel Govt-NS LOC,OPEN-GEN,Telangana,Osmania Med Coll Hyderabad,ANAESTHESIOLOGY,10000, 50686,2000000,1,4800
3,20051,Tel Govt-NS UNR,OPEN-GEN,Telangana,SVS Med Coll Mehboobnagar,ORTHOPAEDICS,750000,Info not available,2000000,1,760
3,20128,Tel Govt-NS UNR,BCB-GEN,Telangana,Malla Reddy IMS Hyderabad,TBRD,700000,Info not available,2000000,1,940
3,20350,Tel Govt-NS LOC,BCB-FEM,Telangana,Kakatiya Med Coll Warangal,ANAESTHESIOLOGY,10000, 50686,2000000,1,1150
3,20439,Tel Govt-NS LOC,OPEN-FEM,Telangana,Apollo IMSR Hyderabad,EMERGENCY MEDICINE,-,-,-,-,570
3,20501,Tel Govt-NS LOC,BCA-GEN,Telangana,Apollo IMSR Hyderabad,PAEDIATRICS,750000,Info not available,2000000,1,570
3,20514,Tel Govt-NS LOC,OPEN-FEM,Telangana,Kakatiya Med Coll Warangal,OPHTHALMOLOGY,10000, 50686,2000000,1,1150
3,20552,Tel Govt-NS UNR,SC-GEN,Telangana,Osmania Med Coll Hyderabad,OBG,10000, 50686,2000000,1,4800
3,20555,Tel Govt-NS LOC,BCB-GEN,Telangana,Gandhi Med Coll Secunderabad,ENT,10000, 50686,2000000,1,1200
3,20556,Tel Govt-NS LOC,OPEN-GEN,Telangana,Prathima IMS Karimnagar,GENERAL SURGERY,750000,Info not available,2000000,1,1060
3,20632,Tel Govt-NS LOC,OPEN-GEN,Telangana,NIMS Hyderabad,PATHOLOGY,72000, 99969,5000000,1,1498
3,20792,Tel Govt-NS LOC,BCD-FEM,Telangana,Mahavir Inst of MS Vikarabad,GENERAL MEDICINE,700000,Info not available,2000000,1,700
3,20798,Tel Govt-NS LOC,OPEN-GEN,Telangana,Govt Med Coll Nizamabad,ORTHOPAEDICS,10000, 50686,2000000,1,500
3,20899,Tel Govt-NS UNR,BCB-GEN,Telangana,Kakatiya Med Coll Warangal,OPHTHALMOLOGY,10000, 50686,2000000,1,1150
3,21020,Tel Govt-NS UNR,BCB-GEN,Telangana,Govt Med Coll Nizamabad,ANAESTHESIOLOGY,10000, 50686,2000000,1,500
3,21219,Tel Govt-NS LOC,OPEN-GEN,Telangana,Govt Med Coll Nizamabad,OPHTHALMOLOGY,10000, 50686,2000000,1,500
3,21287,Tel Govt-NS LOC,OPEN-GEN,Telangana,Govt Med Coll Siddipet,OPHTHALMOLOGY,10000, 50686,2000000,1,-
3,21300,Tel Govt-NS LOC,BCA-GEN,Telangana,Rajiv Gandhi IMS Adilabad,ANAESTHESIOLOGY,10000, 50686,2000000,1,Info Not Available
3,21303,Tel Govt-NS LOC,BCB-GEN,Telangana,Gandhi Med Coll Secunderabad,ENT,10000, 50686,2000000,1,1200
3,21305,Tel Govt-NS LOC,OPEN-GEN,Telangana,Malla Reddy IMS Hyderabad,EMERGENCY MEDICINE,-,-,-,-,940
3,21314,Tel Govt-NS LOC,OPEN-GEN,Telangana,Osmania Med Coll Hyderabad,PSYCHIATRY,10000, 50686,2000000,1,4800
3,21377,Tel Govt-NS LOC,BCB-GEN,Telangana,Kamineni IMS Narketpally,GENERAL SURGERY,750000,Info not available,2000000,1,1060
3,21542,Tel Govt-NS LOC,BCA-GEN,Telangana,Kamineni IMS Narketpally,GENERAL MEDICINE,750000,Info not available,2000000,1,1060
3,21572,Tel Govt-NS LOC,BCD-FEM,Telangana,Osmania Med Coll Hyderabad,ANAESTHESIOLOGY,10000, 50686,2000000,1,4800
3,21585,Tel Govt-NS LOC,OPEN-FEM,Telangana,Gandhi Med Coll Secunderabad,ORTHOPAEDICS,10000, 50686,2000000,1,1200
3,21615,Tel Govt-NS LOC,OPEN-FEM,Telangana,Malla Reddy IMS Hyderabad,ENT,700000,Info not available,2000000,1,940
3,21758,Tel Govt-NS LOC,OPEN-GEN,Telangana,Rajiv Gandhi IMS Adilabad,ENT,10000, 50686,2000000,1,Info Not Available
3,21899,Tel Govt-NS LOC,BCE-GEN,Telangana,CAIMS Karimnagar,PAEDIATRICS,775000,Info not available,2000000,1,1000
3,21956,Tel Govt-NS UNR,OPEN-GEN,Telangana,Osmania Med Coll Hyderabad,PATHOLOGY,10000, 50686,2000000,1,4800
3,21965,Tel Govt-NS UNR,BCD-GEN,Telangana,MNR Med Coll Sangareddy,OBG,700000,Info not available,2000000,1,760
3,22076,Tel Govt-NS LOC,OPEN-GEN,Telangana,Rajiv Gandhi IMS Adilabad,ANAESTHESIOLOGY,10000, 50686,2000000,1,Info Not Available
3,22120,Tel Govt-NS LOC,OPEN-FEM,Telangana,Malla Reddy IMS Hyderabad,GENERAL SURGERY,700000,Info not available,2000000,1,940
3,22190,Tel Govt-NS LOC,OPEN-GEN,Telangana,Malla Reddy(Women) Hyderabad,TBRD,700000,Info not available,2000000,1,1050
3,22207,Tel Govt-NS LOC,BCD-GEN,Telangana,Bhaskar Med Coll Yenkapally,PAEDIATRICS,750000,Info not available,2000000,1,850
3,22215,Tel Govt-NS UNR,BCA-FEM,Telangana,MNR Med Coll Sangareddy,PAEDIATRICS,700000,Info not available,2000000,1,760
3,22267,Tel Govt-NS LOC,ST-GEN,Telangana,Kakatiya Med Coll Warangal,GENERAL MEDICINE,10000, 50686,2000000,1,1150
3,22293,Tel Govt-NS LOC,SC-GEN,Telangana,ESIC Med CollSanath Nagar,GENERAL SURGERY, 250000,107800,1000000,2,690
3,22313,Tel Govt-NS LOC,BCD-FEM,Telangana,Apollo IMSR Hyderabad,OBG,750000,Info not available,2000000,1,570
3,22369,Tel Govt-NS LOC,SC-GEN,Telangana,Osmania Med Coll Hyderabad,TBRD,10000, 50686,2000000,1,4800
3,22434,Tel Govt-NS LOC,BCB-GEN,Telangana,Osmania Med Coll Hyderabad,OPHTHALMOLOGY,10000, 50686,2000000,1,4800
3,22448,Tel Govt-NS LOC,MIN-GEN-MSM,Telangana,Shadan IMSRC Peerancheru,TBRD,750000,Info not available,2000000,1,800
3,22463,Tel Govt-NS LOC,ST-GEN,Telangana,Gandhi Med Coll Secunderabad,GENERAL MEDICINE,10000, 50686,2000000,1,1200
3,22587,Tel Govt-NS LOC,OPEN-FEM,Telangana,Kamineni (KAMSRC) Hyderabad,TBRD,700000,Info not available,2000000,1,650
3,22684,Tel Govt-NS UNR,BCE-GEN,Telangana,SVS Med Coll Mehboobnagar,OBG,750000,Info not available,2000000,1,760
3,22749,Tel Govt-NS LOC,SC-GEN,Telangana,Malla Reddy IMS Hyderabad,RADIO DIAGNOSIS,700000,Info not available,2000000,1,940
3,22803,Tel Govt-NS LOC,SC-GEN,Telangana,Prathima IMS Karimnagar,RADIO DIAGNOSIS,750000,Info not available,2000000,1,1060
3,22820,Tel Govt-NS LOC,BCB-FEM,Telangana,Gandhi Med Coll Secunderabad,ORTHOPAEDICS,10000, 50686,2000000,1,1200
3,22852,Tel Govt-NS LOC,OPEN-GEN,Telangana,Dr Patnam MRInstofMSChevella,GENERAL SURGERY,-,-,-,-,-
3,22853,Tel Govt-NS LOC,OPEN-FEM,Telangana,NIMS Hyderabad,PATHOLOGY,72000, 99969,5000000,1,1498
3,22889,Tel Govt-NS LOC,BCA-GEN,Telangana,Kamineni (KAMSRC) Hyderabad,TBRD,700000,Info not available,2000000,1,650
3,22921,Tel Govt-NS LOC,BCD-GEN,Telangana,Gandhi Med Coll Secunderabad,ANAESTHESIOLOGY,10000, 50686,2000000,1,1200
3,22934,Tel Govt-NS LOC,MIN-FEM-MSM,Telangana,Shadan IMSRC Peerancheru,OBG,750000,Info not available,2000000,1,800
3,22952,Tel Govt-NS UNR,SC-GEN,Telangana,Mamata Med Coll Khammam,RADIO DIAGNOSIS,750000,Info not available,2000000,1,1080
3,22955,Tel Govt-NS LOC,BCE-FEM,Telangana,Mamata Med Coll Khammam,GENERAL MEDICINE,750000,Info not available,2000000,1,1080
3,22999,Tel Govt-NS LOC,BCA-FEM,Telangana,Dr Patnam MRInstofMSChevella,GENERAL MEDICINE,-,-,-,-,-
3,23018,Tel Govt-NS LOC,OPEN-GEN,Telangana,MNR Med Coll Sangareddy,GENERAL SURGERY,700000,Info not available,2000000,1,760
3,23038,Tel Govt-NS LOC,BCE-GEN,Telangana,Rajiv Gandhi IMS Adilabad,ORTHOPAEDICS,10000, 50686,2000000,1,Info Not Available
3,23198,Tel Govt-NS UNR,BCE-GEN,Telangana,MNR Med Coll Sangareddy,GENERAL MEDICINE,700000,Info not available,2000000,1,760
3,23213,Tel Govt-NS LOC,OPEN-FEM,Telangana,Malla Reddy(Women) Hyderabad,OPHTHALMOLOGY,700000,Info not available,2000000,1,1050
3,23214,Tel Govt-NS LOC,MIN-GEN-MSM,Telangana,Shadan IMSRC Peerancheru,PAEDIATRICS,750000,Info not available,2000000,1,800
3,23319,Tel Govt-NS LOC,BCB-FEM,Telangana,Malla Reddy IMS Hyderabad,GENERAL SURGERY,700000,Info not available,2000000,1,940
3,23362,Tel Govt-NS LOC,OPEN-FEM,Telangana,Osmania Med Coll Hyderabad,PATHOLOGY,10000, 50686,2000000,1,4800
3,23452,Tel Govt-NS LOC,SC-GEN,Telangana,CAIMS Karimnagar,GENERAL MEDICINE,775000,Info not available,2000000,1,1000
3,23470,Tel Govt-NS LOC,OPEN-GEN,Telangana,Prathima IMS Karimnagar,ORTHOPAEDICS,750000,Info not available,2000000,1,1060
3,23483,Tel Govt-NS LOC,OPEN-FEM,Telangana,Mamata Med Coll Khammam,GENERAL SURGERY,750000,Info not available,2000000,1,1080
3,23537,Tel Govt-NS LOC,BCD-GEN,Telangana,Malla Reddy(Women) Hyderabad,GENERAL SURGERY,700000,Info not available,2000000,1,1050
3,23555,Tel Govt-NS LOC,SC-GEN,Telangana,Kamineni (KAMSRC) Hyderabad,GENERAL MEDICINE,700000,Info not available,2000000,1,650
3,23569,Tel Govt-NS LOC,BCE-GEN,Telangana,Osmania Med Coll Hyderabad,ANAESTHESIOLOGY,10000, 50686,2000000,1,4800
3,23617,Tel Govt-NS LOC,OPEN-GEN,Telangana,Govt Med Coll Siddipet,ENT,10000, 50686,2000000,1,-
3,23667,Tel Govt-NS LOC,OPEN-GEN,Telangana,CAIMS Karimnagar,OPHTHALMOLOGY,775000,Info not available,2000000,1,1000
3,23669,Tel Govt-NS LOC,SC-GEN,Telangana,NIMS Hyderabad,ANAESTHESIOLOGY,72000, 99969,5000000,1,1498
3,23673,Tel Govt-NS LOC,SC-FEM,Telangana,Osmania Med Coll Hyderabad,GENERAL SURGERY,10000, 50686,2000000,1,4800
3,23776,Tel Govt-NS LOC,OPEN-FEM,Telangana,CAIMS Karimnagar,TBRD,775000,Info not available,2000000,1,1000
3,23860,Tel Govt-NS LOC,BCE-FEM,Telangana,Mamata Med Coll Khammam,PAEDIATRICS,750000,Info not available,2000000,1,1080
3,23921,Tel Govt-NS LOC,BCD-FEM,Telangana,Apollo IMSR Hyderabad,TBRD,750000,Info not available,2000000,1,570
3,23939,Tel Govt-NS LOC,BCB-GEN,Telangana,ESIC Med CollSanath Nagar,OPHTHALMOLOGY, 250000,107800,1000000,2,690
3,24003,Tel Govt-NS UNR,BCB-GEN,Telangana,CAIMS Karimnagar,ORTHOPAEDICS,775000,Info not available,2000000,1,1000
3,24024,Tel Govt-NS LOC,BCE-GEN,Telangana,Malla Reddy IMS Hyderabad,GENERAL SURGERY,700000,Info not available,2000000,1,940
3,24057,Tel Govt-NS UNR,SC-GEN,Telangana,Rajiv Gandhi IMS Adilabad,DERMATOLOGY,10000, 50686,2000000,1,Info Not Available
3,24130,Tel Govt-NS LOC,SC-FEM,Telangana,Kakatiya Med Coll Warangal,OBG,10000, 50686,2000000,1,1150
3,24159,Tel Govt-NS LOC,MIN-GEN-MSM,Telangana,DCMS Hyderabad,OBG,775000,Info not available,2000000,1,1400
3,24219,Tel Govt-NS LOC,OPEN-GEN,Telangana,Osmania Med Coll Hyderabad,DTBCD,10000, 50686,1000000,1,4800
3,24272,Tel Govt-NS LOC,SC-GEN,Telangana,Kakatiya Med Coll Warangal,GENERAL SURGERY,10000, 50686,2000000,1,1150
3,24351,Tel Govt-NS LOC,OPEN-GEN,Telangana,Kamineni (KAMSRC) Hyderabad,ANAESTHESIOLOGY,700000,Info not available,2000000,1,650
3,24397,Tel Govt-NS UNR,BCD-GEN,Telangana,Malla Reddy(Women) Hyderabad,EMERGENCY MEDICINE,700000,Info not available,2000000,1,1050
3,24411,Tel Govt-NS UNR,BCB-GEN,Telangana,Prathima IMS Karimnagar,GENERAL SURGERY,750000,Info not available,2000000,1,1060
3,24545,Tel Govt-NS UNR,BCA-GEN,Telangana,Malla Reddy IMS Hyderabad,GENERAL SURGERY,700000,Info not available,2000000,1,940
3,24549,Tel Govt-NS LOC,OPEN-FEM,Telangana,Malla Reddy IMS Hyderabad,ANAESTHESIOLOGY,700000,Info not available,2000000,1,940
3,24610,Tel Govt-NS LOC,ST-FEM,Telangana,Osmania Med Coll Hyderabad,PAEDIATRICS,10000, 50686,2000000,1,4800
3,24706,Tel Govt-NS LOC,OPEN-FEM,Telangana,Kamineni (KAMSRC) Hyderabad,GENERAL SURGERY,700000,Info not available,2000000,1,650
3,24827,Tel Govt-NS UNR,OPEN-FEM,Telangana,Kakatiya Med Coll Warangal,ORTHOPAEDICS,10000, 50686,2000000,1,1150
3,24995,Tel Govt-NS LOC,OPEN-GEN,Telangana,Malla Reddy IMS Hyderabad,ORTHOPAEDICS,700000,Info not available,2000000,1,940
3,25103,Tel Govt-NS LOC,MIN-FEM-MSM,Telangana,DrVRK Womens MedCollAziznagar,PAEDIATRICS,700000,Info not available,2000000,1,500
3,25250,Tel Govt-NS LOC,OPEN-GEN,Telangana,Mamata Med Coll Khammam,TBRD,750000,Info not available,2000000,1,1080
3,25308,Tel Govt-NS LOC,OPEN-FEM,Telangana,Mediciti IMS Ghanpur,TBRD,700000,Info not available,2000000,1,720
3,25343,Tel Govt-NS UNR,MIN-FEM-MSM,Telangana,DrVRK Womens MedCollAziznagar,PAEDIATRICS,700000,Info not available,2000000,1,500
3,25426,Tel Govt-NS LOC,BCB-FEM,Telangana,Govt Med Coll Siddipet,OPHTHALMOLOGY,10000, 50686,2000000,1,-
3,25475,Tel Govt-NS LOC,OPEN-GEN,Telangana,Bhaskar Med Coll Yenkapally,ORTHOPAEDICS,750000,Info not available,2000000,1,850
3,25493,Tel Govt-NS LOC,BCA-GEN,Telangana,Malla Reddy(Women) Hyderabad,OBG,700000,Info not available,2000000,1,1050
3,25595,Tel Govt-NS LOC,BCB-GEN,Telangana,Surabhi InstituteofMSSiddipet,OBG,775000,Info not available,2000000,1,-
3,25602,Tel Govt-NS LOC,MIN-GEN-MSM,Telangana,DCMS Hyderabad,OBG,775000,Info not available,2000000,1,1400
3,25661,Tel Govt-NS LOC,BCE-GEN,Telangana,Kakatiya Med Coll Warangal,ANAESTHESIOLOGY,10000, 50686,2000000,1,1150
3,25664,Tel Govt-NS LOC,BCB-GEN,Telangana,Mamata Med Coll Khammam,GENERAL SURGERY,750000,Info not available,2000000,1,1080
3,25668,Tel Govt-NS LOC,BCB-FEM,Telangana,Malla Reddy(Women) Hyderabad,GENERAL SURGERY,700000,Info not available,2000000,1,1050
3,25782,Tel Govt-NS LOC,OPEN-GEN,Telangana,Apollo IMSR Hyderabad,ORTHOPAEDICS,750000,Info not available,2000000,1,570
3,25925,Tel Govt-NS LOC,MIN-GEN-MSM,Telangana,Shadan IMSRC Peerancheru,OBG,750000,Info not available,2000000,1,800
3,25930,Tel Govt-NS LOC,SC-GEN,Telangana,Bhaskar Med Coll Yenkapally,GENERAL MEDICINE,750000,Info not available,2000000,1,850
3,25964,Tel Govt-NS LOC,OPEN-FEM,Telangana,Prathima IMS Karimnagar,GENERAL SURGERY,750000,Info not available,2000000,1,1060
3,26029,Tel Govt-NS LOC,ST-GEN,Telangana,Osmania Med Coll Hyderabad,DERMATOLOGY,10000, 50686,2000000,1,4800
3,26067,Tel Govt-NS LOC,OPEN-GEN,Telangana,Osmania Med Coll Hyderabad,PATHOLOGY,10000, 50686,2000000,1,4800
3,26081,Tel Govt-NS LOC,OPEN-GEN,Telangana,MNR Med Coll Sangareddy,TBRD,700000,Info not available,2000000,1,760
3,26271,Tel Govt-NS LOC,OPEN-GEN,Telangana,ESIC Med CollSanath Nagar,PSYCHIATRY, 250000,107800,1000000,2,690
3,26533,Tel Govt-NS LOC,OPEN-GEN,Telangana,Apollo IMSR Hyderabad,ANAESTHESIOLOGY,750000,Info not available,2000000,1,570
3,26606,Tel Govt-NS LOC,SC-GEN,Telangana,Kakatiya Med Coll Warangal,TBRD,10000, 50686,2000000,1,1150
3,26776,Tel Govt-NS LOC,MIN-GEN-MSM,Telangana,DCMS Hyderabad,GENERAL SURGERY,775000,Info not available,2000000,1,1400
3,26805,Tel Govt-NS LOC,ST-GEN,Telangana,Osmania Med Coll Hyderabad,PAEDIATRICS,10000, 50686,2000000,1,4800
3,26843,Tel Govt-NS LOC,OPEN-GEN,Telangana,Mamata Med Coll Khammam,OPHTHALMOLOGY,750000,Info not available,2000000,1,1080
3,26902,Tel Govt-NS UNR,BCE-GEN,Telangana,MNR Med Coll Sangareddy,GENERAL SURGERY,700000,Info not available,2000000,1,760
3,26917,Tel Govt-NS LOC,SC-GEN,Telangana,Osmania Med Coll Hyderabad,OPHTHALMOLOGY,10000, 50686,2000000,1,4800
3,26940,Tel Govt-NS LOC,BCE-GEN,Telangana,SVS Med Coll Mehboobnagar,TBRD,750000,Info not available,2000000,1,760
3,27190,Tel Govt-NS LOC,BCA-GEN,Telangana,Dr Patnam MRInstofMSChevella,OBG,-,-,-,-,-
3,27242,Tel Govt-NS LOC,BCA-FEM,Telangana,Mamata Med Coll Khammam,OBG,750000,Info not available,2000000,1,1080
3,27243,Tel Govt-NS LOC,SC-GEN,Telangana,RVM IMSRC Siddipet,DERMATOLOGY,700000,Info not available,2000000,1,1110
3,27371,Tel Govt-NS LOC,BCE-GEN,Telangana,Apollo IMSR Hyderabad,ANAESTHESIOLOGY,750000,Info not available,2000000,1,570
3,27380,Tel Govt-NS LOC,OPEN-FEM,Telangana,Prathima IMS Karimnagar,OPHTHALMOLOGY,750000,Info not available,2000000,1,1060
3,27682,Tel Govt-NS LOC,OPEN-GEN,Telangana,Malla Reddy IMS Hyderabad,ANAESTHESIOLOGY,700000,Info not available,2000000,1,940
3,27782,Tel Govt-NS LOC,BCB-GEN,Telangana,Rajiv Gandhi IMS Adilabad,ENT,10000, 50686,2000000,1,Info Not Available
3,27827,Tel Govt-NS LOC,BCB-FEM,Telangana,MNR Med Coll Sangareddy,TBRD,700000,Info not available,2000000,1,760
3,28034,Tel Govt-NS LOC,ST-FEM,Telangana,Osmania Med Coll Hyderabad,OBG,10000, 50686,2000000,1,4800
3,28061,Tel Govt-NS LOC,BCD-GEN,Telangana,Govt Med Coll Nizamabad,ENT,10000, 50686,2000000,1,500
3,28119,Tel Govt-NS LOC,BCD-FEM,Telangana,Mamata Med Coll Khammam,ENT,750000,Info not available,2000000,1,1080
3,28241,Tel Govt-NS LOC,SC-GEN,Telangana,Govt Med Coll Nizamabad,OBG,10000, 50686,2000000,1,500
3,28290,Tel Govt-NS LOC,BCA-GEN,Telangana,Apollo IMSR Hyderabad,ORTHOPAEDICS,750000,Info not available,2000000,1,570
3,28355,Tel Govt-NS LOC,OPEN-GEN,Telangana,Mediciti IMS Ghanpur,GENERAL SURGERY,700000,Info not available,2000000,1,720
3,28356,Tel Govt-NS LOC,OPEN-GEN,Telangana,Osmania Med Coll Hyderabad,PATHOLOGY,10000, 50686,2000000,1,4800
3,28370,Tel Govt-NS LOC,BCB-GEN,Telangana,Bhaskar Med Coll Yenkapally,ORTHOPAEDICS,750000,Info not available,2000000,1,850
3,28464,Tel Govt-NS LOC,MIN-GEN-MSM,Telangana,Shadan IMSRC Peerancheru,GENERAL SURGERY,750000,Info not available,2000000,1,800
3,28495,Tel Govt-NS LOC,BCD-GEN,Telangana,Malla Reddy(Women) Hyderabad,ORTHOPAEDICS,700000,Info not available,2000000,1,1050
3,28529,Tel Govt-NS LOC,ST-GEN,Telangana,Osmania Med Coll Hyderabad,OBG,10000, 50686,2000000,1,4800
3,28536,Tel Govt-NS UNR,BCB-FEM,Telangana,SVS Med Coll Mehboobnagar,ENT,750000,Info not available,2000000,1,760
3,28570,Tel Govt-NS LOC,SC-FEM,Telangana,Osmania Med Coll Hyderabad,OPHTHALMOLOGY,10000, 50686,2000000,1,4800
3,28670,Tel Govt-NS LOC,SC-GEN,Telangana,Kamineni (KAMSRC) Hyderabad,OBG,700000,Info not available,2000000,1,650
3,28734,Tel Govt-NS LOC,SC-FEM,Telangana,NIMS Hyderabad,ANAESTHESIOLOGY,72000, 99969,5000000,1,1498
3,28742,Tel Govt-NS LOC,BCB-GEN,Telangana,SVS Med Coll Mehboobnagar,ANAESTHESIOLOGY,750000,Info not available,2000000,1,760
3,28766,Tel Govt-NS LOC,OPEN-GEN,Telangana,Mamata Med Coll Khammam,ORTHOPAEDICS,750000,Info not available,2000000,1,1080
3,28784,Tel Govt-NS LOC,OPEN-GEN,Telangana,Osmania Med Coll Hyderabad,RADIATION ONCOLOGY,10000, 50686,2000000,1,4800
3,28904,Tel Govt-NS LOC,SC-FEM,Telangana,Osmania Med Coll Hyderabad,ANAESTHESIOLOGY,10000, 50686,2000000,1,4800
3,28911,Tel Govt-NS LOC,BCE-FEM,Telangana,Mediciti IMS Ghanpur,OBG,700000,Info not available,2000000,1,720
3,28981,Tel Govt-NS LOC,SC-GEN,Telangana,MNR Med Coll Sangareddy,RADIO DIAGNOSIS,700000,Info not available,2000000,1,760
3,29122,Tel Govt-NS LOC,SC-FEM,Telangana,SVS Med Coll Mehboobnagar,DERMATOLOGY,750000,Info not available,2000000,1,760
3,29137,Tel Govt-NS LOC,BCB-FEM,Telangana,Malla Reddy IMS Hyderabad,ANAESTHESIOLOGY,700000,Info not available,2000000,1,940
3,29141,Tel Govt-NS LOC,SC-FEM,Telangana,Bhaskar Med Coll Yenkapally,OPHTHALMOLOGY,750000,Info not available,2000000,1,850
3,29209,Tel Govt-NS LOC,SC-GEN,Telangana,Malla Reddy IMS Hyderabad,OBG,700000,Info not available,2000000,1,940
3,29305,Tel Govt-NS LOC,OPEN-GEN,Telangana,Prathima IMS Karimnagar,ANAESTHESIOLOGY,750000,Info not available,2000000,1,1060
3,29374,Tel Govt-NS LOC,OPEN-FEM,Telangana,Mediciti IMS Ghanpur,ANAESTHESIOLOGY,700000,Info not available,2000000,1,720
3,29397,Tel Govt-NS LOC,OPEN-GEN,Telangana,Bhaskar Med Coll Yenkapally,GENERAL SURGERY,750000,Info not available,2000000,1,850
3,29441,Tel Govt-NS UNR,OPEN-FEM,Telangana,Malla Reddy(Women) Hyderabad,ANAESTHESIOLOGY,700000,Info not available,2000000,1,1050
3,29483,Tel Govt-NS UNR,BCE-FEM,Telangana,Rajiv Gandhi IMS Adilabad,ANAESTHESIOLOGY,10000, 50686,2000000,1,Info Not Available
3,29498,Tel Govt-NS LOC,SC-FEM,Telangana,Govt Med Coll Siddipet,GENERAL SURGERY,10000, 50686,2000000,1,-
3,29512,Tel Govt-NS UNR,OPEN-GEN,Telangana,Mediciti IMS Ghanpur,OPHTHALMOLOGY,700000,Info not available,2000000,1,720
3,29867,Tel Govt-NS LOC,OPEN-FEM,Telangana,Osmania Med Coll Hyderabad,ORTHOPAEDICS,10000, 50686,2000000,1,4800
3,29893,Tel Govt-NS LOC,SC-GEN,Telangana,Gandhi Med Coll Secunderabad,ANAESTHESIOLOGY,10000, 50686,2000000,1,1200
3,29995,Tel Govt-NS LOC,OPEN-FEM,Telangana,Osmania Med Coll Hyderabad,RADIATION ONCOLOGY,10000, 50686,2000000,1,4800
3,30047,Tel Govt-NS LOC,OPEN-FEM,Telangana,Osmania Med Coll Hyderabad,ORTHOPAEDICS,10000, 50686,2000000,1,4800
3,30082,Tel Govt-NS UNR,OPEN-FEM,Telangana,Prathima IMS Karimnagar,ANAESTHESIOLOGY,750000,Info not available,2000000,1,1060
3,30193,Tel Govt-NS LOC,BCC-GEN,Telangana,Malla Reddy IMS Hyderabad,RADIO DIAGNOSIS,700000,Info not available,2000000,1,940
3,30205,Tel Govt-NS LOC,SC-FEM,Telangana,MNR Med Coll Sangareddy,GENERAL MEDICINE,700000,Info not available,2000000,1,760
3,30227,Tel Govt-NS LOC,BCE-FEM,Telangana,SVS Med Coll Mehboobnagar,OPHTHALMOLOGY,750000,Info not available,2000000,1,760
3,30276,Tel Govt-NS UNR,BCD-FEM,Telangana,Kamineni (KAMSRC) Hyderabad,GENERAL SURGERY,700000,Info not available,2000000,1,650
3,30286,Tel Govt-NS LOC,OPEN-GEN,Telangana,Kamineni IMS Narketpally,GENERAL SURGERY,750000,Info not available,2000000,1,1060
3,30287,Tel Govt-NS LOC,OPEN-GEN,Telangana,Gandhi Med Coll Secunderabad,PSYCHIATRY,10000, 50686,2000000,1,1200
3,30306,Tel Govt-NS UNR,SC-GEN,Telangana,Osmania Med Coll Hyderabad,RADIATION ONCOLOGY,10000, 50686,2000000,1,4800
3,30372,Tel Govt-NS LOC,OPEN-GEN,Telangana,Dr Patnam MRInstofMSChevella,ORTHOPAEDICS,-,-,-,-,-
3,30450,Tel Govt-NS UNR,OPEN-FEM,Telangana,Bhaskar Med Coll Yenkapally,OPHTHALMOLOGY,750000,Info not available,2000000,1,850
3,30521,Tel Govt-NS LOC,OPEN-FEM,Telangana,Kakatiya Med Coll Warangal,ORTHOPAEDICS,10000, 50686,2000000,1,1150
3,30630,Tel Govt-NS LOC,BCB-FEM,Telangana,Osmania Med Coll Hyderabad,RADIATION ONCOLOGY,10000, 50686,2000000,1,4800
3,30780,Tel Govt-NS LOC,BCA-GEN,Telangana,Kamineni (KAMSRC) Hyderabad,ORTHOPAEDICS,700000,Info not available,2000000,1,650
3,30827,Tel Govt-NS LOC,BCC-FEM,Telangana,Govt Med Coll Nizamabad,ANAESTHESIOLOGY,10000, 50686,2000000,1,500
3,30909,Tel Govt-NS LOC,OPEN-GEN,Telangana,Malla Reddy IMS Hyderabad,ANAESTHESIOLOGY,700000,Info not available,2000000,1,940
3,30962,Tel Govt-NS UNR,SC-GEN,Telangana,Osmania Med Coll Hyderabad,ANAESTHESIOLOGY,10000, 50686,2000000,1,4800
3,30968,Tel Govt-NS LOC,OPEN-GEN,Telangana,Malla Reddy IMS Hyderabad,ANAESTHESIOLOGY,700000,Info not available,2000000,1,940
3,30969,Tel Govt-NS LOC,OPEN-GEN,Telangana,Kamineni IMS Narketpally,GENERAL SURGERY,750000,Info not available,2000000,1,1060
3,31221,Tel Govt-NS LOC,MIN-FEM-MSM,Telangana,Shadan IMSRC Peerancheru,ENT,750000,Info not available,2000000,1,800
3,31270,Tel Govt-NS LOC,SC-FEM,Telangana,Surabhi InstituteofMSSiddipet,RADIO DIAGNOSIS,775000,Info not available,2000000,1,-
3,31278,Tel Govt-NS LOC,OPEN-GEN,Telangana,Bhaskar Med Coll Yenkapally,ANAESTHESIOLOGY,750000,Info not available,2000000,1,850
3,31375,Tel Govt-NS LOC,OPEN-FEM,Telangana,SVS Med Coll Mehboobnagar,ANAESTHESIOLOGY,750000,Info not available,2000000,1,760
3,31481,Tel Govt-NS LOC,BCB-GEN,Telangana,Kamineni IMS Narketpally,EMERGENCY MEDICINE,750000,Info not available,2000000,1,1060
3,31514,Tel Govt-NS LOC,OPEN-GEN,Telangana,Malla Reddy IMS Hyderabad,OPHTHALMOLOGY,700000,Info not available,2000000,1,940
3,31561,Tel Govt-NS LOC,OPEN-FEM,Telangana,Malla Reddy(Women) Hyderabad,ANAESTHESIOLOGY,700000,Info not available,2000000,1,1050
3,31682,Tel Govt-NS LOC,MIN-FEM-MSM,Telangana,DCMS Hyderabad,GENERAL SURGERY,775000,Info not available,2000000,1,1400
3,31695,Tel Govt-NS LOC,SC-GEN,Telangana,Kakatiya Med Coll Warangal,ORTHOPAEDICS,10000, 50686,2000000,1,1150
3,31968,Tel Govt-NS UNR,MIN-GEN-MSM,Telangana,DCMS Hyderabad,ANAESTHESIOLOGY,775000,Info not available,2000000,1,1400
3,32001,Tel Govt-NS LOC,OPEN-GEN,Telangana,SVS Med Coll Mehboobnagar,ANAESTHESIOLOGY,750000,Info not available,2000000,1,760
3,32024,Tel Govt-NS LOC,SC-FEM,Telangana,Malla Reddy IMS Hyderabad,PAEDIATRICS,700000,Info not available,2000000,1,940
3,32070,Tel Govt-NS LOC,BCC-GEN,Telangana,ESIC Med CollSanath Nagar,SPM, 250000,107800,1000000,2,690
3,32099,Tel Govt-NS LOC,MIN-GEN-MSM,Telangana,DCMS Hyderabad,TBRD,775000,Info not available,2000000,1,1400
3,32166,Tel Govt-NS LOC,OPEN-GEN,Telangana,CAIMS Karimnagar,ORTHOPAEDICS,775000,Info not available,2000000,1,1000
3,32200,Tel Govt-NS LOC,OPEN-GEN,Telangana,SVS Med Coll Mehboobnagar,ANAESTHESIOLOGY,750000,Info not available,2000000,1,760
3,32212,Tel Govt-NS LOC,OPEN-GEN,Telangana,Osmania Med Coll Hyderabad,DO,10000, 50686,1000000,1,4800
3,32259,Tel Govt-NS LOC,OPEN-FEM,Telangana,Osmania Med Coll Hyderabad,PATHOLOGY,10000, 50686,2000000,1,4800
3,32302,Tel Govt-Serv LOC,OPEN-GEN,Telangana,Osmania Med Coll Hyderabad,GENERAL MEDICINE,10000, 50686,2000000,1,4800
3,32390,Tel Govt-NS UNR,BCD-GEN,Telangana,Govt Med Coll Nizamabad,PSYCHIATRY,10000, 50686,2000000,1,500
3,32444,Tel Govt-Serv LOC,OPEN-GEN,Telangana,Osmania Med Coll Hyderabad,RADIO DIAGNOSIS,10000, 50686,2000000,1,4800
3,32470,Tel Govt-NS LOC,SC-FEM,Telangana,Prathima IMS Karimnagar,OBG,750000,Info not available,2000000,1,1060
3,32507,Tel Govt-NS UNR,SC-FEM,Telangana,Malla Reddy IMS Hyderabad,GENERAL MEDICINE,700000,Info not available,2000000,1,940
3,32516,Tel Govt-NS LOC,OPEN-GEN,Telangana,Kamineni IMS Narketpally,ANAESTHESIOLOGY,750000,Info not available,2000000,1,1060
3,32553,Tel Govt-NS LOC,SC-FEM,Telangana,Prathima IMS Karimnagar,GENERAL MEDICINE,750000,Info not available,2000000,1,1060
3,32674,Tel Govt-NS LOC,OPEN-GEN,Telangana,Kamineni IMS Narketpally,ORTHOPAEDICS,750000,Info not available,2000000,1,1060
3,32747,Tel Govt-NS LOC,OPEN-GEN,Telangana,Govt Med Coll Mahabubnagar,PATHOLOGY,10000, 50686,2000000,1,900
3,32748,Tel Govt-NS LOC,BCD-FEM,Telangana,Kamineni (KAMSRC) Hyderabad,ANAESTHESIOLOGY,700000,Info not available,2000000,1,650
3,32759,Tel Govt-NS LOC,OPEN-FEM,Telangana,Prathima IMS Karimnagar,ANAESTHESIOLOGY,750000,Info not available,2000000,1,1060
3,32841,Tel Govt-NS LOC,OPEN-GEN,Telangana,Osmania Med Coll Hyderabad,PATHOLOGY,10000, 50686,2000000,1,4800
3,33029,Tel Govt-NS UNR,OPEN-FEM,Telangana,Kamineni IMS Narketpally,ENT,750000,Info not available,2000000,1,1060
3,33052,Tel Govt-NS LOC,MIN-GEN-MSM,Telangana,DCMS Hyderabad,ANAESTHESIOLOGY,775000,Info not available,2000000,1,1400
3,33115,Tel Govt-NS LOC,OPEN-GEN,Telangana,Prathima IMS Karimnagar,OPHTHALMOLOGY,750000,Info not available,2000000,1,1060
3,33133,Tel Govt-NS UNR,BCD-GEN,Telangana,Mamata Med Coll Khammam,ANAESTHESIOLOGY,750000,Info not available,2000000,1,1080
3,33166,Tel Govt-NS LOC,OPEN-GEN,Telangana,SVS Med Coll Mehboobnagar,OPHTHALMOLOGY,750000,Info not available,2000000,1,760
3,33179,Tel Govt-NS UNR,SC-GEN,Telangana,Kamineni IMS Narketpally,GENERAL MEDICINE,750000,Info not available,2000000,1,1060
3,33208,Tel Govt-NS LOC,BCE-FEM,Telangana,Osmania Med Coll Hyderabad,DO,10000, 50686,1000000,1,4800
3,33269,Tel Govt-NS LOC,SC-FEM,Telangana,Malla Reddy(Women) Hyderabad,GENERAL MEDICINE,700000,Info not available,2000000,1,1050
3,33274,Tel Govt-NS LOC,BCB-GEN,Telangana,Osmania Med Coll Hyderabad,PSYCHIATRY,10000, 50686,2000000,1,4800
3,33334,Tel Govt-NS LOC,BCD-FEM,Telangana,Apollo IMSR Hyderabad,OPHTHALMOLOGY,750000,Info not available,2000000,1,570
3,33340,Tel Govt-NS LOC,ST-FEM,Telangana,Gandhi Med Coll Secunderabad,PAEDIATRICS,10000, 50686,2000000,1,1200
3,33486,Tel Govt-NS LOC,OPEN-GEN,Telangana,Dr Patnam MRInstofMSChevella,OPHTHALMOLOGY,-,-,-,-,-
3,33528,Tel Govt-NS UNR,OPEN-GEN,Telangana,CAIMS Karimnagar,ANAESTHESIOLOGY,775000,Info not available,2000000,1,1000
3,33635,Tel Govt-NS LOC,OPEN-GEN,Telangana,Mediciti IMS Ghanpur,ANAESTHESIOLOGY,700000,Info not available,2000000,1,720
3,33755,Tel Govt-NS LOC,BCA-GEN,Telangana,Prathima IMS Karimnagar,GENERAL SURGERY,750000,Info not available,2000000,1,1060
3,33916,Tel Govt-NS LOC,BCB-GEN,Telangana,Prathima IMS Karimnagar,ANAESTHESIOLOGY,750000,Info not available,2000000,1,1060
3,33962,Tel Govt-NS LOC,BCE-GEN,Telangana,Bhaskar Med Coll Yenkapally,TBRD,750000,Info not available,2000000,1,850
3,34039,Tel Govt-NS LOC,SC-GEN,Telangana,Osmania Med Coll Hyderabad,ORTHOPAEDICS,10000, 50686,2000000,1,4800
3,34100,Tel Govt-NS LOC,BCB-FEM,Telangana,Kamineni IMS Narketpally,ANAESTHESIOLOGY,750000,Info not available,2000000,1,1060
3,34114,Tel Govt-NS UNR,SC-FEM,Telangana,Prathima IMS Karimnagar,PAEDIATRICS,750000,Info not available,2000000,1,1060
3,34120,Tel Govt-NS LOC,BCA-GEN,Telangana,Kamineni (KAMSRC) Hyderabad,ANAESTHESIOLOGY,700000,Info not available,2000000,1,650
3,34162,Tel Govt-NS LOC,BCD-GEN,Telangana,SVS Med Coll Mehboobnagar,ORTHOPAEDICS,750000,Info not available,2000000,1,760
3,34187,Tel Govt-NS LOC,SC-GEN,Telangana,CAIMS Karimnagar,PAEDIATRICS,775000,Info not available,2000000,1,1000
3,34208,Tel Govt-NS LOC,BCA-FEM,Telangana,Mamata Med Coll Khammam,GENERAL SURGERY,750000,Info not available,2000000,1,1080
3,34409,Tel Govt-NS LOC,BCB-GEN,Telangana,Mamata Med Coll Khammam,OPHTHALMOLOGY,750000,Info not available,2000000,1,1080
3,34487,Tel Govt-NS LOC,OPEN-FEM,Telangana,ESIC Med CollSanath Nagar,PATHOLOGY, 250000,107800,1000000,2,690
3,34558,Tel Govt-NS LOC,ST-FEM,Telangana,Kakatiya Med Coll Warangal,OBG,10000, 50686,2000000,1,1150
3,34613,Tel Govt-NS LOC,OPEN-FEM,Telangana,Apollo IMSR Hyderabad,PSYCHIATRY,750000,Info not available,2000000,1,570
3,34707,Tel Govt-NS UNR,BCC-GEN,Telangana,Prathima IMS Karimnagar,ORTHOPAEDICS,750000,Info not available,2000000,1,1060
3,34718,Tel Govt-NS LOC,BCD-GEN,Telangana,Bhaskar Med Coll Yenkapally,GENERAL SURGERY,750000,Info not available,2000000,1,850
3,34732,Tel Govt-NS LOC,OPEN-GEN,Telangana,Mamata Med Coll Khammam,ENT,750000,Info not available,2000000,1,1080
3,34762,Tel Govt-NS LOC,BCD-FEM,Telangana,SVS Med Coll Mehboobnagar,PSYCHIATRY,750000,Info not available,2000000,1,760
3,34798,Tel Govt-NS LOC,SC-GEN,Telangana,SVS Med Coll Mehboobnagar,OBG,750000,Info not available,2000000,1,760
3,34958,Tel Govt-NS LOC,BCB-GEN,Telangana,Kakatiya Med Coll Warangal,PSYCHIATRY,10000, 50686,2000000,1,1150
3,35014,Tel Govt-NS LOC,SC-GEN,Telangana,Kamineni IMS Narketpally,PAEDIATRICS,750000,Info not available,2000000,1,1060
3,35107,Tel Govt-NS LOC,BCC-GEN,Telangana,Kamineni (KAMSRC) Hyderabad,GENERAL MEDICINE,700000,Info not available,2000000,1,650
3,35126,Tel Govt-NS LOC,BCA-GEN,Telangana,Prathima IMS Karimnagar,ANAESTHESIOLOGY,750000,Info not available,2000000,1,1060
3,35286,Tel Govt-NS LOC,OPEN-GEN,Telangana,Prathima IMS Karimnagar,ANAESTHESIOLOGY,750000,Info not available,2000000,1,1060
3,35342,Tel Govt-NS LOC,BCD-GEN,Telangana,Malla Reddy IMS Hyderabad,OPHTHALMOLOGY,700000,Info not available,2000000,1,940
3,35429,Tel Govt-NS LOC,OPEN-FEM,Telangana,SVS Med Coll Mehboobnagar,ORTHOPAEDICS,750000,Info not available,2000000,1,760
3,35497,Tel Govt-NS LOC,BCA-GEN,Telangana,Kamineni (KAMSRC) Hyderabad,EMERGENCY MEDICINE,700000,Info not available,2000000,1,650
3,35529,Tel Govt-NS UNR,OPEN-GEN,Telangana,NIMS Hyderabad,HOSPITAL ADMINISTRATION,72000, 99969,5000000,1,1498
3,35544,Tel Govt-NS LOC,OPEN-GEN,Telangana,Mediciti IMS Ghanpur,ORTHOPAEDICS,700000,Info not available,2000000,1,720
3,35694,Tel Govt-NS LOC,OPEN-GEN,Telangana,Gandhi Med Coll Secunderabad,PATHOLOGY,10000, 50686,2000000,1,1200
3,35838,Tel Govt-NS LOC,BCA-FEM,Telangana,RVM IMSRC Siddipet,GENERAL SURGERY,700000,Info not available,2000000,1,1110
3,35938,Tel Govt-NS LOC,SC-GEN,Telangana,Mamata Med Coll Khammam,PAEDIATRICS,750000,Info not available,2000000,1,1080
3,36029,Tel Govt-NS LOC,BCB-FEM,Telangana,Gandhi Med Coll Secunderabad,PATHOLOGY,10000, 50686,2000000,1,1200
3,36185,Tel Govt-NS LOC,ST-GEN,Telangana,Osmania Med Coll Hyderabad,GENERAL SURGERY,10000, 50686,2000000,1,4800
3,36348,Tel Govt-NS LOC,OPEN-FEM,Telangana,CAIMS Karimnagar,GENERAL SURGERY,775000,Info not available,2000000,1,1000
3,36573,Tel Govt-NS LOC,MIN-FEM-MSM,Telangana,DCMS Hyderabad,GENERAL SURGERY,775000,Info not available,2000000,1,1400
3,36606,Tel Govt-NS UNR,BCB-FEM,Telangana,SVS Med Coll Mehboobnagar,ANAESTHESIOLOGY,750000,Info not available,2000000,1,760
3,36634,Tel Govt-NS LOC,OPEN-FEM,Telangana,CAIMS Karimnagar,GENERAL SURGERY,775000,Info not available,2000000,1,1000
3,36741,Tel Govt-Serv LOC,OPEN-GEN,Telangana,ESIC Med CollSanath Nagar,RADIO DIAGNOSIS, 250000,107800,1000000,2,690
3,36901,Tel Govt-NS LOC,BCA-GEN,Telangana,Mahavir Inst of MS Vikarabad,GENERAL SURGERY,700000,Info not available,2000000,1,700
3,36924,Tel Govt-NS LOC,BCA-GEN,Telangana,Kamineni IMS Narketpally,ORTHOPAEDICS,750000,Info not available,2000000,1,1060
3,36949,Tel Govt-NS LOC,BCA-FEM,Telangana,Malla Reddy IMS Hyderabad,ANAESTHESIOLOGY,700000,Info not available,2000000,1,940
3,37020,Tel Govt-NS LOC,MIN-GEN-MSM,Telangana,DCMS Hyderabad,OPHTHALMOLOGY,775000,Info not available,2000000,1,1400
3,37177,Tel Govt-NS LOC,BCD-GEN,Telangana,MNR Med Coll Sangareddy,GENERAL SURGERY,700000,Info not available,2000000,1,760
3,37204,Tel Govt-NS LOC,OPEN-GEN,Telangana,CAIMS Karimnagar,ANAESTHESIOLOGY,775000,Info not available,2000000,1,1000
3,37221,Tel Govt-NS LOC,BCA-FEM,Telangana,Malla Reddy(Women) Hyderabad,ANAESTHESIOLOGY,700000,Info not available,2000000,1,1050
3,37307,Tel Govt-NS LOC,SC-FEM,Telangana,Kamineni IMS Narketpally,OBG,750000,Info not available,2000000,1,1060
3,37524,Tel Govt-NS LOC,OPEN-FEM,Telangana,Mahavir Inst of MS Vikarabad,ANAESTHESIOLOGY,700000,Info not available,2000000,1,700
3,37594,Tel Govt-NS LOC,BCB-FEM,Telangana,MNR Med Coll Sangareddy,GENERAL SURGERY,700000,Info not available,2000000,1,760
3,37621,Tel Govt-NS LOC,BCA-GEN,Telangana,Mamata Med Coll Khammam,ANAESTHESIOLOGY,750000,Info not available,2000000,1,1080
3,37752,Tel Govt-NS LOC,SC-GEN,Telangana,Malla Reddy IMS Hyderabad,GENERAL SURGERY,700000,Info not available,2000000,1,940
3,37761,Tel Govt-NS LOC,OPEN-GEN,Telangana,NIMS Hyderabad,MICROBIOLOGY,72000, 99969,5000000,1,1498
3,37843,Tel Govt-NS UNR,BCA-GEN,Telangana,MNR Med Coll Sangareddy,ANAESTHESIOLOGY,700000,Info not available,2000000,1,760
3,37877,Tel Govt-NS LOC,OPEN-GEN,Telangana,CAIMS Karimnagar,ANAESTHESIOLOGY,775000,Info not available,2000000,1,1000
3,37971,Tel Govt-NS LOC,BCB-GEN,Telangana,Mediciti IMS Ghanpur,ANAESTHESIOLOGY,700000,Info not available,2000000,1,720
3,38024,Tel Govt-NS LOC,MIN-FEM-MSM,Telangana,DrVRK Womens MedCollAziznagar,OBG,700000,Info not available,2000000,1,500
3,38044,Tel Govt-NS LOC,SC-GEN,Telangana,Apollo IMSR Hyderabad,GENERAL SURGERY,750000,Info not available,2000000,1,570
3,38052,Tel Govt-NS LOC,BCB-FEM,Telangana,CAIMS Karimnagar,GENERAL SURGERY,775000,Info not available,2000000,1,1000
3,38098,Tel Govt-NS LOC,OPEN-FEM,Telangana,CAIMS Karimnagar,ANAESTHESIOLOGY,775000,Info not available,2000000,1,1000
3,38122,Tel Govt-NS LOC,SC-FEM,Telangana,Kakatiya Med Coll Warangal,ANAESTHESIOLOGY,10000, 50686,2000000,1,1150
3,38158,Tel Govt-NS LOC,OPEN-GEN,Telangana,Kakatiya Med Coll Warangal,PATHOLOGY,10000, 50686,2000000,1,1150
3,38212,Tel Govt-NS LOC,SC-FEM,Telangana,SVS Med Coll Mehboobnagar,GENERAL MEDICINE,750000,Info not available,2000000,1,760
3,38258,Tel Govt-NS UNR,SC-FEM,Telangana,Mamata Med Coll Khammam,TBRD,750000,Info not available,2000000,1,1080
3,38301,Tel Govt-NS LOC,SC-GEN,Telangana,Malla Reddy IMS Hyderabad,GENERAL SURGERY,700000,Info not available,2000000,1,940
3,38343,Tel Govt-NS LOC,ST-GEN,Telangana,Osmania Med Coll Hyderabad,TBRD,10000, 50686,2000000,1,4800
3,38584,Tel Govt-NS LOC,OPEN-FEM,Telangana,Prathima IMS Karimnagar,ENT,750000,Info not available,2000000,1,1060
3,38681,Tel Govt-NS LOC,BCC-GEN,Telangana,Bhaskar Med Coll Yenkapally,ORTHOPAEDICS,750000,Info not available,2000000,1,850
3,38785,Tel Govt-NS LOC,ST-FEM,Telangana,Prathima IMS Karimnagar,DERMATOLOGY,750000,Info not available,2000000,1,1060
3,38838,Tel Govt-NS LOC,OPEN-GEN,Telangana,ESIC Med CollSanath Nagar,PMR, 250000,107800,1000000,2,690
3,38900,Tel Govt-NS LOC,BCD-GEN,Telangana,MNR Med Coll Sangareddy,OPHTHALMOLOGY,700000,Info not available,2000000,1,760
3,38926,Tel Govt-NS LOC,OPEN-GEN,Telangana,CAIMS Karimnagar,ENT,775000,Info not available,2000000,1,1000
3,38972,Tel Govt-NS LOC,MIN-FEM-MSM,Telangana,Shadan IMSRC Peerancheru,OPHTHALMOLOGY,750000,Info not available,2000000,1,800
3,38997,Tel Govt-NS LOC,OPEN-GEN,Telangana,MNR Med Coll Sangareddy,ORTHOPAEDICS,700000,Info not available,2000000,1,760
3,39280,Tel Govt-NS LOC,SC-GEN,Telangana,Surabhi InstituteofMSSiddipet,GENERAL MEDICINE,775000,Info not available,2000000,1,-
3,39437,Tel Govt-NS UNR,SC-FEM,Telangana,Mediciti IMS Ghanpur,GENERAL SURGERY,700000,Info not available,2000000,1,720
3,39598,Tel Govt-NS LOC,MIN-GEN-MSM,Telangana,Shadan IMSRC Peerancheru,ORTHOPAEDICS,750000,Info not available,2000000,1,800
3,39619,Tel Govt-NS LOC,MIN-FEM-MSM,Telangana,DCMS Hyderabad,ANAESTHESIOLOGY,775000,Info not available,2000000,1,1400
3,39736,Tel Govt-NS LOC,OPEN-FEM,Telangana,ESIC Med CollSanath Nagar,PATHOLOGY, 250000,107800,1000000,2,690
3,39804,Tel Govt-NS LOC,SC-GEN,Telangana,Surabhi InstituteofMSSiddipet,PAEDIATRICS,775000,Info not available,2000000,1,-
3,39901,Tel Govt-NS LOC,OPEN-GEN,Telangana,Osmania Med Coll Hyderabad,BIOCHEMISTRY,10000, 50686,2000000,1,4800
3,39905,Tel Govt-NS LOC,BCA-GEN,Telangana,Mediciti IMS Ghanpur,ORTHOPAEDICS,700000,Info not available,2000000,1,720
3,40002,Tel Govt-NS LOC,BCA-GEN,Telangana,Osmania Med Coll Hyderabad,PSYCHIATRY,10000, 50686,2000000,1,4800
3,40361,Tel Govt-NS LOC,SC-GEN,Telangana,Osmania Med Coll Hyderabad,PSYCHIATRY,10000, 50686,2000000,1,4800
3,40463,Tel Govt-NS LOC,OPEN-FEM,Telangana,Mediciti IMS Ghanpur,ORTHOPAEDICS,700000,Info not available,2000000,1,720
3,40735,Tel Govt-NS LOC,MIN-FEM-MSM,Telangana,Shadan IMSRC Peerancheru,ANAESTHESIOLOGY,750000,Info not available,2000000,1,800
3,40786,Tel Govt-NS LOC,ST-GEN,Telangana,Bhaskar Med Coll Yenkapally,RADIO DIAGNOSIS,750000,Info not available,2000000,1,850
3,40802,Tel Govt-NS LOC,SC-GEN,Telangana,CAIMS Karimnagar,OBG,775000,Info not available,2000000,1,1000
3,40881,Tel Govt-NS LOC,OPEN-FEM,Telangana,Osmania Med Coll Hyderabad,MICROBIOLOGY,10000, 50686,2000000,1,4800
3,40921,Tel Govt-NS LOC,BCA-GEN,Telangana,Gandhi Med Coll Secunderabad,PATHOLOGY,10000, 50686,2000000,1,1200
3,40945,Tel Govt-NS LOC,ST-FEM,Telangana,Kamineni (KAMSRC) Hyderabad,RADIO DIAGNOSIS,700000,Info not available,2000000,1,650
3,40981,Tel Govt-NS LOC,OPEN-FEM,Telangana,MNR Med Coll Sangareddy,ANAESTHESIOLOGY,700000,Info not available,2000000,1,760
3,41024,Tel Govt-NS LOC,OPEN-GEN,Telangana,Osmania Med Coll Hyderabad,MICROBIOLOGY,10000, 50686,2000000,1,4800
3,41101,Tel Govt-NS LOC,ST-FEM,Telangana,Kamineni IMS Narketpally,RADIO DIAGNOSIS,750000,Info not available,2000000,1,1060
3,41154,Tel Govt-NS LOC,OPEN-GEN,Telangana,MNR Med Coll Sangareddy,ANAESTHESIOLOGY,700000,Info not available,2000000,1,760
3,41330,Tel Govt-NS LOC,BCD-FEM,Telangana,Gandhi Med Coll Secunderabad,PATHOLOGY,10000, 50686,2000000,1,1200
3,41398,Tel Govt-NS LOC,MIN-FEM-MSM,Telangana,DCMS Hyderabad,ANAESTHESIOLOGY,775000,Info not available,2000000,1,1400
3,41450,Tel Govt-NS LOC,OPEN-GEN,Telangana,RVM IMSRC Siddipet,ENT,700000,Info not available,2000000,1,1110
3,41513,Tel Govt-NS LOC,OPEN-FEM,Telangana,Prathima IMS Karimnagar,ORTHOPAEDICS,750000,Info not available,2000000,1,1060
3,41750,Tel Govt-NS UNR,OPEN-FEM,Telangana,Kakatiya Med Coll Warangal,SPM,10000, 50686,2000000,1,1150
3,41794,Tel Govt-NS UNR,ST-GEN,Telangana,Mediciti IMS Ghanpur,RADIO DIAGNOSIS,700000,Info not available,2000000,1,720
3,41922,Tel Govt-NS LOC,SC-FEM,Telangana,Kakatiya Med Coll Warangal,OPHTHALMOLOGY,10000, 50686,2000000,1,1150
3,42021,Tel Govt-NS LOC,BCC-GEN,Telangana,NIMS Hyderabad,PATHOLOGY,72000, 99969,5000000,1,1498
3,42053,Tel Govt-NS LOC,ST-GEN,Telangana,Osmania Med Coll Hyderabad,ORTHOPAEDICS,10000, 50686,2000000,1,4800
3,42162,Tel Govt-NS LOC,BCE-GEN,Telangana,Malla Reddy IMS Hyderabad,ENT,700000,Info not available,2000000,1,940
3,42546,Tel Govt-NS LOC,BCA-GEN,Telangana,Malla Reddy IMS Hyderabad,OPHTHALMOLOGY,700000,Info not available,2000000,1,940
3,42785,Tel Govt-Serv UNR,OPEN-GEN,Telangana,Osmania Med Coll Hyderabad,PAEDIATRICS,10000, 50686,2000000,1,4800
3,42817,Tel Govt-NS LOC,OPEN-GEN,Telangana,Dr Patnam MRInstofMSChevella,ANAESTHESIOLOGY,700000,Info not available,2000000,1,-
3,42845,Tel Govt-NS LOC,BCA-FEM,Telangana,Kamineni IMS Narketpally,OPHTHALMOLOGY,750000,Info not available,2000000,1,1060
3,42877,Tel Govt-NS LOC,BCB-FEM,Telangana,Malla Reddy(Women) Hyderabad,ORTHOPAEDICS,700000,Info not available,2000000,1,1050
3,42894,Tel Govt-NS LOC,OPEN-GEN,Telangana,MNR Med Coll Sangareddy,ENT,700000,Info not available,2000000,1,760
3,42928,Tel Govt-NS LOC,OPEN-FEM,Telangana,Kamineni (KAMSRC) Hyderabad,SPM,430000,Info not available,2000000,1,650
3,42957,Tel Govt-NS LOC,SC-GEN,Telangana,Govt Med Coll Nizamabad,ANAESTHESIOLOGY,10000, 50686,2000000,1,500
3,43002,Tel Govt-NS LOC,OPEN-FEM,Telangana,Kamineni (KAMSRC) Hyderabad,PATHOLOGY,430000,Info not available,2000000,1,650
3,43243,Tel Govt-NS LOC,MIN-GEN-MSM,Telangana,Shadan IMSRC Peerancheru,ANAESTHESIOLOGY,750000,Info not available,2000000,1,800
3,43359,Tel Govt-NS LOC,SC-FEM,Telangana,Osmania Med Coll Hyderabad,ENT,10000, 50686,2000000,1,4800
3,43547,Tel Govt-NS LOC,ST-GEN,Telangana,Malla Reddy IMS Hyderabad,PAEDIATRICS,700000,Info not available,2000000,1,940
3,43555,Tel Govt-NS LOC,OPEN-FEM,Telangana,MNR Med Coll Sangareddy,ANAESTHESIOLOGY,700000,Info not available,2000000,1,760
3,43567,Tel Govt-NS LOC,OPEN-GEN,Telangana,Mamata Med Coll Khammam,PSYCHIATRY,750000,Info not available,2000000,1,1080
3,43663,Tel Govt-NS LOC,SC-GEN,Telangana,Kakatiya Med Coll Warangal,ENT,10000, 50686,2000000,1,1150
3,43806,Tel Govt-NS LOC,SC-FEM,Telangana,Rajiv Gandhi IMS Adilabad,ANAESTHESIOLOGY,10000, 50686,2000000,1,Info Not Available
3,43824,Tel Govt-NS LOC,BCA-GEN,Telangana,Kakatiya Med Coll Warangal,PATHOLOGY,10000, 50686,2000000,1,1150
3,43887,Tel Govt-NS LOC,OPEN-FEM,Telangana,Kamineni (KAMSRC) Hyderabad,ORTHOPAEDICS,700000,Info not available,2000000,1,650
3,43916,Tel Govt-NS LOC,BCB-GEN,Telangana,MNR Med Coll Sangareddy,ANAESTHESIOLOGY,700000,Info not available,2000000,1,760
3,43938,Tel Govt-NS UNR,SC-GEN,Telangana,Rajiv Gandhi IMS Adilabad,OPHTHALMOLOGY,10000, 50686,2000000,1,Info Not Available
3,44233,Tel Govt-NS LOC,BCE-GEN,Telangana,ESIC Med CollSanath Nagar,PMR, 250000,107800,1000000,2,690
3,44390,Tel Govt-NS LOC,OPEN-FEM,Telangana,Osmania Med Coll Hyderabad,MICROBIOLOGY,10000, 50686,2000000,1,4800
3,44418,Tel Govt-NS LOC,BCB-FEM,Telangana,CAIMS Karimnagar,ANAESTHESIOLOGY,775000,Info not available,2000000,1,1000
3,44559,Tel Govt-NS LOC,SC-FEM,Telangana,RVM IMSRC Siddipet,OBG,700000,Info not available,2000000,1,1110
3,44621,Tel Govt-NS LOC,SC-GEN,Telangana,Dr Patnam MRInstofMSChevella,ENT,700000,Info not available,2000000,1,-
3,44646,Tel Govt-NS LOC,SC-FEM,Telangana,Kakatiya Med Coll Warangal,ENT,10000, 50686,2000000,1,1150
3,44658,Tel Govt-NS LOC,BCA-GEN,Telangana,Dr Patnam MRInstofMSChevella,ANAESTHESIOLOGY,700000,Info not available,2000000,1,-
3,44744,Tel Govt-NS LOC,OPEN-GEN,Telangana,Surabhi InstituteofMSSiddipet,ANAESTHESIOLOGY,775000,Info not available,2000000,1,-
3,44781,Tel Govt-NS LOC,OPEN-FEM,Telangana,Kamineni (KAMSRC) Hyderabad,ORTHOPAEDICS,700000,Info not available,2000000,1,650
3,44815,Tel Govt-NS LOC,BCD-GEN,Telangana,Prathima IMS Karimnagar,ANAESTHESIOLOGY,750000,Info not available,2000000,1,1060
3,44830,Tel Govt-NS LOC,MIN-FEM-MSM,Telangana,DrVRK Womens MedCollAziznagar,ORTHOPAEDICS,700000,Info not available,2000000,1,500
3,44986,Tel Govt-NS LOC,BCB-FEM,Telangana,RVM IMSRC Siddipet,ANAESTHESIOLOGY,700000,Info not available,2000000,1,1110
3,45082,Tel Govt-NS LOC,BCD-FEM,Telangana,SVS Med Coll Mehboobnagar,ANAESTHESIOLOGY,750000,Info not available,2000000,1,760
3,45123,Tel Govt-NS LOC,SC-GEN,Telangana,Kamineni IMS Narketpally,GENERAL SURGERY,750000,Info not available,2000000,1,1060
3,45228,Tel Govt-Serv LOC,OPEN-GEN,Telangana,Gandhi Med Coll Secunderabad,GENERAL MEDICINE,10000, 50686,2000000,1,1200
3,45292,Tel Govt-NS LOC,BCA-FEM,Telangana,Bhaskar Med Coll Yenkapally,ANAESTHESIOLOGY,750000,Info not available,2000000,1,850
3,45409,Tel Govt-NS LOC,BCE-GEN,Telangana,Kakatiya Med Coll Warangal,PSYCHIATRY,10000, 50686,2000000,1,1150
3,45735,Tel Govt-NS LOC,ST-FEM,Telangana,Malla Reddy IMS Hyderabad,GENERAL MEDICINE,700000,Info not available,2000000,1,940
3,46285,Tel Govt-NS LOC,BCE-FEM,Telangana,SVS Med Coll Mehboobnagar,GENERAL SURGERY,750000,Info not available,2000000,1,760
3,46498,Tel Govt-NS LOC,SC-GEN,Telangana,Malla Reddy(Women) Hyderabad,ANAESTHESIOLOGY,700000,Info not available,2000000,1,1050
3,46689,Tel Govt-NS LOC,SC-GEN,Telangana,Prathima IMS Karimnagar,OPHTHALMOLOGY,750000,Info not available,2000000,1,1060
3,46786,Tel Govt-NS LOC,SC-GEN,Telangana,Malla Reddy IMS Hyderabad,ANAESTHESIOLOGY,700000,Info not available,2000000,1,940
3,46899,Tel Govt-NS LOC,BCD-FEM,Telangana,RVM IMSRC Siddipet,GENERAL SURGERY,700000,Info not available,2000000,1,1110
3,47111,Tel Govt-NS LOC,SC-GEN,Telangana,RVM IMSRC Siddipet,ORTHOPAEDICS,700000,Info not available,2000000,1,1110
3,47139,Tel Govt-NS LOC,OPEN-GEN,Telangana,Dr Patnam MRInstofMSChevella,PSYCHIATRY,-,-,-,-,-
3,47187,Tel Govt-NS LOC,BCE-FEM,Telangana,SVS Med Coll Mehboobnagar,ORTHOPAEDICS,750000,Info not available,2000000,1,760
3,47271,Tel Govt-NS LOC,BCD-GEN,Telangana,Mediciti IMS Ghanpur,ANAESTHESIOLOGY,700000,Info not available,2000000,1,720
3,47451,Tel Govt-NS UNR,OPEN-GEN,Telangana,Kamineni (KAMSRC) Hyderabad,IHBT,700000,Info not available,2000000,1,650
3,47591,Tel Govt-NS LOC,MIN-GEN-MSM,Telangana,DCMS Hyderabad,ENT,775000,Info not available,2000000,1,1400
3,47765,Tel Govt-NS LOC,BCA-GEN,Telangana,NIMS Hyderabad,MICROBIOLOGY,72000, 99969,5000000,1,1498
3,48221,Tel Govt-NS LOC,BCA-FEM,Telangana,Mediciti IMS Ghanpur,ENT,700000,Info not available,2000000,1,720
3,48371,Tel Govt-NS LOC,BCE-GEN,Telangana,CAIMS Karimnagar,ANAESTHESIOLOGY,775000,Info not available,2000000,1,1000
3,48506,Tel Govt-NS LOC,SC-GEN,Telangana,Prathima IMS Karimnagar,ORTHOPAEDICS,750000,Info not available,2000000,1,1060
3,48545,Tel Govt-NS LOC,BCB-FEM,Telangana,MNR Med Coll Sangareddy,GENERAL SURGERY,700000,Info not available,2000000,1,760
3,48656,Tel Govt-NS LOC,OPEN-GEN,Telangana,Gandhi Med Coll Secunderabad,PHARMACOLOGY,10000, 50686,2000000,1,1200
3,48788,Tel Govt-NS LOC,SC-FEM,Telangana,Gandhi Med Coll Secunderabad,ORTHOPAEDICS,10000, 50686,2000000,1,1200
3,48943,Tel Govt-NS LOC,BCE-FEM,Telangana,Mamata Med Coll Khammam,ORTHOPAEDICS,750000,Info not available,2000000,1,1080
3,49027,Tel Govt-NS LOC,BCE-FEM,Telangana,Malla Reddy IMS Hyderabad,ANAESTHESIOLOGY,700000,Info not available,2000000,1,940
3,49126,Tel Govt-NS LOC,MIN-GEN-MSM,Telangana,DCMS Hyderabad,ORTHOPAEDICS,775000,Info not available,2000000,1,1400
3,49153,Tel Govt-NS LOC,BCA-FEM,Telangana,Dr Patnam MRInstofMSChevella,GENERAL SURGERY,-,-,-,-,-
3,49227,Tel Govt-NS LOC,SC-GEN,Telangana,MNR Med Coll Sangareddy,GENERAL SURGERY,700000,Info not available,2000000,1,760
3,49259,Tel Govt-NS LOC,BCB-GEN,Telangana,Osmania Med Coll Hyderabad,PATHOLOGY,10000, 50686,2000000,1,4800
3,49328,Tel Govt-NS LOC,SC-FEM,Telangana,Govt Med Coll Siddipet,PSYCHIATRY,10000, 50686,2000000,1,-
3,49360,Tel Govt-NS LOC,OPEN-FEM,Telangana,Gandhi Med Coll Secunderabad,HOSPITAL ADMINISTRATION,10000, 50686,2000000,1,1200
3,49525,Tel Govt-NS LOC,BCE-FEM,Telangana,CAIMS Karimnagar,GENERAL SURGERY,775000,Info not available,2000000,1,1000
3,49987,Tel Govt-NS LOC,BCD-GEN,Telangana,Surabhi InstituteofMSSiddipet,ANAESTHESIOLOGY,775000,Info not available,2000000,1,-
3,50014,Tel Govt-NS UNR,SC-GEN,Telangana,Bhaskar Med Coll Yenkapally,ENT,750000,Info not available,2000000,1,850
3,50140,Tel Govt-NS LOC,ST-GEN,Telangana,Osmania Med Coll Hyderabad,ANAESTHESIOLOGY,10000, 50686,2000000,1,4800
3,50499,Tel Govt-NS LOC,SC-GEN,Telangana,Prathima IMS Karimnagar,ANAESTHESIOLOGY,750000,Info not available,2000000,1,1060
3,50514,Tel Govt-NS LOC,MIN-FEM-MSM,Telangana,DrVRK Womens MedCollAziznagar,ENT,700000,Info not available,2000000,1,500
3,50682,Tel Govt-NS LOC,ST-GEN,Telangana,Govt Med Coll Nizamabad,GENERAL SURGERY,10000, 50686,2000000,1,500
3,50794,Tel Govt-NS LOC,MIN-FEM-MSM,Telangana,DCMS Hyderabad,PATHOLOGY,430000,Info not available,2000000,1,1400
3,50802,Tel Govt-NS LOC,OPEN-FEM,Telangana,Kakatiya Med Coll Warangal,ANATOMY,10000, 50686,2000000,1,1150
3,50958,Tel Govt-NS LOC,SC-GEN,Telangana,RVM IMSRC Siddipet,TBRD,700000,Info not available,2000000,1,1110
3,51158,Tel Govt-NS LOC,BCA-FEM,Telangana,Malla Reddy IMS Hyderabad,PSYCHIATRY,700000,Info not available,2000000,1,940
3,51467,Tel Govt-NS LOC,ST-GEN,Telangana,SVS Med Coll Mehboobnagar,GENERAL MEDICINE,750000,Info not available,2000000,1,760
3,51709,Tel Govt-NS LOC,ST-GEN,Telangana,CAIMS Karimnagar,GENERAL MEDICINE,775000,Info not available,2000000,1,1000
3,52075,Tel Govt-Serv LOC,OPEN-FEM,Telangana,Gandhi Med Coll Secunderabad,DERMATOLOGY,10000, 50686,2000000,1,1200
3,52360,Tel Govt-NS LOC,SC-GEN,Telangana,Kamineni (KAMSRC) Hyderabad,ANAESTHESIOLOGY,700000,Info not available,2000000,1,650
3,52603,Tel Govt-NS LOC,OPEN-GEN,Telangana,Malla Reddy IMS Hyderabad,PATHOLOGY,430000,Info not available,2000000,1,940
3,52689,Tel Govt-NS UNR,SC-FEM,Telangana,Mediciti IMS Ghanpur,ANAESTHESIOLOGY,700000,Info not available,2000000,1,720
3,52714,Tel Govt-NS LOC,SC-GEN,Telangana,Dr Patnam MRInstofMSChevella,OBG,-,-,-,-,-
3,52718,Tel Govt-NS LOC,OPEN-GEN,Telangana,Rajiv Gandhi IMS Adilabad,PATHOLOGY,10000, 50686,2000000,1,Info Not Available
3,52858,Tel Govt-NS LOC,SC-GEN,Telangana,Mamata Med Coll Khammam,ANAESTHESIOLOGY,750000,Info not available,2000000,1,1080
3,53031,Tel Govt-NS LOC,ST-GEN,Telangana,Govt Med Coll Siddipet,OBG,10000, 50686,2000000,1,-
3,53123,Tel Govt-NS LOC,BCE-FEM,Telangana,MNR Med Coll Sangareddy,PSYCHIATRY,700000,Info not available,2000000,1,760
3,53348,Tel Govt-NS LOC,SC-GEN,Telangana,Dr Patnam MRInstofMSChevella,GENERAL SURGERY,-,-,-,-,-
3,53377,Tel Govt-NS LOC,BCD-GEN,Telangana,Kakatiya Med Coll Warangal,PATHOLOGY,10000, 50686,2000000,1,1150
3,53511,Tel Govt-NS LOC,SC-FEM,Telangana,SVS Med Coll Mehboobnagar,GENERAL SURGERY,750000,Info not available,2000000,1,760
3,53945,Tel Govt-NS UNR,OPEN-GEN,Telangana,Osmania Med Coll Hyderabad,PHARMACOLOGY,10000, 50686,2000000,1,4800
3,54190,Tel Govt-NS LOC,MIN-GEN-MSM,Telangana,DCMS Hyderabad,PATHOLOGY,430000,Info not available,2000000,1,1400
3,54241,Tel Govt-NS LOC,ST-GEN,Telangana,Osmania Med Coll Hyderabad,ENT,10000, 50686,2000000,1,4800
3,54818,Tel Govt-NS LOC,ST-FEM,Telangana,ESIC Med CollSanath Nagar,ANAESTHESIOLOGY, 250000,107800,1000000,2,690
3,55134,Tel Govt-NS LOC,BCE-GEN,Telangana,ESIC Med CollSanath Nagar,IHBT, 250000,107800,1000000,2,690
3,55350,Tel Govt-NS LOC,SC-FEM,Telangana,Prathima IMS Karimnagar,GENERAL SURGERY,750000,Info not available,2000000,1,1060
3,55471,Tel Govt-NS LOC,BCC-GEN,Telangana,ESIC Med CollSanath Nagar,EMERGENCY MEDICINE, 250000,107800,1000000,2,690
3,55596,Tel Govt-NS LOC,SC-FEM,Telangana,MNR Med Coll Sangareddy,ENT,700000,Info not available,2000000,1,760
3,55616,Tel Govt-Serv LOC,OPEN-GEN,Telangana,Osmania Med Coll Hyderabad,DERMATOLOGY,10000, 50686,2000000,1,4800
3,55646,Tel Govt-NS LOC,ST-GEN,Telangana,Malla Reddy IMS Hyderabad,OBG,700000,Info not available,2000000,1,940
3,56239,Tel Govt-NS UNR,ST-GEN,Telangana,Bhaskar Med Coll Yenkapally,GENERAL SURGERY,750000,Info not available,2000000,1,850
3,56445,Tel Govt-NS LOC,SC-FEM,Telangana,Prathima IMS Karimnagar,GENERAL SURGERY,750000,Info not available,2000000,1,1060
3,56455,Tel Govt-NS LOC,BCD-FEM,Telangana,Mamata Med Coll Khammam,ORTHOPAEDICS,750000,Info not available,2000000,1,1080
3,56844,Tel Govt-NS LOC,SC-GEN,Telangana,SVS Med Coll Mehboobnagar,ANAESTHESIOLOGY,750000,Info not available,2000000,1,760
3,57066,Tel Govt-NS LOC,SC-FEM,Telangana,CAIMS Karimnagar,ANAESTHESIOLOGY,775000,Info not available,2000000,1,1000
3,57149,Tel Govt-Serv LOC,OPEN-GEN,Telangana,Osmania Med Coll Hyderabad,PAEDIATRICS,10000, 50686,2000000,1,4800
3,57982,Tel Govt-NS LOC,BCE-FEM,Telangana,Mamata AcadofMedSciBachupally,PATHOLOGY,430000,Info not available,2000000,1,-
3,58179,Tel Govt-Serv LOC,BCA-GEN,Telangana,Kakatiya Med Coll Warangal,GENERAL MEDICINE,10000, 50686,2000000,1,1150
3,58370,Tel Govt-NS LOC,OPEN-GEN,Telangana,SVS Med Coll Mehboobnagar,PATHOLOGY,460000,Info not available,2000000,1,760
3,58770,Tel Govt-Serv LOC,OPEN-GEN,Telangana,SVS Med Coll Mehboobnagar,GENERAL MEDICINE,750000,Info not available,2000000,1,760
3,59051,Tel Govt-NS LOC,OPEN-FEM,Telangana,Osmania Med Coll Hyderabad,PHARMACOLOGY,10000, 50686,2000000,1,4800
3,59392,Tel Govt-NS LOC,ST-FEM,Telangana,Kakatiya Med Coll Warangal,GENERAL SURGERY,10000, 50686,2000000,1,1150
3,59432,Tel Govt-NS LOC,SC-GEN,Telangana,MNR Med Coll Sangareddy,ORTHOPAEDICS,700000,Info not available,2000000,1,760
3,59469,Tel Govt-NS LOC,SC-GEN,Telangana,MNR Med Coll Sangareddy,ANAESTHESIOLOGY,700000,Info not available,2000000,1,760
3,59776,Tel Govt-Serv LOC,OPEN-GEN,Telangana,Malla Reddy IMS Hyderabad,RADIO DIAGNOSIS,700000,Info not available,2000000,1,940
3,60004,Tel Govt-NS LOC,OPEN-GEN,Telangana,Mamata AcadofMedSciBachupally,PATHOLOGY,430000,Info not available,2000000,1,-
3,60170,Tel Govt-NS LOC,SC-FEM,Telangana,Malla Reddy IMS Hyderabad,ORTHOPAEDICS,700000,Info not available,2000000,1,940
3,60354,Tel Govt-NS LOC,OPEN-GEN,Telangana,ESIC Med CollSanath Nagar,PHARMACOLOGY, 250000,107800,1000000,2,690
3,60721,Tel Govt-Serv LOC,OPEN-GEN,Telangana,Bhaskar Med Coll Yenkapally,DERMATOLOGY,750000,Info not available,2000000,1,850
3,61210,Tel Govt-NS LOC,BCB-FEM,Telangana,CAIMS Karimnagar,PSYCHIATRY,775000,Info not available,2000000,1,1000
3,61546,Tel Govt-NS LOC,ST-FEM,Telangana,Bhaskar Med Coll Yenkapally,GENERAL MEDICINE,750000,Info not available,2000000,1,850
3,62056,Tel Govt-NS LOC,ST-GEN,Telangana,Mediciti IMS Ghanpur,DERMATOLOGY,700000,Info not available,2000000,1,720
3,62073,Tel Govt-NS LOC,SC-FEM,Telangana,CAIMS Karimnagar,ORTHOPAEDICS,775000,Info not available,2000000,1,1000
3,62418,Tel Govt-NS LOC,OPEN-GEN,Telangana,ESIC Med CollSanath Nagar,MICROBIOLOGY, 250000,107800,1000000,2,690
3,62421,Tel Govt-NS UNR,ST-FEM,Telangana,Apollo IMSR Hyderabad,GENERAL MEDICINE,750000,Info not available,2000000,1,570
3,62459,Tel Govt-NS LOC,ST-FEM,Telangana,Osmania Med Coll Hyderabad,GENERAL SURGERY,10000, 50686,2000000,1,4800
3,63108,Tel Govt-NS LOC,SC-GEN,Telangana,Osmania Med Coll Hyderabad,PATHOLOGY,10000, 50686,2000000,1,4800
3,63237,Tel Govt-NS LOC,OPEN-GEN,Telangana,Kamineni IMS Narketpally,PATHOLOGY,430000,Info not available,2000000,1,1060
3,63253,Tel Govt-NS LOC,SC-GEN,Telangana,Mediciti IMS Ghanpur,OPHTHALMOLOGY,700000,Info not available,2000000,1,720
3,63562,Tel Govt-NS LOC,OPEN-FEM,Telangana,Kakatiya Med Coll Warangal,PHARMACOLOGY,10000, 50686,2000000,1,1150
3,63670,Tel Govt-NS UNR,ST-GEN,Telangana,Mediciti IMS Ghanpur,PAEDIATRICS,-,-,-,-,720
3,63782,Tel Govt-NS LOC,ST-GEN,Telangana,Prathima IMS Karimnagar,PAEDIATRICS,750000,Info not available,2000000,1,1060
3,63863,Tel Govt-Serv LOC,OPEN-FEM,Telangana,Osmania Med Coll Hyderabad,OBG,10000, 50686,2000000,1,4800
3,64680,Tel Govt-NS LOC,BCA-GEN,Telangana,Malla Reddy(Women) Hyderabad,RADIATION ONCOLOGY,700000,Info not available,2000000,1,1050
3,64883,Tel Govt-NS LOC,SC-GEN,Telangana,Gandhi Med Coll Secunderabad,SPM,10000, 50686,2000000,1,1200
3,64911,Tel Govt-NS LOC,BCB-GEN,Telangana,Govt Med Coll Mahabubnagar,SPM,10000, 50686,2000000,1,900
3,65338,Tel Govt-NS UNR,OPEN-FEM,Telangana,SVS Med Coll Mehboobnagar,PATHOLOGY,460000,Info not available,2000000,1,760
3,65414,Tel Govt-NS UNR,ST-GEN,Telangana,Mamata Med Coll Khammam,OBG,750000,Info not available,2000000,1,1080
3,65435,Tel Govt-Serv LOC,SC-GEN,Telangana,Osmania Med Coll Hyderabad,DERMATOLOGY,10000, 50686,2000000,1,4800
3,65781,Tel Govt-NS LOC,OPEN-FEM,Telangana,NIMS Hyderabad,BIOCHEMISTRY,72000, 99969,5000000,1,1498
3,66027,Tel Govt-NS LOC,OPEN-GEN,Telangana,NIMS Hyderabad,BIOCHEMISTRY,72000, 99969,5000000,1,1498
3,66462,Tel Govt-NS LOC,ST-FEM,Telangana,Kakatiya Med Coll Warangal,ANAESTHESIOLOGY,10000, 50686,2000000,1,1150
3,66922,Tel Govt-NS LOC,SC-GEN,Telangana,Osmania Med Coll Hyderabad,PATHOLOGY,10000, 50686,2000000,1,4800
3,66954,Tel Govt-NS LOC,BCE-GEN,Telangana,Govt Med Coll Nizamabad,PATHOLOGY,10000, 50686,2000000,1,500
3,66992,Tel Govt-Serv UNR,OPEN-GEN,Telangana,Mediciti IMS Ghanpur,GENERAL MEDICINE,700000,Info not available,2000000,1,720
3,67071,Tel Govt-NS LOC,OPEN-FEM,Telangana,Osmania Med Coll Hyderabad,BIOCHEMISTRY,10000, 50686,2000000,1,4800
3,67773,Tel Govt-NS LOC,OPEN-GEN,Telangana,Govt Med Coll Nalgonda,PHARMACOLOGY,10000, 50686,2000000,1,-
3,67983,Tel Govt-NS LOC,ST-GEN,Telangana,RVM IMSRC Siddipet,GENERAL MEDICINE,700000,Info not available,2000000,1,1110
3,67993,Tel Govt-Serv LOC,OPEN-GEN,Telangana,Apollo IMSR Hyderabad,RADIO DIAGNOSIS,750000,Info not available,2000000,1,570
3,68209,Tel Govt-NS LOC,SC-GEN,Telangana,Osmania Med Coll Hyderabad,PATHOLOGY,10000, 50686,2000000,1,4800
3,68588,Tel Govt-NS LOC,OPEN-GEN,Telangana,Malla Reddy IMS Hyderabad,PATHOLOGY,430000,Info not available,2000000,1,940
3,68960,Tel Govt-NS LOC,SC-FEM,Telangana,Surabhi InstituteofMSSiddipet,OPHTHALMOLOGY,775000,Info not available,2000000,1,-
3,69030,Tel Govt-NS LOC,SC-GEN,Telangana,Prathima IMS Karimnagar,PSYCHIATRY,750000,Info not available,2000000,1,1060
3,69114,Tel Govt-Serv LOC,BCB-GEN,Telangana,Osmania Med Coll Hyderabad,GENERAL MEDICINE,10000, 50686,2000000,1,4800
3,69241,Tel Govt-Serv UNR,OPEN-FEM,Telangana,Kakatiya Med Coll Warangal,GENERAL MEDICINE,10000, 50686,2000000,1,1150
3,69365,Tel Govt-NS LOC,OPEN-FEM,Telangana,Gandhi Med Coll Secunderabad,PHYSIOLOGY,10000, 50686,2000000,1,1200
3,69403,Tel Govt-NS LOC,ST-GEN,Telangana,Mediciti IMS Ghanpur,GENERAL MEDICINE,700000,Info not available,2000000,1,720
3,69743,Tel Govt-NS UNR,ST-FEM,Telangana,Osmania Med Coll Hyderabad,OPHTHALMOLOGY,10000, 50686,2000000,1,4800
3,70014,Tel Govt-NS LOC,OPEN-GEN,Telangana,CAIMS Karimnagar,PATHOLOGY,430000,Info not available,2000000,1,1000
3,70754,Tel Govt-NS LOC,OPEN-GEN,Telangana,Mamata AcadofMedSciBachupally,PATHOLOGY,430000,Info not available,2000000,1,-
3,71048,Tel Govt-Serv LOC,BCD-GEN,Telangana,Govt Med Coll Nizamabad,GENERAL MEDICINE,10000, 50686,2000000,1,500
3,71201,Tel Govt-NS LOC,OPEN-GEN,Telangana,ESIC Med CollSanath Nagar,PHARMACOLOGY, 250000,107800,1000000,2,690
3,71261,Tel Govt-Serv LOC,SC-GEN,Telangana,Osmania Med Coll Hyderabad,RADIO DIAGNOSIS,10000, 50686,2000000,1,4800
3,71920,Tel Govt-NS LOC,ST-FEM,Telangana,Dr Patnam MRInstofMSChevella,GENERAL MEDICINE,-,-,-,-,-
3,72035,Tel Govt-NS LOC,ST-GEN,Telangana,Malla Reddy IMS Hyderabad,GENERAL SURGERY,700000,Info not available,2000000,1,940
3,72111,Tel Govt-NS LOC,OPEN-GEN,Telangana,Gandhi Med Coll Secunderabad,MICROBIOLOGY,10000, 50686,2000000,1,1200
3,72169,Tel Govt-NS LOC,SC-GEN,Telangana,Kamineni IMS Narketpally,PSYCHIATRY,750000,Info not available,2000000,1,1060
3,72215,Tel Govt-NS LOC,OPEN-GEN,Telangana,SVS Med Coll Mehboobnagar,PATHOLOGY,460000,Info not available,2000000,1,760
3,72228,Tel Govt-NS LOC,OPEN-GEN,Telangana,ESIC Med CollSanath Nagar,BIOCHEMISTRY, 250000,107800,1000000,2,690
3,72242,Tel Govt-NS LOC,OPEN-GEN,Telangana,Osmania Med Coll Hyderabad,PHYSIOLOGY,10000, 50686,2000000,1,4800
3,72455,Tel Govt-NS LOC,ST-FEM,Telangana,Mahavir Inst of MS Vikarabad,PAEDIATRICS,700000,Info not available,2000000,1,700
3,72553,Tel Govt-NS UNR,OPEN-GEN,Telangana,Osmania Med Coll Hyderabad,BIOCHEMISTRY,10000, 50686,2000000,1,4800
3,72765,Tel Govt-Serv LOC,OPEN-GEN,Telangana,Gandhi Med Coll Secunderabad,PAEDIATRICS,10000, 50686,2000000,1,1200
3,73201,Tel Govt-NS LOC,ST-GEN,Telangana,Osmania Med Coll Hyderabad,PSYCHIATRY,10000, 50686,2000000,1,4800
3,73285,Tel Govt-NS LOC,BCB-GEN,Telangana,RVM IMSRC Siddipet,PSYCHIATRY,700000,Info not available,2000000,1,1110
3,73544,Tel Govt-NS LOC,BCB-FEM,Telangana,Govt Med Coll Siddipet,PATHOLOGY,10000, 50686,2000000,1,-
3,73984,Tel Govt-NS UNR,BCD-GEN,Telangana,Malla Reddy IMS Hyderabad,PATHOLOGY,430000,Info not available,2000000,1,940
3,74448,Tel Govt-NS LOC,ST-GEN,Telangana,Kakatiya Med Coll Warangal,EMERGENCY MEDICINE,10000, 50686,2000000,1,1150
3,74623,Tel Govt-NS LOC,ST-GEN,Telangana,Malla Reddy(Women) Hyderabad,OBG,700000,Info not available,2000000,1,1050
3,74781,Tel Govt-Serv LOC,MIN-GEN-MSM,Telangana,DCMS Hyderabad,RADIO DIAGNOSIS,775000,Info not available,2000000,1,1400
3,74828,Tel Govt-NS LOC,SC-GEN,Telangana,NIMS Hyderabad,BIOCHEMISTRY,72000, 99969,5000000,1,1498
3,75024,Tel Govt-NS LOC,BCD-GEN,Telangana,Gandhi Med Coll Secunderabad,MICROBIOLOGY,10000, 50686,2000000,1,1200
3,75233,Tel Govt-NS LOC,ST-FEM,Telangana,CAIMS Karimnagar,OBG,775000,Info not available,2000000,1,1000
3,75422,Tel Govt-NS LOC,BCB-GEN,Telangana,Gandhi Med Coll Secunderabad,PHARMACOLOGY,10000, 50686,2000000,1,1200
3,75529,Tel Govt-NS LOC,BCD-FEM,Telangana,Mamata Med Coll Khammam,PSYCHIATRY,750000,Info not available,2000000,1,1080
3,75623,Tel Govt-NS LOC,OPEN-GEN,Telangana,Osmania Med Coll Hyderabad,DPH,10000, 50686,1000000,1,4800
3,75657,Tel Govt-NS UNR,SC-GEN,Telangana,Rajiv Gandhi IMS Adilabad,PATHOLOGY,10000, 50686,2000000,1,Info Not Available
3,75692,Tel Govt-NS LOC,OPEN-GEN,Telangana,Osmania Med Coll Hyderabad,BIOCHEMISTRY,10000, 50686,2000000,1,4800
3,75759,Tel Govt-NS LOC,ST-GEN,Telangana,SVS Med Coll Mehboobnagar,GENERAL SURGERY,750000,Info not available,2000000,1,760
3,75933,Tel Govt-NS LOC,OPEN-GEN,Telangana,Mamata Med Coll Khammam,PATHOLOGY,430000,Info not available,2000000,1,1080
3,76464,Tel Govt-NS LOC,SC-GEN,Telangana,NIMS Hyderabad,HOSPITAL ADMINISTRATION,72000, 99969,5000000,1,1498
3,77278,Tel Govt-NS LOC,BCA-GEN,Telangana,Kamineni (KAMSRC) Hyderabad,PATHOLOGY,430000,Info not available,2000000,1,650
3,77793,Tel Govt-NS LOC,OPEN-GEN,Telangana,Prathima IMS Karimnagar,PATHOLOGY,462250,Info not available,2000000,1,1060
3,77976,Tel Govt-NS LOC,BCA-GEN,Telangana,Kakatiya Med Coll Warangal,MICROBIOLOGY,10000, 50686,2000000,1,1150
3,78035,Tel Govt-NS LOC,OPEN-GEN,Telangana,Rajiv Gandhi IMS Adilabad,SPM,10000, 50686,2000000,1,Info Not Available
3,78065,Tel Govt-NS LOC,BCE-GEN,Telangana,CAIMS Karimnagar,PATHOLOGY,430000,Info not available,2000000,1,1000
3,78330,Tel Govt-NS LOC,BCD-FEM,Telangana,CAIMS Karimnagar,PATHOLOGY,430000,Info not available,2000000,1,1000
3,79235,Tel Govt-NS UNR,BCE-GEN,Telangana,Osmania Med Coll Hyderabad,PHARMACOLOGY,10000, 50686,2000000,1,4800
3,79254,Tel Govt-NS LOC,OPEN-GEN,Telangana,Kakatiya Med Coll Warangal,BIOCHEMISTRY,10000, 50686,2000000,1,1150
3,79544,Tel Govt-NS LOC,OPEN-FEM,Telangana,Prathima IMS Karimnagar,PATHOLOGY,462250,Info not available,2000000,1,1060
3,79597,Tel Govt-NS LOC,OPEN-GEN,Telangana,Gandhi Med Coll Secunderabad,BIOCHEMISTRY,10000, 50686,2000000,1,1200
3,80464,Tel Govt-NS LOC,SC-FEM,Telangana,Govt Med Coll Mahabubnagar,PATHOLOGY,10000, 50686,2000000,1,900
3,80538,Tel Govt-NS LOC,ST-GEN,Telangana,Osmania Med Coll Hyderabad,OPHTHALMOLOGY,10000, 50686,2000000,1,4800
3,80654,Tel Govt-NS LOC,SC-GEN,Telangana,Gandhi Med Coll Secunderabad,FORENSIC MEDICINE,10000, 50686,2000000,1,1200
3,80676,Tel Govt-NS LOC,ST-GEN,Telangana,Mahavir Inst of MS Vikarabad,OBG,700000,Info not available,2000000,1,700
3,80732,Tel Govt-NS UNR,OPEN-GEN,Telangana,Govt Med Coll Nizamabad,MICROBIOLOGY,10000, 50686,2000000,1,500
3,80976,Tel Govt-NS LOC,BCD-GEN,Telangana,Kakatiya Med Coll Warangal,PHARMACOLOGY,10000, 50686,2000000,1,1150
3,81130,Tel Govt-Serv LOC,OPEN-GEN,Telangana,Gandhi Med Coll Secunderabad,OBG,10000, 50686,2000000,1,1200
3,82120,Tel Govt-Serv LOC,ST-GEN,Telangana,Osmania Med Coll Hyderabad,PAEDIATRICS,10000, 50686,2000000,1,4800
3,82563,Tel Govt-NS LOC,OPEN-GEN,Telangana,ESIC Med CollSanath Nagar,PHYSIOLOGY, 250000,107800,1000000,2,690
3,83018,Tel Govt-NS UNR,OPEN-FEM,Telangana,Osmania Med Coll Hyderabad,FORENSIC MEDICINE,10000, 50686,2000000,1,4800
3,84033,Tel Govt-Serv UNR,OPEN-GEN,Telangana,Govt Med Coll Nizamabad,GENERAL SURGERY,10000, 50686,2000000,1,500
3,84284,Tel Govt-Serv LOC,OPEN-GEN,Telangana,Malla Reddy IMS Hyderabad,GENERAL MEDICINE,700000,Info not available,2000000,1,940
3,84634,Tel Govt-NS LOC,ST-GEN,Telangana,Malla Reddy IMS Hyderabad,OPHTHALMOLOGY,700000,Info not available,2000000,1,940
3,84780,Tel Govt-Serv LOC,ST-GEN,Telangana,Rajiv Gandhi IMS Adilabad,GENERAL MEDICINE,10000, 50686,2000000,1,Info Not Available
3,85034,Tel Govt-NS LOC,SC-GEN,Telangana,Osmania Med Coll Hyderabad,BIOCHEMISTRY,10000, 50686,2000000,1,4800
3,85266,Tel Govt-NS LOC,OPEN-GEN,Telangana,Osmania Med Coll Hyderabad,ANATOMY,10000, 50686,2000000,1,4800
3,85591,Tel Govt-NS UNR,SC-GEN,Telangana,Osmania Med Coll Hyderabad,MICROBIOLOGY,10000, 50686,2000000,1,4800
3,86257,Tel Govt-NS LOC,MIN-FEM-MSM,Telangana,DrVRK Womens MedCollAziznagar,PATHOLOGY,430000,Info not available,2000000,1,500
3,86297,Tel Govt-NS LOC,OPEN-FEM,Telangana,Mahavir Inst of MS Vikarabad,SPM,-,-,-,-,700
3,86403,Tel Govt-NS LOC,ST-FEM,Telangana,Mediciti IMS Ghanpur,TBRD,700000,Info not available,2000000,1,720
3,87179,Tel Govt-NS UNR,ST-FEM,Telangana,Malla Reddy IMS Hyderabad,ANAESTHESIOLOGY,700000,Info not available,2000000,1,940
3,87210,Tel Govt-NS LOC,SC-GEN,Telangana,Mamata AcadofMedSciBachupally,PATHOLOGY,430000,Info not available,2000000,1,-
3,87320,Tel Govt-Serv UNR,SC-GEN,Telangana,Malla Reddy IMS Hyderabad,GENERAL MEDICINE,700000,Info not available,2000000,1,940
3,87833,Tel Govt-Serv LOC,OPEN-GEN,Telangana,Prathima IMS Karimnagar,PAEDIATRICS,750000,Info not available,2000000,1,1060
3,87933,Tel Govt-NS LOC,SC-GEN,Telangana,Gandhi Med Coll Secunderabad,PHYSIOLOGY,10000, 50686,2000000,1,1200
3,88047,Tel Govt-Serv UNR,BCA-GEN,Telangana,Osmania Med Coll Hyderabad,OBG,10000, 50686,2000000,1,4800
3,88534,Tel Govt-NS LOC,ST-FEM,Telangana,Govt Med Coll Siddipet,ENT,10000, 50686,2000000,1,-
3,88806,Tel Govt-Serv UNR,OPEN-GEN,Telangana,Kakatiya Med Coll Warangal,EMERGENCY MEDICINE,10000, 50686,2000000,1,1150
3,89257,Tel Govt-NS LOC,ST-GEN,Telangana,Dr Patnam MRInstofMSChevella,TBRD,-,-,-,-,-
3,89381,Tel Govt-Serv LOC,BCB-GEN,Telangana,Gandhi Med Coll Secunderabad,RADIO DIAGNOSIS,10000, 50686,2000000,1,1200
3,89907,Tel Govt-Serv LOC,OPEN-GEN,Telangana,Osmania Med Coll Hyderabad,TBRD,10000, 50686,2000000,1,4800
3,90054,Tel Govt-NS UNR,ST-GEN,Telangana,Mediciti IMS Ghanpur,ORTHOPAEDICS,700000,Info not available,2000000,1,720
3,91240,Tel Govt-NS LOC,BCC-GEN,Telangana,Osmania Med Coll Hyderabad,SPM,10000, 50686,2000000,1,4800
3,91611,Tel Govt-Serv UNR,SC-GEN,Telangana,Malla Reddy IMS Hyderabad,PAEDIATRICS,700000,Info not available,2000000,1,940
3,91632,Tel Govt-Serv LOC,ST-GEN,Telangana,SVS Med Coll Mehboobnagar,RADIO DIAGNOSIS,750000,Info not available,2000000,1,760
3,91708,Tel Govt-Serv LOC,ST-GEN,Telangana,Surabhi InstituteofMSSiddipet,GENERAL MEDICINE,775000,Info not available,2000000,1,-
3,91824,Tel Govt-NS LOC,SC-FEM,Telangana,Govt Med Coll Mahabubnagar,MICROBIOLOGY,10000, 50686,2000000,1,900
3,92491,Tel Govt-Serv LOC,BCB-GEN,Telangana,Osmania Med Coll Hyderabad,PAEDIATRICS,10000, 50686,2000000,1,4800
3,92673,Tel Govt-Serv UNR,BCD-GEN,Telangana,Osmania Med Coll Hyderabad,GENERAL SURGERY,10000, 50686,2000000,1,4800
3,92992,Tel Govt-NS LOC,ST-FEM,Telangana,ESIC Med CollSanath Nagar,SPM, 250000,107800,1000000,2,690
3,93124,Tel Govt-NS LOC,ST-GEN,Telangana,Malla Reddy(Women) Hyderabad,ANAESTHESIOLOGY,700000,Info not available,2000000,1,1050
3,93439,Tel Govt-Serv LOC,OPEN-FEM,Telangana,Bhaskar Med Coll Yenkapally,RADIO DIAGNOSIS,750000,Info not available,2000000,1,850
3,93500,Tel Govt-NS LOC,ST-GEN,Telangana,Prathima IMS Karimnagar,ORTHOPAEDICS,750000,Info not available,2000000,1,1060
3,93546,Tel Govt-Serv UNR,OPEN-GEN,Telangana,Malla Reddy IMS Hyderabad,OBG,700000,Info not available,2000000,1,940
3,93977,Tel Govt-NS LOC,OPEN-GEN-PHO,Telangana,Gandhi Med Coll Secunderabad,GENERAL MEDICINE,10000, 50686,2000000,1,1200
3,95989,Tel Govt-NS UNR,OPEN-GEN,Telangana,MNR Med Coll Sangareddy,PHYSIOLOGY,189000,Info not available,2000000,1,760
3,96053,Tel Govt-Serv LOC,SC-GEN,Telangana,Osmania Med Coll Hyderabad,PAEDIATRICS,10000, 50686,2000000,1,4800
3,96054,Tel Govt-Serv LOC,OPEN-GEN,Telangana,Osmania Med Coll Hyderabad,OBG,10000, 50686,2000000,1,4800
3,96370,Tel Govt-NS LOC,OPEN-FEM,Telangana,Gandhi Med Coll Secunderabad,MICROBIOLOGY,10000, 50686,2000000,1,1200
3,96479,Tel Govt-Serv LOC,OPEN-GEN,Telangana,Prathima IMS Karimnagar,RADIO DIAGNOSIS,750000,Info not available,2000000,1,1060
3,96641,Tel Govt-Serv LOC,OPEN-GEN,Telangana,Malla Reddy IMS Hyderabad,PAEDIATRICS,700000,Info not available,2000000,1,940
3,97015,Tel Govt-Serv LOC,OPEN-GEN,Telangana,Osmania Med Coll Hyderabad,GENERAL SURGERY,10000, 50686,2000000,1,4800
3,97069,Tel Govt-Serv LOC,SC-GEN,Telangana,SVS Med Coll Mehboobnagar,GENERAL MEDICINE,750000,Info not available,2000000,1,760
3,97127,Tel Govt-Serv LOC,BCB-GEN,Telangana,SVS Med Coll Mehboobnagar,DERMATOLOGY,750000,Info not available,2000000,1,760
3,98615,Tel Govt-Serv UNR,BCE-GEN,Telangana,Mamata Med Coll Khammam,RADIO DIAGNOSIS,750000,Info not available,2000000,1,1080
3,98844,Tel Govt-NS LOC,OPEN-GEN,Telangana,Osmania Med Coll Hyderabad,FORENSIC MEDICINE,10000, 50686,2000000,1,4800
3,99582,Tel Govt-Serv UNR,BCB-GEN,Telangana,Mediciti IMS Ghanpur,TBRD,700000,Info not available,2000000,1,720
3,99583,Tel Govt-Serv LOC,OPEN-FEM,Telangana,Kakatiya Med Coll Warangal,GENERAL SURGERY,10000, 50686,2000000,1,1150
3,99585,Tel Govt-Serv LOC,OPEN-GEN,Telangana,Kamineni (KAMSRC) Hyderabad,GENERAL MEDICINE,700000,Info not available,2000000,1,650
3,99720,Tel Govt-Serv LOC,OPEN-FEM,Telangana,Mediciti IMS Ghanpur,RADIO DIAGNOSIS,700000,Info not available,2000000,1,720
3,100024,Tel Govt-NS LOC,ST-GEN,Telangana,Dr Patnam MRInstofMSChevella,ORTHOPAEDICS,-,-,-,-,-
3,100216,Tel Govt-NS LOC,SC-GEN,Telangana,ESIC Med CollSanath Nagar,EMERGENCY MEDICINE, 250000,107800,1000000,2,690
3,100278,Tel Govt-NS LOC,MIN-GEN-MSM,Telangana,Shadan IMSRC Peerancheru,PHYSIOLOGY,200000,Info not available,2000000,1,800
3,100992,Tel Govt-NS LOC,SC-GEN,Telangana,Osmania Med Coll Hyderabad,PHARMACOLOGY,10000, 50686,2000000,1,4800
3,101481,Tel Govt-NS LOC,BCB-GEN,Telangana,SVS Med Coll Mehboobnagar,PATHOLOGY,460000,Info not available,2000000,1,760
3,101536,Tel Govt-Serv UNR,OPEN-FEM,Telangana,Osmania Med Coll Hyderabad,PSYCHIATRY,10000, 50686,2000000,1,4800
3,101893,Tel Govt-Serv LOC,OPEN-GEN,Telangana,Dr Patnam MRInstofMSChevella,DERMATOLOGY,-,-,-,-,-
3,102738,Tel Govt-NS UNR,ST-GEN,Telangana,Kamineni IMS Narketpally,ANAESTHESIOLOGY,750000,Info not available,2000000,1,1060
3,103058,Tel Govt-Serv UNR,OPEN-GEN,Telangana,Bhaskar Med Coll Yenkapally,ORTHOPAEDICS,750000,Info not available,2000000,1,850
3,103383,Tel Govt-Serv LOC,BCA-GEN,Telangana,CAIMS Karimnagar,RADIO DIAGNOSIS,775000,Info not available,2000000,1,1000
3,103398,Tel Govt-NS LOC,SC-GEN,Telangana,Malla Reddy IMS Hyderabad,PATHOLOGY,430000,Info not available,2000000,1,940
3,103548,Tel Govt-NS LOC,BCA-FEM,Telangana,Kamineni IMS Narketpally,PATHOLOGY,430000,Info not available,2000000,1,1060
3,103755,Tel Govt-NS LOC,OPEN-GEN,Telangana,Kakatiya Med Coll Warangal,FORENSIC MEDICINE,10000, 50686,2000000,1,1150
3,104521,Tel Govt-NS UNR,SC-GEN,Telangana,SVS Med Coll Mehboobnagar,PATHOLOGY,460000,Info not available,2000000,1,760
3,106830,Tel Govt-NS LOC,BCD-GEN,Telangana,Govt Med Coll Siddipet,SPM,10000, 50686,2000000,1,-
3,107076,Tel Govt-NS LOC,BCB-GEN,Telangana,RVM IMSRC Siddipet,PATHOLOGY,430000,Info not available,2000000,1,1110
3,107480,Tel Govt-NS LOC,OPEN-FEM,Telangana,Govt Med Coll Suryapet,PHARMACOLOGY,10000, 50686,2000000,1,-
3,107617,Tel Govt-Serv LOC,BCB-GEN,Telangana,Prathima IMS Karimnagar,GENERAL MEDICINE,750000,Info not available,2000000,1,1060
3,107892,Tel Govt-NS LOC,ST-GEN,Telangana,Osmania Med Coll Hyderabad,RADIATION ONCOLOGY,10000, 50686,2000000,1,4800
3,109379,Tel Govt-Serv LOC,SC-FEM,Telangana,Gandhi Med Coll Secunderabad,GENERAL MEDICINE,10000, 50686,2000000,1,1200
3,110759,Tel Govt-NS LOC,OPEN-FEM,Telangana,Kakatiya Med Coll Warangal,BIOCHEMISTRY,10000, 50686,2000000,1,1150
3,111079,Tel Govt-Serv LOC,BCD-GEN,Telangana,MNR Med Coll Sangareddy,DERMATOLOGY,700000,Info not available,2000000,1,760
3,111394,Tel Govt-NS LOC,ST-FEM,Telangana,Kamineni (KAMSRC) Hyderabad,GENERAL SURGERY,700000,Info not available,2000000,1,650
3,111436,Tel Govt-Serv LOC,BCD-GEN,Telangana,MNR Med Coll Sangareddy,RADIO DIAGNOSIS,700000,Info not available,2000000,1,760
3,111483,Tel Govt-Serv LOC,OPEN-GEN,Telangana,Kakatiya Med Coll Warangal,ORTHOPAEDICS,10000, 50686,2000000,1,1150
3,112201,Tel Govt-Serv LOC,SC-GEN,Telangana,Osmania Med Coll Hyderabad,OBG,10000, 50686,2000000,1,4800
3,112665,Tel Govt-NS LOC,OPEN-GEN,Telangana,Govt Med Coll Suryapet,MICROBIOLOGY,10000, 50686,2000000,1,-
3,112951,Tel Govt-Serv LOC,SC-GEN,Telangana,Rajiv Gandhi IMS Adilabad,TBRD,10000, 50686,2000000,1,Info Not Available
3,113551,Tel Govt-Serv LOC,SC-FEM,Telangana,Kakatiya Med Coll Warangal,PAEDIATRICS,10000, 50686,2000000,1,1150
3,113960,Tel Govt-Serv LOC,OPEN-GEN,Telangana,Kamineni IMS Narketpally,GENERAL MEDICINE,750000,Info not available,2000000,1,1060
3,114060,Tel Govt-NS UNR,MIN-GEN-MSM,Telangana,DCMS Hyderabad,ANATOMY,216000,Info not available,2000000,1,1400
3,114109,Tel Govt-Serv LOC,SC-GEN,Telangana,Dr Patnam MRInstofMSChevella,GENERAL MEDICINE,-,-,-,-,-
3,114149,Tel Govt-Serv LOC,SC-FEM,Telangana,Kamineni (KAMSRC) Hyderabad,RADIO DIAGNOSIS,700000,Info not available,2000000,1,650
3,114153,Tel Govt-Serv LOC,OPEN-FEM,Telangana,Osmania Med Coll Hyderabad,PAEDIATRICS,10000, 50686,2000000,1,4800
3,114386,Tel Govt-Serv LOC,OPEN-GEN,Telangana,Osmania Med Coll Hyderabad,OPHTHALMOLOGY,10000, 50686,2000000,1,4800
3,114787,Tel Govt-Serv UNR,OPEN-GEN,Telangana,Osmania Med Coll Hyderabad,ANAESTHESIOLOGY,10000, 50686,2000000,1,4800
3,115485,Tel Govt-Serv LOC,SC-GEN,Telangana,Gandhi Med Coll Secunderabad,GENERAL SURGERY,10000, 50686,2000000,1,1200
3,115710,Tel Govt-NS LOC,OPEN-GEN,Telangana,Malla Reddy(Women) Hyderabad,PHARMACOLOGY,430000,Info not available,2000000,1,1050
3,116066,Tel Govt-NS LOC,BCB-GEN,Telangana,NIMS Hyderabad,HOSPITAL ADMINISTRATION,72000, 99969,5000000,1,1498
3,116387,Tel Govt-Serv UNR,MIN-GEN-MSM,Telangana,DCMS Hyderabad,ORTHOPAEDICS,775000,Info not available,2000000,1,1400
3,116743,Tel Govt-Serv LOC,BCA-GEN,Telangana,ESIC Med CollSanath Nagar,GENERAL MEDICINE, 250000,107800,1000000,2,690
3,117215,Tel Govt-NS UNR,BCA-GEN,Telangana,Osmania Med Coll Hyderabad,BIOCHEMISTRY,10000, 50686,2000000,1,4800
3,117290,Tel Govt-NS LOC,OPEN-GEN,Telangana,Osmania Med Coll Hyderabad,ANATOMY,10000, 50686,2000000,1,4800
3,117583,Tel Govt-Serv LOC,OPEN-GEN,Telangana,Gandhi Med Coll Secunderabad,ANAESTHESIOLOGY,10000, 50686,2000000,1,1200
3,117618,Tel Govt-NS LOC,ST-GEN,Telangana,CAIMS Karimnagar,OPHTHALMOLOGY,775000,Info not available,2000000,1,1000
3,117644,Tel Govt-Serv LOC,OPEN-FEM,Telangana,Osmania Med Coll Hyderabad,GENERAL SURGERY,10000, 50686,2000000,1,4800
3,117648,Tel Govt-Serv UNR,ST-GEN,Telangana,Rajiv Gandhi IMS Adilabad,DERMATOLOGY,10000, 50686,2000000,1,Info Not Available
3,118142,Tel Govt-Serv LOC,BCD-GEN,Telangana,Gandhi Med Coll Secunderabad,OBG,10000, 50686,2000000,1,1200
3,118182,Tel Govt-Serv UNR,OPEN-GEN,Telangana,Osmania Med Coll Hyderabad,PATHOLOGY,10000, 50686,2000000,1,4800
3,118330,Tel Govt-NS LOC,ST-GEN,Telangana,Mediciti IMS Ghanpur,ANAESTHESIOLOGY,700000,Info not available,2000000,1,720
3,118912,Tel Govt-NS LOC,OPEN-GEN,Telangana,Govt Med Coll Siddipet,FORENSIC MEDICINE,10000, 50686,2000000,1,-
3,119526,Tel Govt-NS LOC,ST-GEN,Telangana,Osmania Med Coll Hyderabad,PATHOLOGY,10000, 50686,2000000,1,4800
3,119731,Tel Govt-Serv UNR,BCE-GEN,Telangana,Osmania Med Coll Hyderabad,RADIATION ONCOLOGY,10000, 50686,2000000,1,4800
3,119823,Tel Govt-Serv LOC,OPEN-GEN,Telangana,Govt Med Coll Siddipet,PSYCHIATRY,10000, 50686,2000000,1,-
3,120106,Tel Govt-Serv LOC,MIN-GEN-MSM,Telangana,DCMS Hyderabad,GENERAL MEDICINE,775000,Info not available,2000000,1,1400
3,120383,Tel Govt-NS LOC,ST-GEN,Telangana,Bhaskar Med Coll Yenkapally,ANAESTHESIOLOGY,750000,Info not available,2000000,1,850
3,121459,Tel Govt-Serv LOC,SC-GEN,Telangana,Osmania Med Coll Hyderabad,ANAESTHESIOLOGY,10000, 50686,2000000,1,4800
3,121469,Tel Govt-NS LOC,MIN-GEN-MSM,Telangana,DCMS Hyderabad,BIOCHEMISTRY,216000,Info not available,2000000,1,1400
3,121508,Tel Govt-Serv LOC,ST-FEM,Telangana,Osmania Med Coll Hyderabad,OBG,10000, 50686,2000000,1,4800
3,121568,Tel Govt-NS LOC,OPEN-FEM,Telangana,Govt Med Coll Siddipet,PHARMACOLOGY,10000, 50686,2000000,1,-
3,122476,Tel Govt-NS LOC,MIN-GEN-MSM,Telangana,DCMS Hyderabad,SPM,430000,Info not available,2000000,1,1400
3,122647,Tel Govt-NS LOC,MIN-GEN-MSM,Telangana,DCMS Hyderabad,PHARMACOLOGY,430000,Info not available,2000000,1,1400
3,122911,Tel Govt-Serv LOC,SC-FEM,Telangana,Mamata Med Coll Khammam,PAEDIATRICS,750000,Info not available,2000000,1,1080
3,123156,Tel Govt-NS LOC,MIN-GEN-MSM,Telangana,Shadan IMSRC Peerancheru,MICROBIOLOGY,430000,Info not available,2000000,1,800
3,123401,Tel Govt-NS LOC,OPEN-GEN,Telangana,Mediciti IMS Ghanpur,SPM,430000,Info not available,2000000,1,720
3,123436,Tel Govt-NS LOC,BCD-FEM,Telangana,Malla Reddy IMS Hyderabad,SPM,430000,Info not available,2000000,1,940
3,123587,Tel Govt-Serv LOC,OPEN-FEM,Telangana,Kakatiya Med Coll Warangal,PAEDIATRICS,10000, 50686,2000000,1,1150
3,123594,Tel Govt-Serv LOC,OPEN-GEN,Telangana,Kakatiya Med Coll Warangal,OBG,10000, 50686,2000000,1,1150
3,123610,Tel Govt-NS LOC,OPEN-FEM,Telangana,Gandhi Med Coll Secunderabad,FORENSIC MEDICINE,10000, 50686,2000000,1,1200
3,123907,Tel Govt-Serv LOC,OPEN-GEN,Telangana,Gandhi Med Coll Secunderabad,GENERAL SURGERY,10000, 50686,2000000,1,1200
3,124130,Tel Govt-Serv LOC,ST-GEN,Telangana,Prathima IMS Karimnagar,ORTHOPAEDICS,750000,Info not available,2000000,1,1060
3,125267,Tel Govt-NS LOC,OPEN-GEN,Telangana,Govt Med Coll Nalgonda,MICROBIOLOGY,10000, 50686,2000000,1,-
3,125347,Tel Govt-NS UNR,BCB-GEN,Telangana,Osmania Med Coll Hyderabad,ANATOMY,10000, 50686,2000000,1,4800
3,125582,Tel Govt-NS LOC,ST-FEM,Telangana,Prathima IMS Karimnagar,ANAESTHESIOLOGY,750000,Info not available,2000000,1,1060
3,125647,Tel Govt-Serv LOC,BCA-GEN,Telangana,Mamata Med Coll Khammam,DERMATOLOGY,750000,Info not available,2000000,1,1080
3,125663,Tel Govt-NS LOC,ST-GEN,Telangana,CAIMS Karimnagar,GENERAL SURGERY,775000,Info not available,2000000,1,1000
3,126170,Tel Govt-Serv LOC,ST-GEN,Telangana,Osmania Med Coll Hyderabad,GENERAL SURGERY,10000, 50686,2000000,1,4800
3,126252,Tel Govt-NS LOC,SC-GEN,Telangana,Mamata AcadofMedSciBachupally,SPM,430000,Info not available,2000000,1,-
3,126699,Tel Govt-Serv UNR,BCA-GEN,Telangana,Malla Reddy IMS Hyderabad,ENT,700000,Info not available,2000000,1,940
3,126750,Tel Govt-Serv LOC,OPEN-GEN,Telangana,Prathima IMS Karimnagar,GENERAL SURGERY,750000,Info not available,2000000,1,1060
3,126818,Tel Govt-Serv LOC,BCB-GEN,Telangana,Kakatiya Med Coll Warangal,TBRD,10000, 50686,2000000,1,1150
3,126820,Tel Govt-NS UNR,ST-GEN,Telangana,Mamata Med Coll Khammam,PATHOLOGY,430000,Info not available,2000000,1,1080
3,127339,Tel Govt-Serv LOC,OPEN-GEN,Telangana,Gandhi Med Coll Secunderabad,OPHTHALMOLOGY,10000, 50686,2000000,1,1200
3,127441,Tel Govt-NS LOC,ST-GEN,Telangana,NIMS Hyderabad,PATHOLOGY,72000, 99969,5000000,1,1498
3,127888,Tel Govt-NS LOC,BCA-GEN,Telangana,Govt Med Coll Nizamabad,PHARMACOLOGY,10000, 50686,2000000,1,500
3,127904,Tel Govt-NS LOC,OPEN-FEM,Telangana,Govt Med Coll Siddipet,MICROBIOLOGY,10000, 50686,2000000,1,-
3,128215,Tel Govt-Serv LOC,BCA-GEN,Telangana,Kamineni IMS Narketpally,PAEDIATRICS,750000,Info not available,2000000,1,1060
3,129225,Tel Govt-NS LOC,OPEN-FEM,Telangana,Govt Med Coll Suryapet,MICROBIOLOGY,10000, 50686,2000000,1,-
3,129601,Tel Govt-NS LOC,SC-GEN,Telangana,Osmania Med Coll Hyderabad,MICROBIOLOGY,10000, 50686,2000000,1,4800
3,129740,Tel Govt-NS LOC,ST-FEM,Telangana,Bhaskar Med Coll Yenkapally,GENERAL SURGERY,750000,Info not available,2000000,1,850
3,129793,Tel Govt-Serv LOC,OPEN-FEM,Telangana,SVS Med Coll Mehboobnagar,OBG,750000,Info not available,2000000,1,760
3,129847,Tel Govt-Serv LOC,SC-GEN,Telangana,Gandhi Med Coll Secunderabad,ORTHOPAEDICS,10000, 50686,2000000,1,1200
3,131178,Tel Govt-NS LOC,BCA-GEN,Telangana,Govt Med Coll Siddipet,MICROBIOLOGY,10000, 50686,2000000,1,-
3,131361,Tel Govt-NS LOC,ST-GEN,Telangana,Rajiv Gandhi IMS Adilabad,SPM,10000, 50686,2000000,1,Info Not Available
3,132023,Tel Govt-Serv LOC,OPEN-GEN,Telangana,Osmania Med Coll Hyderabad,ENT,10000, 50686,2000000,1,4800
3,132668,Tel Govt-Serv LOC,OPEN-GEN,Telangana,Govt Med Coll Nizamabad,BIOCHEMISTRY,10000, 50686,2000000,1,500
3,132693,Tel Govt-Serv LOC,ST-GEN,Telangana,Osmania Med Coll Hyderabad,ANAESTHESIOLOGY,10000, 50686,2000000,1,4800
3,133067,Tel Govt-NS LOC,SC-GEN,Telangana,Osmania Med Coll Hyderabad,PHARMACOLOGY,10000, 50686,2000000,1,4800
3,133252,Tel Govt-Serv LOC,SC-GEN,Telangana,Malla Reddy(Women) Hyderabad,GENERAL SURGERY,700000,Info not available,2000000,1,1050
3,133382,Tel Govt-Serv LOC,SC-GEN,Telangana,Kamineni (KAMSRC) Hyderabad,GENERAL SURGERY,700000,Info not available,2000000,1,650
3,133435,Tel Govt-Serv LOC,BCE-GEN,Telangana,Mamata Med Coll Khammam,GENERAL MEDICINE,750000,Info not available,2000000,1,1080
3,133810,Tel Govt-Serv LOC,OPEN-GEN,Telangana,Malla Reddy IMS Hyderabad,GENERAL SURGERY,700000,Info not available,2000000,1,940
3,133819,Tel Govt-NS LOC,OPEN-GEN,Telangana,Gandhi Med Coll Secunderabad,ANATOMY,10000, 50686,2000000,1,1200
3,133871,Tel Govt-Serv UNR,SC-GEN,Telangana,Malla Reddy IMS Hyderabad,ANAESTHESIOLOGY,700000,Info not available,2000000,1,940
3,134220,Tel Govt-NS LOC,OPEN-FEM,Telangana,Gandhi Med Coll Secunderabad,FORENSIC MEDICINE,10000, 50686,2000000,1,1200
3,134325,Tel Govt-NS LOC,SC-FEM,Telangana,SVS Med Coll Mehboobnagar,PATHOLOGY,460000,Info not available,2000000,1,760
3,134328,Tel Govt-NS LOC,BCD-GEN,Telangana,RVM IMSRC Siddipet,PATHOLOGY,430000,Info not available,2000000,1,1110
3,134727,Tel Govt-Serv LOC,OPEN-GEN,Telangana,Kamineni (KAMSRC) Hyderabad,RADIATION ONCOLOGY,700000,Info not available,2000000,1,650
3,136379,Tel Govt-NS LOC,OPEN-FEM,Telangana,ESIC Med CollSanath Nagar,ANATOMY, 250000,107800,1000000,2,690
3,136409,Tel Govt-Serv LOC,SC-GEN,Telangana,Osmania Med Coll Hyderabad,OPHTHALMOLOGY,10000, 50686,2000000,1,4800
3,137188,Tel Govt-Serv LOC,OPEN-GEN,Telangana,Mediciti IMS Ghanpur,ANAESTHESIOLOGY,700000,Info not available,2000000,1,720
3,137612,Tel Govt-Serv LOC,OPEN-GEN,Telangana,Malla Reddy IMS Hyderabad,ORTHOPAEDICS,700000,Info not available,2000000,1,940
3,137921,Tel Govt-NS LOC,OPEN-GEN,Telangana,Malla Reddy(Women) Hyderabad,PHARMACOLOGY,430000,Info not available,2000000,1,1050
3,138199,Tel Govt-NS LOC,BCB-GEN,Telangana,Osmania Med Coll Hyderabad,MICROBIOLOGY,10000, 50686,2000000,1,4800
3,138873,Tel Govt-Serv UNR,OPEN-FEM,Telangana,Kakatiya Med Coll Warangal,BIOCHEMISTRY,10000, 50686,2000000,1,1150
3,139057,Tel Govt-NS LOC,SC-FEM,Telangana,Gandhi Med Coll Secunderabad,ANATOMY,10000, 50686,2000000,1,1200
3,139059,Tel Govt-Serv LOC,OPEN-GEN,Telangana,CAIMS Karimnagar,ORTHOPAEDICS,775000,Info not available,2000000,1,1000
3,139254,Tel Govt-Serv LOC,ST-GEN,Telangana,Kamineni IMS Narketpally,TBRD,750000,Info not available,2000000,1,1060
3,139281,Tel Govt-Serv LOC,OPEN-GEN,Telangana,Mamata Med Coll Khammam,GENERAL SURGERY,750000,Info not available,2000000,1,1080
3,139453,Tel Govt-Serv LOC,OPEN-GEN,Telangana,ESIC Med CollSanath Nagar,IHBT, 250000,107800,1000000,2,690
3,141444,Tel Govt-NS LOC,OPEN-GEN,Telangana,Rajiv Gandhi IMS Adilabad,PHARMACOLOGY,10000, 50686,2000000,1,Info Not Available
3,141805,Tel Govt-NS LOC,OPEN-FEM,Telangana,Govt Med Coll Siddipet,BIOCHEMISTRY,10000, 50686,2000000,1,-
3,142132,Tel Govt-Serv LOC,BCD-GEN,Telangana,Mediciti IMS Ghanpur,PAEDIATRICS,-,-,-,-,720
3,142445,Tel Govt-Serv LOC,OPEN-GEN,Telangana,Govt Med Coll Siddipet,SPM,10000, 50686,2000000,1,-
3,142471,Tel Govt-Serv LOC,OPEN-GEN,Telangana,Osmania Med Coll Hyderabad,SPM,10000, 50686,2000000,1,4800
3,143019,Tel Govt-NS LOC,MIN-GEN-MSM,Telangana,DCMS Hyderabad,PHYSIOLOGY,216000,Info not available,2000000,1,1400
3,143197,Tel Govt-NS UNR,ST-FEM,Telangana,MNR Med Coll Sangareddy,OPHTHALMOLOGY,700000,Info not available,2000000,1,760
3,143771,Tel Govt-NS LOC,OPEN-GEN,Telangana,SVS Med Coll Mehboobnagar,BIOCHEMISTRY,180000,Info not available,2000000,1,760
3,143854,Tel Govt-NS LOC,OPEN-GEN,Telangana,Rajiv Gandhi IMS Adilabad,FORENSIC MEDICINE,10000, 50686,2000000,1,Info Not Available
3,143962,Tel Govt-Serv LOC,ST-FEM,Telangana,CAIMS Karimnagar,PAEDIATRICS,775000,Info not available,2000000,1,1000
3,143974,Tel Govt-NS LOC,MIN-FEM-MSM,Telangana,Shadan IMSRC Peerancheru,PHARMACOLOGY,430000,Info not available,2000000,1,800
3,145210,Tel Govt-Serv LOC,SC-FEM,Telangana,Kakatiya Med Coll Warangal,OBG,10000, 50686,2000000,1,1150
3,145480,Tel Govt-Serv LOC,ST-GEN,Telangana,Apollo IMSR Hyderabad,ENT,750000,Info not available,2000000,1,570
3,145994,Tel Govt-NS LOC,BCA-GEN,Telangana,Apollo IMSR Hyderabad,SPM,430000,Info not available,2000000,1,570
3,146086,Tel Govt-Serv LOC,OPEN-GEN,Telangana,Mamata Med Coll Khammam,ANAESTHESIOLOGY,750000,Info not available,2000000,1,1080
3,146301,Tel Govt-NS LOC,SC-FEM,Telangana,Rajiv Gandhi IMS Adilabad,PHARMACOLOGY,10000, 50686,2000000,1,Info Not Available
3,146311,Tel Govt-NS LOC,SC-FEM,Telangana,Dr Patnam MRInstofMSChevella,PATHOLOGY,430000,Info not available,2000000,1,-
3,148066,Tel Govt-NS LOC,OPEN-GEN,Telangana,Malla Reddy IMS Hyderabad,MICROBIOLOGY,430000,Info not available,2000000,1,940
3,148393,Tel Govt-Serv LOC,OPEN-GEN,Telangana,Osmania Med Coll Hyderabad,FORENSIC MEDICINE,10000, 50686,2000000,1,4800
3,148600,Tel Govt-Serv LOC,OPEN-FEM,Telangana,Kakatiya Med Coll Warangal,OPHTHALMOLOGY,10000, 50686,2000000,1,1150
3,149140,Tel Govt-Serv LOC,OPEN-GEN,Telangana,Bhaskar Med Coll Yenkapally,OBG,750000,Info not available,2000000,1,850
3,149246,Tel Govt-Serv LOC,OPEN-GEN,Telangana,CAIMS Karimnagar,ANAESTHESIOLOGY,775000,Info not available,2000000,1,1000
3,149362,Tel Govt-NS UNR,MIN-FEM-MSM,Telangana,DrVRK Womens MedCollAziznagar,PHARMACOLOGY,430000,Info not available,2000000,1,500
3,149794,Tel Govt-Serv LOC,SC-GEN,Telangana,Kamineni (KAMSRC) Hyderabad,OBG,700000,Info not available,2000000,1,650
3,149955,Tel Govt-NS LOC,OPEN-GEN,Telangana,Govt Med Coll Siddipet,BIOCHEMISTRY,10000, 50686,2000000,1,-
3,152012,Tel Govt-Serv LOC,OPEN-FEM,Telangana,CAIMS Karimnagar,GENERAL MEDICINE,775000,Info not available,2000000,1,1000
3,152233,Tel Govt-NS LOC,SC-GEN,Telangana,Govt Med Coll Siddipet,PHARMACOLOGY,10000, 50686,2000000,1,-
3,152350,Tel Govt-NS LOC,BCB-FEM,Telangana,Dr Patnam MRInstofMSChevella,PATHOLOGY,430000,Info not available,2000000,1,-
3,152698,Tel Govt-Serv LOC,ST-GEN,Telangana,Gandhi Med Coll Secunderabad,BIOCHEMISTRY,10000, 50686,2000000,1,1200
3,153101,Tel Govt-Serv LOC,BCD-GEN,Telangana,SVS Med Coll Mehboobnagar,ORTHOPAEDICS,750000,Info not available,2000000,1,760
3,153304,Tel Govt-Serv LOC,BCB-GEN,Telangana,Osmania Med Coll Hyderabad,ANAESTHESIOLOGY,10000, 50686,2000000,1,4800
3,153349,Tel Govt-NS LOC,SC-GEN,Telangana,Apollo IMSR Hyderabad,MICROBIOLOGY,430000,Info not available,2000000,1,570
3,153606,Tel Govt-NS LOC,SC-GEN,Telangana,Govt Med Coll Suryapet,PHARMACOLOGY,10000, 50686,2000000,1,-
3,153806,Tel Govt-NS LOC,OPEN-GEN,Telangana,Govt Med Coll Nalgonda,BIOCHEMISTRY,10000, 50686,2000000,1,-
3,154377,Tel Govt-Serv LOC,SC-FEM,Telangana,Govt Med Coll Nizamabad,OBG,10000, 50686,2000000,1,500
3,154473,Tel Govt-Serv LOC,BCA-FEM,Telangana,Apollo IMSR Hyderabad,GENERAL MEDICINE,750000,Info not available,2000000,1,570
3,154491,Tel Govt-Serv LOC,OPEN-FEM,Telangana,Osmania Med Coll Hyderabad,PATHOLOGY,10000, 50686,2000000,1,4800
3,155536,Tel Govt-NS LOC,BCA-GEN,Telangana,Govt Med Coll Mahabubnagar,FORENSIC MEDICINE,10000, 50686,2000000,1,900
3,155581,Tel Govt-Serv LOC,SC-GEN,Telangana,Rajiv Gandhi IMS Adilabad,SPM,10000, 50686,2000000,1,Info Not Available
3,155741,Tel Govt-NS LOC,OPEN-FEM,Telangana,Rajiv Gandhi IMS Adilabad,PHYSIOLOGY,10000, 50686,2000000,1,Info Not Available
3,155746,Tel Govt-NS UNR,ST-FEM,Telangana,Kakatiya Med Coll Warangal,PHYSIOLOGY,10000, 50686,2000000,1,1150
3,157232,Tel Govt-Serv LOC,BCE-GEN,Telangana,Kamineni (KAMSRC) Hyderabad,PAEDIATRICS,700000,Info not available,2000000,1,650
3,157796,Tel Govt-Serv UNR,OPEN-FEM,Telangana,SVS Med Coll Mehboobnagar,GENERAL SURGERY,750000,Info not available,2000000,1,760
3,157876,Tel Govt-NS LOC,OPEN-GEN,Telangana,Dr Patnam MRInstofMSChevella,MICROBIOLOGY,430000,Info not available,2000000,1,-
3,158101,Tel Govt-NS LOC,BCA-FEM,Telangana,Mediciti IMS Ghanpur,MICROBIOLOGY,430000,Info not available,2000000,1,720
3,158326,Tel Govt-NS LOC,OPEN-GEN,Telangana,Kamineni (KAMSRC) Hyderabad,PHARMACOLOGY,430000,Info not available,2000000,1,650
3,158578,Tel Govt-Serv LOC,SC-GEN,Telangana,CAIMS Karimnagar,OBG,775000,Info not available,2000000,1,1000
3,158626,Tel Govt-Serv LOC,BCB-GEN,Telangana,Govt Med Coll Nizamabad,TBRD,10000, 50686,2000000,1,500
3,158725,Tel Govt-NS LOC,OPEN-GEN,Telangana,Govt Med Coll Nalgonda,BIOCHEMISTRY,10000, 50686,2000000,1,-
3,159222,Tel Govt-Serv LOC,BCC-GEN,Telangana,Osmania Med Coll Hyderabad,PSYCHIATRY,10000, 50686,2000000,1,4800
3,159407,Tel Govt-NS LOC,OPEN-GEN,Telangana,Govt Med Coll Nizamabad,ANATOMY,10000, 50686,2000000,1,500
3,159632,Tel Govt-NS LOC,OPEN-FEM,Telangana,CAIMS Karimnagar,PHARMACOLOGY,430000,Info not available,2000000,1,1000
3,159711,Tel Govt-NS UNR,ST-FEM,Telangana,Mediciti IMS Ghanpur,PSYCHIATRY,700000,Info not available,2000000,1,720
3,160039,Tel Govt-NS LOC,OPEN-GEN,Telangana,Rajiv Gandhi IMS Adilabad,PHYSIOLOGY,10000, 50686,2000000,1,Info Not Available
3,160052,Tel Govt-Serv LOC,OPEN-GEN,Telangana,Kamineni (KAMSRC) Hyderabad,SPM,430000,Info not available,2000000,1,650
3,160444,Tel Govt-NS LOC,OPEN-GEN,Telangana,Mahavir Inst of MS Vikarabad,PHARMACOLOGY,430000,Info not available,2000000,1,700
3,160903,Tel Govt-Serv LOC,BCB-GEN,Telangana,Osmania Med Coll Hyderabad,PATHOLOGY,10000, 50686,2000000,1,4800
3,161196,Tel Govt-Serv LOC,OPEN-GEN,Telangana,Kakatiya Med Coll Warangal,PATHOLOGY,10000, 50686,2000000,1,1150
3,161294,Tel Govt-Serv UNR,BCB-GEN,Telangana,MNR Med Coll Sangareddy,OBG,700000,Info not available,2000000,1,760
3,161416,Tel Govt-NS LOC,ST-GEN,Telangana,NIMS Hyderabad,BIOCHEMISTRY,72000, 99969,5000000,1,1498
3,161530,Tel Govt-Serv LOC,BCB-GEN,Telangana,CAIMS Karimnagar,SPM,430000,Info not available,2000000,1,1000
3,161582,Tel Govt-NS LOC,ST-GEN,Telangana,Osmania Med Coll Hyderabad,FORENSIC MEDICINE,10000, 50686,2000000,1,4800
3,161713,Tel Govt-NS LOC,OPEN-FEM,Telangana,Govt Med Coll Siddipet,PHARMACOLOGY,10000, 50686,2000000,1,-
3,162013,Tel Govt-Serv UNR,SC-FEM,Telangana,Kamineni IMS Narketpally,ORTHOPAEDICS,750000,Info not available,2000000,1,1060
3,162269,Tel Govt-Serv LOC,SC-GEN,Telangana,Govt Med Coll Nalgonda,FORENSIC MEDICINE,10000, 50686,2000000,1,-
3,162757,Tel Govt-NS LOC,OPEN-GEN,Telangana,Govt Med Coll Siddipet,ANATOMY,10000, 50686,2000000,1,-
3,162791,Tel Govt-Serv LOC,OPEN-GEN,Telangana,MNR Med Coll Sangareddy,ORTHOPAEDICS,700000,Info not available,2000000,1,760
3,163070,Tel Govt-NS LOC,OPEN-GEN,Telangana,RVM IMSRC Siddipet,BIOCHEMISTRY,170000,Info not available,2000000,1,1110
3,163450,Tel Govt-Serv LOC,OPEN-GEN,Telangana,CAIMS Karimnagar,ENT,775000,Info not available,2000000,1,1000
3,164046,Tel Govt-Serv LOC,OPEN-GEN,Telangana,Kamineni IMS Narketpally,ANAESTHESIOLOGY,750000,Info not available,2000000,1,1060
3,164395,Tel Govt-NS LOC,OPEN-GEN,Telangana,Govt Med Coll Nalgonda,PHYSIOLOGY,10000, 50686,2000000,1,-
3,164553,Tel Govt-NS LOC,SC-FEM,Telangana,Govt Med Coll Siddipet,FORENSIC MEDICINE,10000, 50686,2000000,1,-
3,165298,Tel Govt-Serv LOC,BCD-FEM,Telangana,CAIMS Karimnagar,GENERAL MEDICINE,775000,Info not available,2000000,1,1000
3,166076,Tel Govt-Serv LOC,BCA-GEN,Telangana,Kakatiya Med Coll Warangal,ANAESTHESIOLOGY,10000, 50686,2000000,1,1150
3,166258,Tel Govt-NS LOC,SC-GEN,Telangana,MNR Med Coll Sangareddy,MICROBIOLOGY,446500,Info not available,2000000,1,760
3,166377,Tel Govt-Serv UNR,OPEN-GEN,Telangana,Osmania Med Coll Hyderabad,PHARMACOLOGY,10000, 50686,2000000,1,4800
3,168664,Tel Govt-NS LOC,BCD-GEN,Telangana,Govt Med Coll Nizamabad,FORENSIC MEDICINE,10000, 50686,2000000,1,500
3,168939,Tel Govt-NS LOC,BCB-FEM,Telangana,Osmania Med Coll Hyderabad,BIOCHEMISTRY,10000, 50686,2000000,1,4800
3,169224,Tel Govt-NS LOC,OPEN-GEN,Telangana,Govt Med Coll Suryapet,PHYSIOLOGY,10000, 50686,2000000,1,-
3,169776,Tel Govt-NS LOC,OPEN-FEM,Telangana,RVM IMSRC Siddipet,SPM,430000,Info not available,2000000,1,1110
3,169794,Tel Govt-Serv LOC,OPEN-GEN,Telangana,Gandhi Med Coll Secunderabad,PHYSIOLOGY,10000, 50686,2000000,1,1200
3,169937,Tel Govt-Serv LOC,SC-FEM,Telangana,Osmania Med Coll Hyderabad,PSYCHIATRY,10000, 50686,2000000,1,4800
3,170014,Tel Govt-NS LOC,ST-GEN,Telangana,Malla Reddy IMS Hyderabad,ENT,700000,Info not available,2000000,1,940
3,170132,Tel Govt-NS LOC,ST-FEM,Telangana,Kakatiya Med Coll Warangal,PATHOLOGY,10000, 50686,2000000,1,1150
3,170217,Tel Govt-Serv LOC,OPEN-GEN,Telangana,Mahavir Inst of MS Vikarabad,OBG,700000,Info not available,2000000,1,700
3,170614,Tel Govt-NS LOC,MIN-GEN-MSM,Telangana,Shadan IMSRC Peerancheru,ANATOMY,200000,Info not available,2000000,1,800
3,170799,Tel Govt-NS LOC,OPEN-GEN,Telangana,Prathima IMS Karimnagar,SPM,462250,Info not available,2000000,1,1060
3,171035,Tel Govt-NS LOC,OPEN-FEM,Telangana,Malla Reddy(Women) Hyderabad,ANATOMY,170000,Info not available,2000000,1,1050
3,171239,Tel Govt-Serv LOC,SC-GEN,Telangana,Mediciti IMS Ghanpur,ANAESTHESIOLOGY,700000,Info not available,2000000,1,720
3,171262,Tel Govt-NS LOC,OPEN-FEM,Telangana,Mediciti IMS Ghanpur,PHYSIOLOGY,170000,Info not available,2000000,1,720
3,173915,Tel Govt-NS LOC,BCD-GEN,Telangana,Govt Med Coll Mahabubnagar,PHYSIOLOGY,10000, 50686,2000000,1,900
3,174382,Tel Govt-Serv LOC,OPEN-GEN,Telangana,Gandhi Med Coll Secunderabad,MICROBIOLOGY,10000, 50686,2000000,1,1200
3,174714,Tel Govt-NS LOC,BCE-FEM,Telangana,Dr Patnam MRInstofMSChevella,MICROBIOLOGY,430000,Info not available,2000000,1,-
3,174848,Tel Govt-NS LOC,BCB-GEN,Telangana,Gandhi Med Coll Secunderabad,FORENSIC MEDICINE,10000, 50686,2000000,1,1200
3,175462,Tel Govt-Serv LOC,OPEN-GEN,Telangana,Osmania Med Coll Hyderabad,DO,10000, 50686,1000000,1,4800
3,175717,Tel Govt-Serv LOC,ST-FEM,Telangana,Gandhi Med Coll Secunderabad,MICROBIOLOGY,10000, 50686,2000000,1,1200
3,175804,Tel Govt-NS LOC,BCB-GEN,Telangana,Gandhi Med Coll Secunderabad,PHARMACOLOGY,10000, 50686,2000000,1,1200
3,177667,Tel Govt-NS LOC,ST-GEN,Telangana,Prathima IMS Karimnagar,GENERAL SURGERY,750000,Info not available,2000000,1,1060
3,177998,Tel Govt-NS LOC,SC-FEM,Telangana,Govt Med Coll Suryapet,PHYSIOLOGY,10000, 50686,2000000,1,-
3,178091,Tel Govt-NS LOC,OPEN-GEN,Telangana,CAIMS Karimnagar,PHYSIOLOGY,200000,Info not available,2000000,1,1000
3,178420,Tel Govt-Serv LOC,OPEN-FEM,Telangana,Kakatiya Med Coll Warangal,ANAESTHESIOLOGY,10000, 50686,2000000,1,1150
3,178813,Tel Govt-NS LOC,SC-GEN,Telangana,Kakatiya Med Coll Warangal,BIOCHEMISTRY,10000, 50686,2000000,1,1150
3,178855,Tel Govt-Serv LOC,OPEN-GEN,Telangana,Malla Reddy IMS Hyderabad,ANAESTHESIOLOGY,700000,Info not available,2000000,1,940
3,178876,Tel Govt-Serv LOC,BCB-FEM,Telangana,Osmania Med Coll Hyderabad,OBG,10000, 50686,2000000,1,4800
3,179080,Tel Govt-NS LOC,ST-FEM,Telangana,Govt Med Coll Nizamabad,ORTHOPAEDICS,10000, 50686,2000000,1,500
3,179511,Tel Govt-NS LOC,OPEN-GEN,Telangana,Surabhi InstituteofMSSiddipet,MICROBIOLOGY,430000,Info not available,2000000,1,-
3,179640,Tel Govt-Serv LOC,OPEN-GEN,Telangana,Mamata Med Coll Khammam,PHYSIOLOGY,170000,Info not available,2000000,1,1080
3,180292,Tel Govt-NS LOC,BCE-GEN,Telangana,Mamata Med Coll Khammam,SPM,430000,Info not available,2000000,1,1080
3,181011,Tel Govt-NS LOC,ST-GEN,Telangana,Gandhi Med Coll Secunderabad,BIOCHEMISTRY,10000, 50686,2000000,1,1200
3,181098,Tel Govt-NS LOC,OPEN-GEN,Telangana,CAIMS Karimnagar,MICROBIOLOGY,430000,Info not available,2000000,1,1000
3,181900,Tel Govt-NS LOC,OPEN-FEM,Telangana,Prathima IMS Karimnagar,MICROBIOLOGY,462250,Info not available,2000000,1,1060
3,181919,Tel Govt-NS LOC,MIN-FEM-MSM,Telangana,DrVRK Womens MedCollAziznagar,SPM,430000,Info not available,2000000,1,500
3,182164,Tel Govt-NS LOC,SC-GEN,Telangana,Govt Med Coll Nizamabad,PHYSIOLOGY,10000, 50686,2000000,1,500
3,182282,Tel Govt-NS LOC,ST-GEN,Telangana,Bhaskar Med Coll Yenkapally,PSYCHIATRY,750000,Info not available,2000000,1,850
3,182312,Tel Govt-NS LOC,OPEN-GEN,Telangana,Surabhi InstituteofMSSiddipet,MICROBIOLOGY,430000,Info not available,2000000,1,-
3,182682,Tel Govt-Serv LOC,OPEN-GEN,Telangana,Apollo IMSR Hyderabad,OPHTHALMOLOGY,750000,Info not available,2000000,1,570
3,182727,Tel Govt-NS LOC,BCE-GEN,Telangana,Govt Med Coll Nalgonda,MICROBIOLOGY,10000, 50686,2000000,1,-
3,183097,Tel Govt-NS LOC,OPEN-GEN,Telangana,RVM IMSRC Siddipet,SPM,430000,Info not available,2000000,1,1110
3,183377,Tel Govt-Serv UNR,BCD-GEN,Telangana,Kakatiya Med Coll Warangal,MICROBIOLOGY,10000, 50686,2000000,1,1150
3,183413,Tel Govt-Serv LOC,OPEN-GEN,Telangana,Prathima IMS Karimnagar,OBG,750000,Info not available,2000000,1,1060
3,184751,Tel Govt-NS LOC,OPEN-GEN,Telangana,Mahavir Inst of MS Vikarabad,PHYSIOLOGY,170000,Info not available,2000000,1,700
3,184836,Tel Govt-NS UNR,SC-GEN,Telangana,SVS Med Coll Mehboobnagar,ANATOMY,180000,Info not available,2000000,1,760
3,185458,Tel Govt-NS LOC,BCE-FEM,Telangana,Govt Med Coll Nalgonda,FORENSIC MEDICINE,10000, 50686,2000000,1,-
3,185672,Tel Govt-NS LOC,BCB-GEN,Telangana,Govt Med Coll Nalgonda,PHARMACOLOGY,10000, 50686,2000000,1,-
3,185821,Tel Govt-Serv LOC,ST-GEN,Telangana,Malla Reddy IMS Hyderabad,OBG,700000,Info not available,2000000,1,940
3,186275,Tel Govt-NS LOC,BCD-GEN,Telangana,Osmania Med Coll Hyderabad,BIOCHEMISTRY,10000, 50686,2000000,1,4800
3,186316,Tel Govt-NS LOC,SC-FEM,Telangana,Govt Med Coll Siddipet,BIOCHEMISTRY,10000, 50686,2000000,1,-
3,186776,Tel Govt-Serv LOC,ST-GEN,Telangana,Osmania Med Coll Hyderabad,PATHOLOGY,10000, 50686,2000000,1,4800
3,187265,Tel Govt-NS LOC,OPEN-FEM,Telangana,RVM IMSRC Siddipet,PHARMACOLOGY,430000,Info not available,2000000,1,1110
3,187839,Tel Govt-Serv LOC,ST-GEN,Telangana,Malla Reddy(Women) Hyderabad,PSYCHIATRY,700000,Info not available,2000000,1,1050
3,188358,Tel Govt-NS LOC,OPEN-GEN,Telangana,Kamineni (KAMSRC) Hyderabad,PHYSIOLOGY,216000,Info not available,2000000,1,650
3,189744,Tel Govt-Serv LOC,BCA-GEN,Telangana,Mahavir Inst of MS Vikarabad,FORENSIC MEDICINE,430000,Info not available,2000000,1,700
3,190129,Tel Govt-Serv LOC,BCA-GEN,Telangana,Rajiv Gandhi IMS Adilabad,GENERAL SURGERY,10000, 50686,2000000,1,Info Not Available
3,190525,Tel Govt-NS LOC,OPEN-GEN,Telangana,RVM IMSRC Siddipet,PHARMACOLOGY,430000,Info not available,2000000,1,1110
3,190766,Tel Govt-NS LOC,BCB-GEN,Telangana,Gandhi Med Coll Secunderabad,PHYSIOLOGY,10000, 50686,2000000,1,1200
3,191412,Tel Govt-NS LOC,SC-FEM,Telangana,Kamineni (KAMSRC) Hyderabad,BIOCHEMISTRY,216000,Info not available,2000000,1,650
3,191503,Tel Govt-NS LOC,OPEN-FEM,Telangana,Govt Med Coll Suryapet,BIOCHEMISTRY,10000, 50686,2000000,1,-
3,192638,Tel Govt-Serv LOC,OPEN-GEN,Telangana,Gandhi Med Coll Secunderabad,PATHOLOGY,10000, 50686,2000000,1,1200
3,192967,Tel Govt-Serv LOC,OPEN-FEM,Telangana,Prathima IMS Karimnagar,GENERAL MEDICINE,750000,Info not available,2000000,1,1060
3,193014,Tel Govt-Serv LOC,BCA-GEN,Telangana,Govt Med Coll Siddipet,OPHTHALMOLOGY,10000, 50686,2000000,1,-
3,193391,Tel Govt-NS LOC,BCB-GEN,Telangana,Kakatiya Med Coll Warangal,BIOCHEMISTRY,10000, 50686,2000000,1,1150
3,194554,Tel Govt-NS LOC,BCB-GEN,Telangana,Govt Med Coll Nalgonda,PHYSIOLOGY,10000, 50686,2000000,1,-
3,194740,Tel Govt-NS LOC,ST-GEN,Telangana,Kamineni IMS Narketpally,HOSPITAL ADMINISTRATION,216000,Info not available,2000000,1,1060
3,195233,Tel Govt-Serv LOC,BCD-GEN,Telangana,Gandhi Med Coll Secunderabad,ANAESTHESIOLOGY,10000, 50686,2000000,1,1200
3,195594,Tel Govt-NS LOC,OPEN-FEM,Telangana,Prathima IMS Karimnagar,BIOCHEMISTRY,187000,Info not available,2000000,1,1060
3,195854,Tel Govt-Serv UNR,ST-GEN,Telangana,Osmania Med Coll Hyderabad,FORENSIC MEDICINE,10000, 50686,2000000,1,4800
3,196165,Tel Govt-Serv LOC,OPEN-FEM,Telangana,Surabhi InstituteofMSSiddipet,OBG,775000,Info not available,2000000,1,-
3,196231,Tel Govt-NS LOC,BCB-FEM,Telangana,Mahavir Inst of MS Vikarabad,PATHOLOGY,-,-,-,-,700
3,197179,Tel Govt-NS LOC,OPEN-GEN,Telangana,RVM IMSRC Siddipet,MICROBIOLOGY,430000,Info not available,2000000,1,1110
3,197945,Tel Govt-NS LOC,BCB-GEN,Telangana,Malla Reddy IMS Hyderabad,SPM,430000,Info not available,2000000,1,940
3,198203,Tel Govt-Serv LOC,BCB-GEN,Telangana,Osmania Med Coll Hyderabad,ORTHOPAEDICS,10000, 50686,2000000,1,4800
3,198499,Tel Govt-NS LOC,BCD-FEM,Telangana,Govt Med Coll Mahabubnagar,BIOCHEMISTRY,10000, 50686,2000000,1,900
3,199915,Tel Govt-NS LOC,ST-GEN,Telangana,Mediciti IMS Ghanpur,PATHOLOGY,430000,Info not available,2000000,1,720
